,artist_id,display_name,country,area,ra_status,gender,race,festivals_count,bookings_count,first_year,last_year,years_span
0,4150886557003824959,Space Dimension Controller,,,TOP1000,,,14,35,2011,2024,13
1,476457523249702758,Four Tet,United Kingdom,London,TOP1000,,,16,40,2012,2026,14
2,8517184809611088963,Levon Vincent,United States of America,New Jersey,TOP1000,,,18,41,2009,2023,14
3,5333841820103266160,Mala,United Kingdom,London,TOP1000,,,17,69,2007,2026,19
4,2129328423994230006,Nicolas Jaar,Chile,All,TOP1000,,,8,11,2011,2026,15
5,6233807917271461825,Moodymann,United States of America,Detroit,TOP1000,,,21,43,2008,2026,18
6,6155265419363170766,Gerd Janson,Germany,Frankfurt,TOP1000,,,34,95,2012,2026,14
7,3844605442700797978,Fatima Yamaha,Netherlands,Amsterdam,TOP1000,,,14,28,2015,2025,10
8,1636483253306768600,Interstellar Funk,Netherlands,Amsterdam,TOP1000,,,13,52,2014,2026,12
9,4011345790585818107,Jeremy Underground,France,Paris,TOP1000,,,19,47,2014,2026,12
10,4978356095577778632,Shanti Celeste,United Kingdom,West + Wales,TOP1000,,,39,118,2015,2026,11
11,2252785577226191476,Aksak Maboul,Belgium,Brussels,REGIONAL,,,2,2,2017,2017,0
12,781220250517072005,Powell,United Kingdom,London,REGIONAL,,,3,5,2016,2026,10
13,6246986923710860090,Willow,United Kingdom,North,TOP1000,,,22,41,2013,2026,13
14,5064879035337031358,Ana Helder,Argentina,All,REGIONAL,,,3,4,2018,2019,1
15,259950442785802970,Borusiade,Romania,All,REGIONAL,,,4,4,2017,2019,2
16,676365098857276407,Felix Dickinson,United Kingdom,South + East,REGIONAL,,,8,31,2014,2026,12
17,5071820879796640362,Essaie Pas,Canada,Montreal,REGIONAL,,,2,2,2018,2018,0
18,8240751414801840793,Rahaan,United States of America,Chicago,TOP1000,,,12,25,2008,2024,16
19,5935354699830738440,KOKOKO!,Democratic Republic of the Congo,All,REGIONAL,,,3,6,2018,2022,4
20,7912396457780829183,Lipelis,Russia,Moscow,TOP1000,,,2,2,2018,2022,4
21,8925579736133489570,Ross From Friends,United Kingdom,London,TOP1000,,,17,35,2017,2026,9
22,1175681806144331713,Job Jobse,Netherlands,Amsterdam,TOP1000,,,44,148,2013,2026,13
23,598688714503181993,Samo DJ,Sweden,All,REGIONAL,,,4,5,2016,2025,9
24,8024820016785523818,Satoshi Yamamura,France,Paris,REGIONAL,,,2,2,2019,2026,7
25,4975225653196084509,Severed Heads,Australia,Sydney,REGIONAL,,,1,1,2019,2019,0
26,4497721022494621408,Millos Kaiser,Brazil,Sao Paulo,REGIONAL,,,4,6,2019,2025,6
27,8369688138882155484,Nihiloxica,Uganda,All,REGIONAL,,,4,5,2019,2024,5
28,166804735152226276,Bambii,Canada,Toronto,REGIONAL,,,4,4,2020,2026,6
29,1620373178434973184,Coco Maria,Mexico,Monterrey,REGIONAL,,,11,24,2019,2026,7
30,3115594044604077956,Erika de Casier,Denmark,All,REGIONAL,,,11,17,2018,2025,7
31,8886161394613371086,Fenna Fiction,Netherlands,Amsterdam,REGIONAL,,,6,7,2018,2026,8
32,6408476625159148332,DJ Sports,Denmark,All,REGIONAL,,,3,3,2018,2020,2
33,7874086265164769773,Equiknoxx,Jamaica,All,REGIONAL,,,5,6,2017,2022,5
34,4867277731792480519,MSJY,Germany,Baden-Württemberg,REGIONAL,,,5,9,2021,2025,4
35,4333528387930828975,Sansibar,,,REGIONAL,,,14,24,2019,2026,7
36,8315476347779997731,DJ EZ,United Kingdom,London,TOP1000,,,13,24,2013,2026,13
37,6119912720053695193,Sedef Adasï,Turkey,Istanbul,REGIONAL,,,31,56,2022,2026,4
38,6548847115552515813,Efdemin,Germany,Berlin,TOP1000,,,11,27,2008,2026,18
39,9050647006246377875,The Ghost,United Kingdom,London,REGIONAL,,,16,49,2019,2026,7
40,3753459198617634262,Bambounou,France,Paris,TOP1000,,,24,43,2013,2025,12
41,5918907144957338854,Christoph Faust,Germany,Berlin,REGIONAL,,,1,1,2022,2022,0
42,3922751728968876699,Ampe,Belgium,Brussels,REGIONAL,,,5,8,2022,2026,4
43,806564369814021988,Daria Kolosova,Ukraine,All,REGIONAL,,,17,30,2022,2026,4
44,2107955956339880947,CEM,Germany,Berlin,REGIONAL,,,17,28,2019,2026,7
45,5244580395645940824,Chlär,Switzerland,All,REGIONAL,,,14,20,2023,2026,3
46,1650133301627441343,Marie Montexier,Germany,Berlin,REGIONAL,,,26,40,2020,2026,6
47,1305453588865268658,Ogazón,Luxembourg,All,REGIONAL,,,36,69,2019,2026,7
48,4653250827620288,Phemia,Belgium,Antwerp,REGIONAL,,,2,3,2025,2025,0
49,954591657826341146,dBridge,United Kingdom,London,TOP1000,,,14,51,2012,2026,14
50,3607903318494890332,Andy Martin,Mexico,Guadalajara,REGIONAL,,,6,6,2025,2026,1
51,5391932119365170935,Shoplifter,Belgium,Brussels,REGIONAL,,,3,3,2025,2026,1
52,2108513524066226775,Alarico,Italy,Milan,REGIONAL,,,10,15,2024,2026,2
53,5444936007829257207,UNOS,Belgium,All,REGIONAL,,,5,7,2024,2026,2
54,6126704643353680569,Benedikt Frey,Germany,Berlin,REGIONAL,,,3,5,2018,2026,8
55,7804646389866991831,Gavsborg,Jamaica,All,REGIONAL,,,6,6,2023,2026,3
56,9065956870867054178,Trois-Quarts Taxi System,France,Paris,REGIONAL,,,2,4,2025,2026,1
57,7847377300063488799,OKO DJ,France,Paris,REGIONAL,,,12,18,2018,2026,8
58,1439071489338798776,Trailcam,Canada,Toronto,REGIONAL,,,1,1,2026,2026,0
59,6024265722293930922,DRAMA SOURCE ARTIFACTS,Germany,Berlin,REGIONAL,,,1,1,2025,2025,0
60,1708496964233227758,Home Again Soundsystem,Germany,Berlin,REGIONAL,,,1,1,2025,2025,0
61,5765732905435226904,Kyle Toole,United Kingdom,London,REGIONAL,,,11,17,2023,2026,3
62,7532324876046388901,Nausicaä,Greece,All,REGIONAL,,,1,2,2025,2026,1
63,4545738092443943670,STOZ,Greece,Thessaloniki,REGIONAL,,,1,2,2025,2026,1
64,1702331563265179111,Velasco,United States of America,New York City,REGIONAL,,,7,10,2023,2026,3
65,4619472007038560885,Akaj,Slovenia,All,REGIONAL,,,3,8,2023,2026,3
66,8347846863246036576,Cassy,United Kingdom,London,TOP1000,,,20,27,2009,2026,17
67,2544539363413234741,LAMALICE,France,Marseille,REGIONAL,,,4,4,2024,2026,2
68,2946065824890328462,LEENI,Germany,Berlin,REGIONAL,,,1,1,2026,2026,0
69,3524084644541262906,XDB,Germany,Hannover,TOP1000,,,16,38,2010,2026,16
70,8573187154478916469,Fabio della Torre,Italy,Central,REGIONAL,,,2,2,2017,2022,5
71,8998410291406492017,Dukwa,Italy,Central,REGIONAL,,,1,1,2019,2019,0
72,7564658536681716714,Praslea,Romania,All,TOP1000,,,7,8,2015,2024,9
73,2626960105496980459,Priku,Romania,All,TOP1000,,,7,11,2015,2024,9
74,4720013225448093017,Shonky,France,French Riviera,TOP1000,,,13,20,2007,2026,19
75,8170644521122277916,Jitter (FR),France,South East,REGIONAL,,,1,1,2025,2025,0
76,2960717965217295956,Mira,Germany,Berlin,TOP1000,,,5,5,2020,2026,6
77,7843506403183171912,Suffused,Lithuania,All,REGIONAL,,,1,1,2015,2015,0
78,7564445045588948126,Ficture,Hungary,All,REGIONAL,,,1,1,2016,2016,0
79,1625597478367496120,Octal Industries,Estonia,All,REGIONAL,,,1,1,2017,2017,0
80,1064259506230404655,Papa Bo Selektah,Belarus,All,REGIONAL,,,1,3,2017,2018,1
81,7794456455328074772,SUFI,United Kingdom,London,REGIONAL,,,1,1,2017,2017,0
82,4174305170712950914,Whrikk,Netherlands,Amsterdam,REGIONAL,,,2,3,2018,2026,8
83,6987303394292431959,Bauri,Sweden,All,REGIONAL,,,1,2,2018,2018,0
84,8043589229314330204,Alvaro Cabana,Spain,Madrid,REGIONAL,,,1,1,2018,2018,0
85,2562157712844168843,DJ OK,Germany,Düsseldorf,REGIONAL,,,1,1,2018,2018,0
86,777844675033410327,Initial,United Kingdom,Midlands,REGIONAL,,,1,1,2018,2018,0
87,4512705159162468532,Pardon Moi,Germany,Berlin,REGIONAL,,,1,1,2019,2019,0
88,1463534612780237739,Jaroška,Lithuania,All,REGIONAL,,,1,1,2019,2019,0
89,5369067750130468586,Zakmina,Lithuania,All,REGIONAL,,,1,1,2019,2019,0
90,8192498790138285761,Zombies In Miami,Mexico,Aguascalientes,REGIONAL,,,7,8,2017,2025,8
91,5585155082673729660,Teatre,Lithuania,All,REGIONAL,,,1,1,2022,2022,0
92,3529621579682754990,DJ JM,Lithuania,All,REGIONAL,,,2,3,2022,2025,3
93,5685610542360167838,Hoisa,Ukraine,All,REGIONAL,,,1,1,2022,2022,0
94,1860957069918961623,Blackhaine,United Kingdom,Manchester,REGIONAL,,,2,2,2022,2023,1
95,2459553132877340649,Gábor Lázár,Hungary,All,REGIONAL,,,1,1,2023,2023,0
96,6406524094237560979,Lucinee,Germany,Berlin,REGIONAL,,,1,1,2023,2023,0
97,593096231173842380,Overmono,United Kingdom,West + Wales,REGIONAL,,,23,36,2017,2026,9
98,3698997790747362681,Adis Is OK,Hungary,Budapest,REGIONAL,,,1,3,2023,2025,2
99,1319725894005605138,Vatsanah,Hungary,All,REGIONAL,,,1,3,2023,2025,2
100,4260896067952124807,MAROSI,Hungary,Budapest,REGIONAL,,,1,1,2024,2024,0
101,1895687173264309596,DJ TOOL,Denmark,All,REGIONAL,,,5,5,2024,2025,1
102,8969984193441981569,Knoll,Hungary,All,REGIONAL,,,1,1,2025,2025,0
103,1723208332232615749,Kasper Marott,Denmark,All,REGIONAL,,,7,22,2016,2026,10
104,6171588308163794618,Bobby Garcia,Spain,Barcelona,REGIONAL,,,1,1,2018,2018,0
105,7856887205631352833,Vladimir Dynamo,Spain,East,REGIONAL,,,1,1,2018,2018,0
106,7929609815648497888,Toby,,,,,,15,60,2019,2026,7
107,3128683909453413689,Josh Tweek,United Kingdom,London,REGIONAL,,,5,14,2011,2025,14
108,1724153263851495140,Youandewan,Germany,Berlin,REGIONAL,,,8,17,2012,2025,13
109,4935882336394429256,Alvaro Medina,Spain,Madrid,REGIONAL,,,2,3,2024,2026,2
110,7424331465343197664,Enzo Leep,Spain,Barcelona,REGIONAL,,,2,6,2024,2026,2
111,4383601871111413596,Borja S,Spain,Bilbao,REGIONAL,,,1,2,2025,2026,1
112,5560930799590510973,B.Love,United Kingdom,London,REGIONAL,,,6,15,2022,2026,4
113,8559566317275515127,DPR (1),Brazil,All,REGIONAL,,,1,1,2025,2025,0
114,3308639066777645607,Lyumin,South Korea,All,REGIONAL,,,1,1,2025,2025,0
115,4833916722902778834,Abscal,Spain,South,REGIONAL,,,1,1,2026,2026,0
116,8133318027443092088,Avo (ES),Spain,Madrid,REGIONAL,,,1,1,2026,2026,0
117,2665264117572466158,Barac,Romania,Bucharest,TOP1000,,,1,1,2026,2026,0
118,6951663209173799544,Danilo Plessow,Germany,Stuttgart,REGIONAL,,,20,29,2021,2026,5
119,4764459598902153445,PAULA GM,Spain,Barcelona,REGIONAL,,,2,2,2025,2026,1
120,4602436433394014285,Greta,,,REGIONAL,,,1,1,2026,2026,0
121,1486907920195098251,ZEUS,Spain,Barcelona,REGIONAL,,,2,3,2024,2026,2
122,4046734257147453063,Annebel,Netherlands,Utrecht,REGIONAL,,,1,1,2024,2024,0
123,672850635141092796,Moody Mehran,Netherlands,Rotterdam,REGIONAL,,,9,19,2016,2026,10
124,7495893101250007048,Benny Rodrigues,Netherlands,Rotterdam,REGIONAL,,,10,33,2008,2026,18
125,7627178938029532792,Julie,Netherlands,All,REGIONAL,,,3,4,2023,2026,3
126,3037140747229397675,Matthew Dear,United States of America,Detroit,TOP1000,,,5,7,2007,2017,10
127,1478264313521222710,Lacuna,India,Other regions,REGIONAL,,,2,2,2007,2026,19
128,249239621360799208,LCD Soundsystem,United States of America,New Jersey,TOP1000,,,1,3,2007,2016,9
129,6883351224628459199,Simian Mobile Disco,United Kingdom,London,TOP1000,,,6,7,2007,2016,9
130,3729427093569348107,Troy Pierce,United States of America,Indiana,REGIONAL,,,2,2,2007,2012,5
131,3614130598962100809,UNKLE,United Kingdom,London,REGIONAL,,,2,3,2007,2010,3
132,7812633737861075522,Dave Clarke,United Kingdom,South + East,TOP1000,,,10,24,2007,2025,18
133,3944204974646851671,Mary Anne Hobbs,United Kingdom,Midlands,TOP1000,,,2,5,2007,2010,3
134,4545599782789293937,Olaf Boswijk,Netherlands,Amsterdam,REGIONAL,,,5,6,2007,2024,17
135,2921216300548004225,Battles,United States of America,New York City,REGIONAL,,,2,2,2007,2011,4
136,4522988115020999471,Sigur Rós,Iceland,All,REGIONAL,,,1,3,2008,2016,8
137,1246518090237500838,Sinden,United States of America,Los Angeles,REGIONAL,,,1,1,2008,2008,0
138,1936634464387796342,Fuck Buttons,United Kingdom,West + Wales,REGIONAL,,,3,3,2008,2014,6
139,4411674889389733369,Crystal Castles,Canada,Toronto,REGIONAL,,,1,2,2008,2011,3
140,1395262449863694445,Kraak,,,,,,1,1,2008,2008,0
141,7130007287484004190,Boemklatsch,Netherlands,Utrecht,REGIONAL,,,1,3,2008,2010,2
142,153158475724237706,Infadels,United Kingdom,London,REGIONAL,,,1,1,2008,2008,0
143,6275994835479088766,The Subs,Belgium,All,REGIONAL,,,3,3,2009,2012,3
144,8407295872241392183,Luciano,Switzerland,All,TOP1000,,,6,16,2006,2026,20
145,8231104708142807806,Audion,United States of America,Michigan,REGIONAL,,,5,6,2007,2017,10
146,880279389639660134,Kabale und Liebe,Netherlands,Amsterdam,REGIONAL,,,4,4,2009,2015,6
147,6497176873996453494,Silkie,United Kingdom,London,REGIONAL,,,2,20,2008,2026,18
148,1199401513708419501,The Gaslamp Killer,United States of America,Los Angeles,REGIONAL,,,4,9,2009,2013,4
149,8642807870838602107,Beach House,United States of America,Maryland,REGIONAL,,,1,1,2010,2010,0
150,5491618606987114936,Olene Kadar,Netherlands,All,REGIONAL,,,3,3,2010,2015,5
151,7165072620163862314,King Midas Sound,United Kingdom,London,REGIONAL,,,2,2,2010,2013,3
152,6219513701461018535,Skrillex,United States of America,Los Angeles,TOP1000,,,5,6,2011,2026,15
153,5588357896368484108,Warpaint,United States of America,California,REGIONAL,,,2,3,2011,2016,5
154,4283879670767552127,Mayer Hawthorne,United States of America,California,REGIONAL,,,2,3,2010,2011,1
155,6672604212822797576,OBEL,France,Lyon,REGIONAL,,,1,1,2011,2011,0
156,6655461256259961844,Visser,Netherlands,Amsterdam,REGIONAL,,,1,1,2011,2011,0
157,5119431621116507480,Borgore,Israel,All,REGIONAL,,,1,1,2011,2011,0
158,442726842941972404,Grooverider,United Kingdom,London,TOP1000,,,5,18,2011,2026,15
159,1671600570501454150,DJ Rashad,United States of America,Chicago,REGIONAL,,,1,1,2012,2012,0
160,5501246779932965052,Nobody Beats The Drum,Netherlands,Amsterdam,REGIONAL,,,1,1,2012,2012,0
161,1890658840924377147,Knife Party,United Kingdom,London,REGIONAL,,,1,1,2012,2012,0
162,4878019492781230398,Jasper Wolff,Netherlands,Amsterdam,REGIONAL,,,6,17,2011,2021,10
163,2608052147523425699,Benji B,United Kingdom,London,TOP1000,,,11,28,2010,2026,16
164,6880286714903114006,Henrik Schwarz,Germany,Berlin,TOP1000,,,15,42,2008,2025,17
165,6971100561014464005,Sun Araw,United States of America,Los Angeles,REGIONAL,,,2,2,2012,2023,11
166,6679316006410813390,EPROM,United States of America,San Francisco/Oakland,REGIONAL,,,1,1,2012,2012,0
167,1764747542333088220,Nina Kraviz,Russia,Moscow,TOP1000,,,21,80,2010,2026,16
168,1656095679703713924,CHVRCHES,United Kingdom,Scotland,REGIONAL,,,1,2,2013,2016,3
169,6992937734907520458,Know V.A.,Netherlands,Amsterdam,REGIONAL,,,1,1,2013,2013,0
170,4862658020166196751,TOKiMONSTA,United States of America,Los Angeles,TOP1000,,,2,2,2011,2013,2
171,3706640073158319516,Roots Manuva,United Kingdom,London,REGIONAL,,,3,6,2010,2015,5
172,8506238942799577166,Recondite,Germany,Berlin,TOP1000,,,13,30,2013,2025,12
173,493549010085492249,Hermitude,Australia,Sydney,REGIONAL,,,1,1,2016,2016,0
174,1122199607162422732,Death Grips,United States of America,San Francisco/Oakland,REGIONAL,,,1,1,2017,2017,0
175,2744602217784557516,METHYL ETHEL,Australia,Melbourne,REGIONAL,,,1,1,2017,2017,0
176,4844438875938146698,Nick Murphy,Australia,Melbourne,REGIONAL,,,1,1,2018,2018,0
177,2923073308390493760,San Holo,Netherlands,The Hague,REGIONAL,,,1,1,2018,2018,0
178,2456982040577978662,Sevdaliza,Netherlands,Rotterdam,REGIONAL,,,2,3,2018,2023,5
179,6927526567016671699,Avalon Emerson,United States of America,San Francisco/Oakland,TOP1000,,,28,57,2017,2026,9
180,8207737577758397793,Yung Feurich,Netherlands,Rotterdam,REGIONAL,,,1,1,2018,2018,0
181,5907438449549273993,Kaytranada,Canada,Montreal,REGIONAL,,,4,4,2014,2026,12
182,3060042600415855294,annna (2),Bulgaria,Sofia,REGIONAL,,,2,3,2022,2025,3
183,6799561507524444262,Deyan Dimitrov,Bulgaria,All,REGIONAL,,,1,2,2022,2023,1
184,3338887335400784006,Laylla Dane,Bulgaria,All,REGIONAL,,,3,6,2018,2024,6
185,2341160301892237668,Slavi Peev,Bulgaria,All,REGIONAL,,,1,3,2022,2024,2
186,5669243332673628914,DJ TEETH,Germany,Berlin,REGIONAL,,,2,4,2023,2025,2
187,1362412955109309012,MANASYt,Bulgaria,All,REGIONAL,,,1,1,2023,2023,0
188,5067049519932823097,TPR (DE),Germany,Berlin,REGIONAL,,,2,4,2023,2025,2
189,3768807061829492346,Appleblim,United Kingdom,London,REGIONAL,,,4,14,2008,2024,16
190,2046197563513643820,Demolition Man,United Kingdom,London,REGIONAL,,,1,1,2010,2010,0
191,3281618917881728558,Mr J Cutter,United Kingdom,London,REGIONAL,,,1,1,2010,2010,0
192,6241630586935608559,Ramon Judah,United Kingdom,London,REGIONAL,,,1,1,2010,2010,0
193,2700667206815215211,Mad Professor,United Kingdom,London,REGIONAL,,,11,20,2010,2026,16
194,242560485410461864,Radikal Guru,Poland,All,REGIONAL,,,2,7,2010,2014,4
195,5052759405649113385,Biome,United Kingdom,North,REGIONAL,,,2,9,2011,2023,12
196,9088875121181417229,Hidden Orchestra,United Kingdom,Scotland,REGIONAL,,,1,1,2011,2011,0
197,1138111850877402527,Locked Groove,Belgium,All,TOP1000,,,6,12,2012,2019,7
198,1953551877139402420,Machinedrum,United States of America,New York City,TOP1000,,,6,15,2012,2019,7
199,2379276250525997419,Tom Middleton,United Kingdom,London,REGIONAL,,,4,6,2012,2026,14
200,1167787841954860986,Kassem Mosse,Germany,Saxony,TOP1000,,,7,9,2012,2023,11
201,1734753823402351162,Untold,United Kingdom,London,REGIONAL,,,3,5,2012,2015,3
202,1896974262541732776,Kuedo,Germany,Berlin,REGIONAL,,,2,2,2010,2012,2
203,6799466278466975224,Mosca,United Kingdom,London,REGIONAL,,,4,5,2012,2013,1
204,4595336036903682310,Stamina MC,United Kingdom,London,REGIONAL,,,4,10,2012,2023,11
205,5577719248640965867,Trojan Sound,United Kingdom,London,REGIONAL,,,3,4,2012,2018,6
206,4905989942487844166,Fantastic Mr Fox,United Kingdom,London,REGIONAL,,,2,2,2012,2012,0
207,4778543334996456127,Gorgon Sound,United Kingdom,West + Wales,REGIONAL,,,1,2,2012,2015,3
208,7075289851974901816,Asco879,France,South East,REGIONAL,,,1,1,2012,2012,0
209,6514139160175681484,Enei,Russia,Saint Petersburg,REGIONAL,,,2,5,2013,2022,9
210,7565100369914041493,Marcus Visionary,Canada,Toronto,REGIONAL,,,1,1,2013,2013,0
211,5754506527020231739,Applebottom,United Kingdom,London,REGIONAL,,,2,3,2013,2015,2
212,1649643755724812322,Skeptical,United Kingdom,London,REGIONAL,,,5,24,2013,2026,13
213,1350522798566969625,Goth-Trad,Japan,Tokyo,TOP1000,,,1,7,2014,2026,12
214,3748535487002092438,Badbadnotgood,United Kingdom,London,REGIONAL,,,4,4,2015,2025,10
215,4826444456014908616,Big Narstie,United Kingdom,London,REGIONAL,,,1,2,2015,2015,0
216,8866795637188343218,Maztek,Italy,Central,REGIONAL,,,1,1,2015,2015,0
217,6530217171811157510,Matt Jam Lamont,United Kingdom,London,REGIONAL,,,3,5,2015,2022,7
218,7181789522383214859,Chopstick,Germany,Berlin,REGIONAL,,,1,1,2015,2015,0
219,5259975502241334828,Hyroglifics,United Kingdom,London,REGIONAL,,,1,2,2015,2022,7
220,4572961654276373383,DJ Haus,United Kingdom,London,REGIONAL,,,1,1,2015,2015,0
221,3926573298578715364,Slimzee,United Kingdom,London,REGIONAL,,,4,10,2015,2026,11
222,990569509132572574,DJ Milktray,United Kingdom,Scotland,REGIONAL,,,1,1,2015,2015,0
223,4736422478946014026,AJ Tracey,United Kingdom,London,TOP1000,,,3,6,2016,2018,2
224,558742620552976940,James Cripps,Australia,Sydney,REGIONAL,,,1,1,2016,2016,0
225,8769663982406342509,Children of Zeus,United Kingdom,Manchester,REGIONAL,,,9,22,2017,2025,8
226,4250887753962173407,Murlo,United Kingdom,London,REGIONAL,,,1,1,2017,2017,0
227,6731962877324860290,TQD,United Kingdom,Leeds,REGIONAL,,,2,2,2017,2017,0
228,5324081821885292247,Fixate,United Kingdom,London,REGIONAL,,,3,14,2016,2025,9
229,5104862179246202878,BCee,United Kingdom,London,REGIONAL,,,1,3,2018,2019,1
230,3019595463698362743,Sicaria Sound,United Kingdom,London,REGIONAL,,,8,15,2018,2022,4
231,6769591628251731356,Red Eye HiFi,United Kingdom,North,REGIONAL,,,1,1,2018,2018,0
232,8526269523969227915,24hr Garage Girls,United Kingdom,West + Wales,REGIONAL,,,2,4,2018,2020,2
233,8864514796126438810,AOB,United Kingdom,London,REGIONAL,,,1,1,2018,2018,0
234,475097611298205043,Coops,Australia,Melbourne,REGIONAL,,,2,5,2018,2022,4
235,132566584964221613,Blocks,United Kingdom,London,REGIONAL,,,1,2,2018,2018,0
236,9194886696442859749,Nadia Rose,United Kingdom,London,REGIONAL,,,3,5,2016,2019,3
237,323311463690984650,Peanut Butter Wolf,United States of America,Los Angeles,REGIONAL,,,2,3,2018,2018,0
238,4789947678330980092,DJ Randall,United Kingdom,London,REGIONAL,,,3,6,2018,2024,6
239,2010677952065740796,Mike Delinquent,United Kingdom,London,REGIONAL,,,1,1,2018,2018,0
240,5358279024113570203,Tonn Piper,United Kingdom,London,REGIONAL,,,2,2,2018,2018,0
241,2152117299778531458,Ghetts,United Kingdom,London,REGIONAL,,,3,4,2017,2025,8
242,6050198416442146421,Emerald,United Kingdom,London,REGIONAL,,,7,9,2019,2026,7
243,7237674137807302136,Redeyes,France,Central,REGIONAL,,,1,2,2019,2023,4
244,5156884110781803736,Double O,United Kingdom,London,REGIONAL,,,7,13,2019,2026,7
245,2504244996379579162,Yazzus,United Kingdom,London,REGIONAL,,,13,16,2020,2025,5
246,1574379613208334750,Buer,United Kingdom,London,REGIONAL,,,1,3,2020,2022,2
247,1215839201347393673,Fabio,United Kingdom,London,TOP1000,,,4,10,2019,2026,7
248,106535065632441342,Ila Brugal,Italy,Florence,REGIONAL,,,2,5,2020,2024,4
249,9150920047137978668,KRYOMAN,United States of America,Los Angeles,REGIONAL,,,1,3,2020,2022,2
250,6279748720286448743,Ramsez,Netherlands,Eindhoven,REGIONAL,,,1,2,2020,2021,1
251,8705786434379856974,Vixen Sound,United Kingdom,Glasgow,REGIONAL,,,1,3,2021,2022,1
252,1117037991879673832,MC Toast,United Kingdom,London,REGIONAL,,,1,1,2021,2021,0
253,8999706319259595757,Charlotte Devaney,United Kingdom,London,REGIONAL,,,1,3,2022,2023,1
254,2861922705161096326,Hypho,United Kingdom,Manchester,REGIONAL,,,1,1,2022,2022,0
255,4582740954948784736,Ross Ross,United Kingdom,London,REGIONAL,,,1,1,2022,2022,0
256,5970865810273417586,Tailor Jae,United Kingdom,London,REGIONAL,,,3,5,2022,2025,3
257,9150023420282851754,Ifeoluwa,Belgium,All,REGIONAL,,,3,5,2022,2025,3
258,79348843029675716,Rider Shafique,United Kingdom,London,REGIONAL,,,1,1,2022,2022,0
259,4416079551923241170,The Groove Family,,,,,,2,3,2020,2022,2
260,4255970922206931368,gyrofield,United Kingdom,Bristol,REGIONAL,,,7,10,2022,2026,4
261,9048103452954818793,Katbrownsugar,United Kingdom,North,REGIONAL,,,1,1,2022,2022,0
262,1357721616809520375,Rosie Riot,United Kingdom,London,REGIONAL,,,1,1,2022,2022,0
263,3211740769989771879,Saint Ludo,,,REGIONAL,,,3,4,2022,2026,4
264,3338196870778843529,Squarewave,United States of America,Tennessee,REGIONAL,,,1,1,2022,2022,0
265,3691686737852282405,Ama (UK),United Kingdom,London,REGIONAL,,,1,2,2023,2024,1
266,7513264683189038231,Chloé Robinson,United Kingdom,London,REGIONAL,,,2,2,2023,2023,0
267,6496745303230561439,Strategy,United States of America,Portland,REGIONAL,,,2,3,2023,2026,3
268,4863050993998582457,MPH (1),United Kingdom,South + East,REGIONAL,,,6,6,2023,2026,3
269,4717060104175490837,Bitter Babe,Colombia,Bogotá,REGIONAL,,,18,23,2023,2026,3
270,9085114587168044234,Main Phase,Denmark,Copenhagen,REGIONAL,,,9,10,2023,2026,3
271,2572960321542178920,A For Alpha,United Kingdom,Bristol,REGIONAL,,,9,12,2022,2026,4
272,6813278342196477913,Bushbby,,,REGIONAL,,,5,7,2022,2026,4
273,4574294501688678737,Disaffected,United Kingdom,Bristol,REGIONAL,,,1,3,2024,2024,0
274,2251870861819719665,Ell Murphy,United Kingdom,London,REGIONAL,,,7,11,2022,2025,3
275,7211428815777548917,LOTU (UK),United Kingdom,Bristol,REGIONAL,,,1,2,2024,2025,1
276,1049150090082849506,Marie Midori,Germany,Berlin,REGIONAL,,,1,2,2024,2024,0
277,7223312157441938971,Muhla,United Kingdom,Bristol,REGIONAL,,,1,1,2024,2024,0
278,7080936903583611243,zenwerk,Poland,Warsaw,REGIONAL,,,1,1,2024,2024,0
279,5600510898852833022,aist (LT),Lithuania,Vilnius,REGIONAL,,,1,1,2024,2024,0
280,3364362146186313006,MJK,United Kingdom,London,REGIONAL,,,7,9,2024,2026,2
281,3520789935990636611,Kibo,United Kingdom,London,REGIONAL,,,2,4,2024,2026,2
282,1446135217413482862,Medis,United Kingdom,Bristol,REGIONAL,,,2,2,2024,2025,1
283,5007999962222999780,Pacemaker,United Kingdom,London,REGIONAL,,,1,1,2024,2024,0
284,6272324068182538289,Coco Em,Kenya,All,REGIONAL,,,2,2,2023,2025,2
285,7735247116969413102,Marla Kether,United Kingdom,London,REGIONAL,,,2,2,2025,2025,0
286,4677023158825152254,Sharnie,United Kingdom,Birmingham,REGIONAL,,,2,2,2025,2026,1
287,1745017493170519901,Feena,United Kingdom,Scotland,REGIONAL,,,1,1,2025,2025,0
288,6667730133399335753,FENDI-K,United Kingdom,London,REGIONAL,,,1,1,2025,2025,0
289,882982643463070880,FURIOUS STYLES,United Kingdom,South + East,REGIONAL,,,1,1,2025,2025,0
290,2779774644892508676,Dirti Larita,Spain,Barcelona,REGIONAL,,,1,1,2025,2025,0
291,239750757819086802,DJ2D2,Spain,Barcelona,REGIONAL,,,1,1,2025,2025,0
292,3392587264129436213,SI*BL,United Kingdom,London,REGIONAL,,,1,1,2026,2026,0
293,5744578110839895495,Root (2),Germany,Frankfurt,REGIONAL,,,1,1,2026,2026,0
294,7133345717930597489,Henry Greenleaf,United Kingdom,West + Wales,REGIONAL,,,1,1,2026,2026,0
295,4589706434482340737,Joe Armon-Jones,United Kingdom,London,REGIONAL,,,8,11,2019,2026,7
296,3571394140788460071,severine,United Kingdom,Bristol,REGIONAL,,,1,1,2026,2026,0
297,7781151672276711439,Elliot Schooling,United Kingdom,London,REGIONAL,,,6,62,2017,2026,9
298,1956877433992307518,Harry McCanna,United Kingdom,London,REGIONAL,,,10,23,2016,2026,10
299,4706587858224555806,Black Loops,Italy,Central,REGIONAL,,,3,5,2019,2026,7
300,3872065355194106795,Benjamin Berg,Netherlands,Amsterdam,REGIONAL,,,3,5,2022,2025,3
301,6842168671483134140,Jansons,United Kingdom,London,REGIONAL,,,2,2,2023,2025,2
302,2894272543293336718,Peter LC,Italy,Milan,REGIONAL,,,1,1,2023,2023,0
303,1916866387954185528,The Martinez Brothers,United States of America,New York City,TOP1000,,,9,18,2011,2025,14
304,1237372192295739528,DJ Minx,United States of America,Detroit,TOP1000,,,5,5,2020,2024,4
305,4050228087678645185,Airrica,United States of America,Los Angeles,REGIONAL,,,3,4,2023,2024,1
306,1338544662415744201,Kirollus,United Kingdom,London,REGIONAL,,,11,18,2022,2026,4
307,3441059516496869944,Luuk van Dijk,Netherlands,Amsterdam,REGIONAL,,,9,25,2016,2026,10
308,7041688759966208136,Gaskin,United Kingdom,North,REGIONAL,,,4,17,2024,2026,2
309,4150497515810451199,Yass,Tunisia,All,REGIONAL,,,1,1,2024,2024,0
310,2535670044559203062,L.P. Rhythm,United Kingdom,North,REGIONAL,,,4,15,2024,2026,2
311,449071960454140697,LILI,United Kingdom,London,REGIONAL,,,1,3,2025,2026,1
312,4038829771716189850,Franky Rizardo,Netherlands,Amsterdam,REGIONAL,,,6,7,2025,2026,1
313,3407419801919170494,Benji King,United Kingdom,London,REGIONAL,,,4,6,2025,2026,1
314,4956257672779070848,Rennie Peters,United Kingdom,London,REGIONAL,,,2,4,2025,2026,1
315,7412571610001136823,Mazos,United Kingdom,London,REGIONAL,,,2,4,2025,2026,1
316,7468265410154064352,Riordan,United Kingdom,London,REGIONAL,,,5,6,2025,2026,1
317,428814699641376867,ACA (YU),Spain,Ibiza,REGIONAL,,,3,3,2025,2026,1
318,751396200648856763,Smokey Bubblin' B,United Kingdom,London,REGIONAL,,,4,4,2026,2026,0
319,9112336315590586200,HORS-SOL,France,Paris,REGIONAL,,,3,83,2017,2026,9
320,9125648687352149928,Nicol,France,Paris,REGIONAL,,,1,2,2018,2019,1
321,2050240985127852242,Mamie's,France,Paris,REGIONAL,,,3,3,2018,2020,2
322,3099759558390873872,LeLeon,France,Paris,REGIONAL,,,2,2,2019,2025,6
323,3775558500277236753,Aubry,France,Paris,REGIONAL,,,1,1,2019,2019,0
324,2772659125001470029,Ramona Yacef,Italy,North,REGIONAL,,,2,2,2020,2025,5
325,5810750753698717460,Maryu,France,Paris,REGIONAL,,,1,15,2020,2026,6
326,2641497139457696618,Rohmi,France,Central,REGIONAL,,,1,1,2020,2020,0
327,2461485744601933167,I:Cube,France,Paris,TOP1000,,,3,4,2018,2023,5
328,2576963009773004517,Massimiliano Pagliara,Italy,South,TOP1000,,,11,13,2016,2026,10
329,8565820081035336298,Sentiments,France,Lyon,REGIONAL,,,3,7,2014,2022,8
330,2925962660017103516,Blanco,France,Paris,REGIONAL,,,1,1,2021,2021,0
331,6217263428326209108,Byron Yeates,,,REGIONAL,,,15,17,2022,2026,4
332,7530940344621580034,Ina Kacz,France,North,REGIONAL,,,1,1,2022,2022,0
333,1317665573133616459,Vincent Privat,France,Paris,REGIONAL,,,2,2,2019,2022,3
334,1234775320880733270,IN2STELLAR,Australia,Melbourne,REGIONAL,,,2,3,2022,2024,2
335,846747079895071325,Angel D'lite,United Kingdom,London,REGIONAL,,,24,35,2022,2026,4
336,147930731633278858,Baraka,,,,,,2,5,2023,2024,1
337,2261358374377000587,Eversines,Netherlands,Rotterdam,REGIONAL,,,9,15,2021,2026,5
338,5087267611912299260,Mimi (CTW Podcasts),France,Lyon,REGIONAL,,,2,2,2023,2023,0
339,8631854934172245098,Hannah D,Australia,Brisbane,REGIONAL,,,2,3,2024,2024,0
340,1893310613156470857,Ubik (Fr),France,Paris,REGIONAL,,,1,2,2024,2025,1
341,7020062789899657304,Olsvangèr,Germany,Berlin,REGIONAL,,,2,2,2024,2025,1
342,975981288169547240,Youl,France,West,REGIONAL,,,2,2,2023,2024,1
343,101274567161890262,Subsism,France,Paris,REGIONAL,,,2,5,2023,2025,2
344,1218101726695583578,Eoin DJ,Ireland,Galway,REGIONAL,,,5,5,2024,2026,2
345,4790344090526455111,Maelita,France,Lyon,REGIONAL,,,3,4,2021,2025,4
346,5051208023583910736,ANNX,United Kingdom,London,REGIONAL,,,4,6,2024,2026,2
347,6141772709785891519,Caroune,United Kingdom,London,REGIONAL,,,1,1,2026,2026,0
348,8749439846232488062,Jonnnah,France,Lyon,REGIONAL,,,1,1,2026,2026,0
349,8403381277638772688,Gabbor,France,Paris,REGIONAL,,,2,2,2026,2026,0
350,1123457905242409623,Pierre Paris,France,West,REGIONAL,,,1,3,2015,2016,1
351,9069183232384150290,Octogone,France,Paris,REGIONAL,,,1,1,2015,2015,0
352,1993322609319195187,Henning Baer,Germany,Berlin,TOP1000,,,7,7,2014,2026,12
353,6041062375781991167,Birds of Mind,France,Paris,REGIONAL,,,2,3,2017,2021,4
354,3352166373051088594,Hendriks,United Kingdom,North,REGIONAL,,,1,1,2017,2017,0
355,1804822957063291105,Kalipo,Germany,Berlin,REGIONAL,,,2,2,2017,2019,2
356,5271665572243363407,Syntonos,Ukraine,Kyiv,REGIONAL,,,1,1,2023,2023,0
357,2690030569983374760,Just Yasmine,Egypt,All,REGIONAL,,,1,1,2025,2025,0
358,7911445945230609964,Break A Leg,France,Paris,REGIONAL,,,1,5,2025,2026,1
359,9132508315803222996,Loves_kills,Ukraine,All,REGIONAL,,,1,1,2025,2025,0
360,4122141891892265172,BLANKA,Spain,South,REGIONAL,,,7,8,2025,2026,1
361,6174683579240073459,Charleeps,France,Paris,REGIONAL,,,1,1,2025,2025,0
362,7315031117565714189,Just1,France,French Riviera,REGIONAL,,,3,3,2024,2026,2
363,8161508183640218463,Alek Sis,Germany,Berlin,REGIONAL,,,1,1,2025,2025,0
364,573019428182690306,Emok,Denmark,All,REGIONAL,,,2,5,2018,2025,7
365,8649631967936390340,Kahl,,,,,,1,1,2025,2025,0
366,7190445808654966423,Xiaolin,,,REGIONAL,,,6,6,2026,2026,0
367,7142695772239572582,Marie Malarie,United Kingdom,London,REGIONAL,,,10,21,2021,2026,5
368,4912058275621036092,Hayashi,France,Paris,REGIONAL,,,1,1,2026,2026,0
369,7354847587182887705,Ektoplast,,,REGIONAL,,,1,1,2026,2026,0
370,6155693988657834596,Asaya,France,Paris,REGIONAL,,,1,1,2026,2026,0
371,6701882162872793712,Zadig,France,Paris,TOP1000,,,6,8,2014,2026,12
372,5171527593291997621,Tom Bini,Italy,South,REGIONAL,,,1,1,2026,2026,0
373,7019970793174155162,Mathiou,France,Paris,REGIONAL,,,1,1,2026,2026,0
374,6850086053687045831,MNBOO,France,Paris,REGIONAL,,,1,1,2026,2026,0
375,5925199104420864114,Ey.rah,France,Paris,REGIONAL,,,1,1,2026,2026,0
376,4174462636968713398,Dave Huismans,Netherlands,Utrecht,REGIONAL,,,7,15,2009,2026,17
377,2840377484908611985,Mind Against,Italy,North,TOP1000,,,18,46,2014,2026,12
378,3823052372796384819,Matrixxman,Germany,Berlin,TOP1000,,,7,23,2015,2026,11
379,8856045250893485393,Deirdre Direktor,United States of America,New York City,REGIONAL,,,1,3,2018,2019,1
380,7950177525126027506,Ekman,Netherlands,Eindhoven,REGIONAL,,,3,4,2015,2021,6
381,5245058969335258633,Lenson,Netherlands,Rotterdam,REGIONAL,,,1,4,2018,2019,1
382,2832597848032046747,Sync 24,United Kingdom,London,REGIONAL,,,1,2,2019,2019,0
383,1345192674470737498,Urban Space Electronics,Netherlands,The Hague,REGIONAL,,,1,3,2019,2022,3
384,8397519060860435316,B12,United Kingdom,London,REGIONAL,,,4,5,2019,2026,7
385,6483235963016358671,Resom,Germany,Berlin,TOP1000,,,7,11,2015,2025,10
386,6150276034162588602,Ben Sims,United Kingdom,London,TOP1000,,,16,44,2008,2026,18
387,3076349309554881094,E.R.P.,,,REGIONAL,,,1,2,2021,2022,1
388,9013325333009572399,Awesome Tapes From Africa,United States of America,Los Angeles,TOP1000,,,13,22,2014,2023,9
389,1147660936286703591,BAD NEWS,France,Central,REGIONAL,,,1,2,2021,2022,1
390,2528511467521956591,An-i,Germany,Berlin,REGIONAL,,,2,3,2018,2022,4
391,6046180250617455835,ISAbella,Colombia,Cali,TOP1000,,,27,59,2016,2026,10
392,4328341205232554208,Loud E,Netherlands,Rotterdam,REGIONAL,,,3,4,2017,2023,6
393,5005622706014497669,Patient (MT),Malta,All,REGIONAL,,,6,9,2024,2025,1
394,4391827839575302550,SHDW,Germany,Stuttgart,TOP1000,,,7,13,2017,2026,9
395,6809417437755626365,ESG,United States of America,New York City,REGIONAL,,,3,4,2006,2024,18
396,7747321762060154552,Aba Shanti-I,United Kingdom,London,REGIONAL,,,10,14,2014,2026,12
397,867698129323138054,Folamour,France,Paris,TOP1000,,,15,35,2015,2026,11
398,2475172170712364817,Sarah/Shaun,United Kingdom,Edinburgh,REGIONAL,,,1,1,2026,2026,0
399,99371014174048691,Shaka Loves You,United Kingdom,Scotland,REGIONAL,,,1,1,2026,2026,0
400,965184920318704409,Voyager,Georgia,Tbilisi,REGIONAL,,,1,2,2025,2026,1
401,3116323228262181614,Lukas Wigflex,United Kingdom,Midlands,REGIONAL,,,10,44,2016,2026,10
402,7468114188358995882,Annie Errez,United Kingdom,North,REGIONAL,,,3,20,2012,2026,14
403,7081899008249823147,Jive Talk,United Kingdom,London,REGIONAL,,,4,21,2017,2026,9
404,7168271138098095518,Rick Maia,Spain,Barcelona,REGIONAL,,,3,4,2014,2017,3
405,5509485381475268734,Stefano Noferini,Italy,Central,REGIONAL,,,1,3,2014,2015,1
406,8306200834636453431,Jeane Isadou,Netherlands,Amsterdam,REGIONAL,,,1,1,2014,2014,0
407,8056733687115240885,Eric Sneo,Germany,Augsburg,REGIONAL,,,1,1,2014,2014,0
408,276711740194342021,Daniel Zuur,Netherlands,Amsterdam,REGIONAL,,,2,2,2014,2019,5
409,6088200815332262441,Rauwkost,Netherlands,Amsterdam,REGIONAL,,,1,1,2014,2014,0
410,2299582610322084040,Paul Ritch,France,Paris,REGIONAL,,,5,11,2009,2019,10
411,1696630771712793954,Andre Buljat,Germany,Cologne,REGIONAL,,,4,5,2015,2025,10
412,8832210616392836605,Leonardo Gonnelli,Italy,Central,REGIONAL,,,1,1,2015,2015,0
413,977436340506004714,Kirk Degiorgio,United Kingdom,London,REGIONAL,,,4,7,2010,2023,13
414,5337900734017810031,Boris Werner,Netherlands,Amsterdam,REGIONAL,,,6,16,2007,2024,17
415,7782440416610608031,Roberto Capuano,Italy,South,REGIONAL,,,2,3,2018,2019,1
416,1541710158585430872,Dubfire,United States of America,Washington DC,TOP1000,,,6,21,2009,2024,15
417,5603326649072393596,Solardo,United Kingdom,London,TOP1000,,,3,4,2017,2023,6
418,3596667975213088623,Hollt,Netherlands,Amsterdam,REGIONAL,,,1,9,2023,2025,2
419,6082490114118291413,Cleric,United Kingdom,Manchester,TOP1000,,,4,5,2017,2025,8
420,6939114666520161339,Kimman,Belgium,Brussels,REGIONAL,,,1,1,2024,2024,0
421,338770615798062326,Huminal,Netherlands,Amsterdam,REGIONAL,,,2,3,2024,2025,1
422,5405904395425556564,Maxim Lany,Belgium,All,REGIONAL,,,3,3,2018,2024,6
423,8501653504313510126,Dyzen,Italy,South,REGIONAL,,,1,1,2024,2024,0
424,5297002905642968492,Cynthia Spiering,Netherlands,Rotterdam,REGIONAL,,,3,5,2024,2026,2
425,7891425322194506026,Locus Error,Netherlands,All,REGIONAL,,,3,9,2022,2026,4
426,7526959076990716465,LB aka LABAT,France,Paris,REGIONAL,,,10,21,2016,2026,10
427,69931310554235359,EMJIE,Belgium,Brussels,REGIONAL,,,2,2,2023,2025,2
428,8974285659480924679,LAMMER,Netherlands,Rotterdam,REGIONAL,,,5,8,2025,2026,1
429,2277921584929244512,Merel Helderman,Netherlands,Amsterdam,REGIONAL,,,3,4,2025,2026,1
430,9106556547708881974,NewTone,Netherlands,Amsterdam,REGIONAL,,,3,3,2025,2026,1
431,4714446183352570464,AUTOFLOWER,Netherlands,All,REGIONAL,,,1,1,2026,2026,0
432,1357634240442657190,DJ Westfa,Germany,Berlin,REGIONAL,,,1,1,2026,2026,0
433,8690111491398289117,Surf 2 Glory,Germany,Berlin,REGIONAL,,,3,3,2024,2026,2
434,5170771452204814280,Micky Hurts,Netherlands,Amsterdam,REGIONAL,,,1,1,2026,2026,0
435,5031393870944669349,Moses Boyd Exodus,United Kingdom,London,REGIONAL,,,1,1,2021,2021,0
436,5615631853899826375,Underground Resistance,United States of America,Detroit,REGIONAL,,,6,11,2013,2026,13
437,6121289569432453806,Jyoty,Netherlands,Amsterdam,REGIONAL,,,7,12,2023,2026,3
438,4136294671428912487,Farsight,United States of America,San Francisco/Oakland,REGIONAL,,,1,2,2024,2024,0
439,289751716261653763,Baby J (2),Australia,Perth,REGIONAL,,,1,2,2025,2025,0
440,8931985181757662023,XS BULLY,Spain,Madrid,REGIONAL,,,1,1,2025,2025,0
441,5158746698195848093,ORBE,Spain,Madrid,REGIONAL,,,3,6,2018,2026,8
442,2136822717474045929,Álvaro Mesa,Spain,Ibiza,REGIONAL,,,1,1,2019,2019,0
443,6944502733475581534,Denis Horvat,Denmark,All,TOP1000,,,4,9,2017,2025,8
444,8939874342998371387,Robag Wruhme,Germany,Jena,TOP1000,,,12,17,2012,2026,14
445,8345812496427218949,DIN/A8,Germany,Berlin,REGIONAL,,,1,1,2019,2019,0
446,2731729329651634345,limbic sis,Germany,Berlin,REGIONAL,,,4,4,2025,2026,1
447,916749618305457251,Thomas Refvik,Norway,Oslo,REGIONAL,,,1,1,2025,2025,0
448,7514737186347235432,Yamour,Germany,Berlin,REGIONAL,,,5,8,2023,2026,3
449,2796906471257219420,Lis Sarroca,Spain,Barcelona,REGIONAL,,,4,6,2019,2026,7
450,7202614500387343466,Moopie,Australia,Melbourne,REGIONAL,,,13,16,2019,2026,7
451,6906550994930076899,Tuff City Kids,Germany,Frankfurt,REGIONAL,,,2,2,2016,2018,2
452,5944314092307995937,Gabriel Ananda,Germany,Cologne,REGIONAL,,,4,10,2005,2024,19
453,8285898261399147840,Red D,Belgium,All,REGIONAL,,,4,11,2007,2021,14
454,4966203181865082834,SKY H1,Belgium,All,TOP1000,,,7,8,2017,2025,8
455,1905870885004149068,DkA,Belgium,All,REGIONAL,,,1,1,2017,2017,0
456,7173067731830511749,Konna,Belgium,All,REGIONAL,,,1,2,2017,2018,1
457,27727192203423459,Gidge,Sweden,All,REGIONAL,,,1,3,2018,2022,4
458,3670520167701622244,Joey Anderson,United States of America,New Jersey,TOP1000,,,4,22,2012,2018,6
459,6608426242115039291,Max Telaer,Belgium,Brussels,REGIONAL,,,1,5,2019,2024,5
460,3494739230456072962,bendrik,Belgium,Brussels,REGIONAL,,,2,7,2019,2024,5
461,3739863573183094186,Stereoclip,Belgium,Brussels,REGIONAL,,,2,2,2017,2019,2
462,5039596437131490169,Belben,,,REGIONAL,,,2,2,2019,2019,0
463,721492286782681080,Maté,France,Paris,REGIONAL,,,1,1,2019,2019,0
464,1450898346278403900,Yad,Morocco,All,REGIONAL,,,2,2,2016,2020,4
465,8440338277021930041,Fedele,Italy,South,REGIONAL,,,4,6,2017,2024,7
466,3304234113033400359,Kelly Lee Owens,United Kingdom,London,TOP1000,,,7,9,2019,2026,7
467,4727465094697971273,Mezerg,France,Bordeaux,REGIONAL,,,1,2,2020,2021,1
468,7417199079844625653,Bafana,Belgium,All,REGIONAL,,,3,5,2013,2021,8
469,1022428656013038635,Lawrence Le Doux,Belgium,All,REGIONAL,,,5,10,2013,2026,13
470,8413584213608758382,Mika Oki,France,Paris,REGIONAL,,,8,16,2020,2026,6
471,2466105465653564435,Varaz,Belgium,All,REGIONAL,,,1,1,2021,2021,0
472,7227786955742028841,Rising Sun,Germany,Berlin,REGIONAL,,,1,2,2021,2022,1
473,2402062127013743047,Herder,Germany,Berlin,REGIONAL,,,1,2,2021,2022,1
474,6622448214221886520,Bayny,Belgium,Antwerp,REGIONAL,,,2,2,2022,2022,0
475,7959039026213917150,Vand,Netherlands,Amsterdam,REGIONAL,,,4,6,2022,2026,4
476,8606696077549385125,Driss Bennis,Morocco,All,REGIONAL,,,4,9,2021,2023,2
477,5917352501990993466,Lil Lawaw,Belgium,Antwerp,REGIONAL,,,3,3,2022,2024,2
478,2214332791734765199,Powder,Japan,Kyushu,TOP1000,,,13,21,2017,2026,9
479,2563903066928736122,juliojulio,Belgium,Brussels,REGIONAL,,,3,3,2023,2024,1
480,3917693764531769006,fka.m4a,United Kingdom,London,REGIONAL,,,10,19,2022,2026,4
481,3109976131361862455,HOLY LOLLY,Austria,Vienna,REGIONAL,,,2,3,2023,2026,3
482,6211616927768511634,KSOT Soundsystem,Austria,All,REGIONAL,,,1,1,2023,2023,0
483,7845775711485397238,Inner City,United States of America,Detroit,REGIONAL,,,5,6,2019,2025,6
484,6175535337793125257,MrD,Qatar,All,REGIONAL,,,2,2,2024,2024,0
485,8945586659336972824,Ben Kamal,Belgium,Brussels,REGIONAL,,,2,8,2022,2026,4
486,69275720729316222,DJ Peugeot,Belgium,Antwerp,REGIONAL,,,1,1,2024,2024,0
487,672108600694393089,Nizar Sarakbi,Ukraine,Kyiv,REGIONAL,,,4,11,2023,2026,3
488,1002803381611253978,Lefto Early Bird,Belgium,All,REGIONAL,,,8,18,2021,2026,5
489,1003958705175443346,Otis (BE),Belgium,Brussels,REGIONAL,,,5,8,2019,2026,7
490,4332008441892527864,Miss Bashful x DBBD,Germany,Berlin,REGIONAL,,,6,7,2023,2025,2
491,7637014493151223440,Arter,Belgium,Antwerp,REGIONAL,,,2,3,2025,2026,1
492,1854221085912251995,berlioz,United Kingdom,West + Wales,REGIONAL,,,2,2,2025,2025,0
493,3142104754981153071,Faisal,Belgium,All,REGIONAL,,,2,2,2025,2026,1
494,3338844887006604201,CJ Bolland,United Kingdom,London,REGIONAL,,,3,3,2024,2026,2
495,4118756220916045056,DJ Travella,Tanzania,All,REGIONAL,,,5,5,2023,2026,3
496,6227127535105383297,JAEL,Netherlands,All,REGIONAL,,,3,3,2025,2026,1
497,8959245539637626211,S!RENE,Netherlands,Amsterdam,REGIONAL,,,2,2,2024,2025,1
498,711798750921493594,Erykah,Belgium,All,REGIONAL,,,2,4,2024,2026,2
499,1602394915089108748,NVST,Switzerland,Lausanne,REGIONAL,,,7,11,2023,2026,3
500,4254644441373771520,ROW1,Belgium,Antwerp,REGIONAL,,,1,1,2026,2026,0
501,4898642180089977730,Niki J,Italy,North,REGIONAL,,,1,2,2023,2024,1
502,8804964557015859819,Moare,Slovenia,All,REGIONAL,,,1,4,2019,2023,4
503,155401713300543501,Arapu,Romania,All,TOP1000,,,2,5,2018,2023,5
504,1785884115330314578,Jaša Bužinel,Slovenia,All,REGIONAL,,,1,5,2021,2026,5
505,5447767719213032575,Kosta,Slovenia,All,REGIONAL,,,1,2,2022,2023,1
506,3937277666907099654,DVS,Slovenia,All,REGIONAL,,,1,1,2023,2023,0
507,4571950792833834656,Raphael Carrau,United Kingdom,London,REGIONAL,,,3,5,2023,2024,1
508,3627622740571171904,Robert Dietz,Germany,Berlin,REGIONAL,,,5,5,2011,2024,13
509,7112293021157262749,Teo (SI),Slovenia,All,REGIONAL,,,1,3,2024,2026,2
510,2898043645151380144,192 GmbH,France,Paris,REGIONAL,,,1,1,2024,2024,0
511,5707414000415089928,Annyrock,Ukraine,Kyiv,REGIONAL,,,2,2,2024,2024,0
512,2655978071351347530,Virgilio,Italy,North,REGIONAL,,,1,1,2024,2024,0
513,5674652329737999983,93kb,Slovenia,Ljubljana,REGIONAL,,,1,3,2025,2026,1
514,5148438611425128763,Arkajo,Sweden,All,REGIONAL,,,2,2,2018,2025,7
515,1085088965742002345,masha gasar,Slovenia,All,REGIONAL,,,1,1,2025,2025,0
516,8556307397486105064,Slishko,Slovenia,Ljubljana,REGIONAL,,,1,1,2025,2025,0
517,5308756657397370281,IGZ (HR),Croatia,Zagreb,REGIONAL,,,2,3,2025,2026,1
518,4379012709272635356,Beyun,,,REGIONAL,,,1,1,2021,2021,0
519,1411421444119763153,Different Shades,Malaysia,Kuala Lumpur,REGIONAL,,,3,3,2019,2025,6
520,4937082785293209498,Yb3L,Netherlands,Amsterdam,REGIONAL,,,3,3,2022,2024,2
521,2171183092662140541,Softi,United Kingdom,London,REGIONAL,,,10,18,2022,2026,4
522,4827964338462822160,Ranie Ribeiro,Netherlands,Rotterdam,REGIONAL,,,3,4,2023,2025,2
523,501491661582829940,Charlton,Netherlands,Rotterdam,REGIONAL,,,3,4,2007,2026,19
524,9212010580671187444,Helmond Lang,Netherlands,Amsterdam,REGIONAL,,,3,3,2025,2026,1
525,8241771424849048878,Pye Corner Audio,United Kingdom,South + East,REGIONAL,,,1,1,2025,2025,0
526,3690512776798352308,Shoal,,,REGIONAL,,,3,3,2025,2026,1
527,3476405699336671029,Kid Simius,Spain,South,REGIONAL,,,2,3,2022,2023,1
528,5688577750969669843,Justin Harris,United Kingdom,London,REGIONAL,,,1,1,2024,2024,0
529,6759477719775301103,Raz and Afla,United Kingdom,London,REGIONAL,,,1,1,2024,2024,0
530,7407503357004200965,Marcia Carr,United Kingdom,London,REGIONAL,,,3,6,2022,2026,4
531,834993396695403312,Nadine Artois,United Kingdom,London,REGIONAL,,,3,5,2021,2021,0
532,1833113647560677081,GIDEÖN,United Kingdom,London,REGIONAL,,,8,31,2016,2026,10
533,5126565828123004671,Sippin' T,United Kingdom,London,REGIONAL,,,2,9,2021,2026,5
534,8437049729134185652,My Panda Shall Fly,United Kingdom,London,REGIONAL,,,2,4,2011,2022,11
535,7752141814005078257,Nahi Mitti,United Kingdom,North,REGIONAL,,,1,2,2021,2021,0
536,2652976795706638818,Riva,United Kingdom,London,REGIONAL,,,3,12,2021,2026,5
537,5084000912404153661,Shivum Sharma,United Kingdom,London,REGIONAL,,,2,5,2021,2025,4
538,1120863836241160674,Vicious Rumours,United Kingdom,London,REGIONAL,,,1,2,2021,2021,0
539,493257827369522724,Fancy Shews,United Kingdom,London,REGIONAL,,,2,3,2022,2025,3
540,7074147622064415685,J. Aria,United Kingdom,London,REGIONAL,,,2,7,2022,2026,4
541,2356661171144664380,Teecra,United Kingdom,London,REGIONAL,,,3,5,2022,2026,4
542,6656378997342532996,Chooc Ly,United Kingdom,London,REGIONAL,,,1,1,2022,2022,0
543,4823734004229655755,FAFF,United Kingdom,London,REGIONAL,,,6,17,2022,2026,4
544,4693034352641212187,KIKAZARU,United Kingdom,Bristol,REGIONAL,,,1,1,2022,2022,0
545,113108703411041544,Ryan Lovell,United Kingdom,London,REGIONAL,,,2,2,2023,2025,2
546,7631074160467275094,Zen Zero,United States of America,Detroit,REGIONAL,,,1,1,2023,2023,0
547,3450338130078106061,Elianne,United Kingdom,London,REGIONAL,,,2,3,2024,2026,2
548,7120700114249844014,Ossou Erratic,United Kingdom,London,REGIONAL,,,1,1,2024,2024,0
549,7698413413657085731,Toraigh,Ireland,All,REGIONAL,,,2,2,2024,2025,1
550,8447889818000507387,V4ND4N4,United Kingdom,London,REGIONAL,,,1,1,2024,2024,0
551,8126721341450791831,Wildblood and Queenie,United Kingdom,South + East,REGIONAL,,,2,2,2024,2026,2
552,6691119742431012037,Ivicore,Venezuela,All,REGIONAL,,,3,3,2025,2026,1
553,2509964210609420204,Reenie (UK),United Kingdom,London,REGIONAL,,,1,1,2025,2025,0
554,5668258552100118930,Lee Burridge,United Kingdom,London,TOP1000,,,2,3,2013,2017,4
555,2840264790978011244,ETSU,France,Paris,REGIONAL,,,1,1,2016,2016,0
556,8953546034116064687,Jay Douzi,United States of America,Los Angeles,REGIONAL,,,1,1,2016,2016,0
557,5290913991148615306,Bas Ibellini,United Kingdom,London,REGIONAL,,,4,4,2016,2025,9
558,1384331954049303049,Lunar Disco,France,Paris,REGIONAL,,,1,1,2018,2018,0
559,5719524508691643427,Nico Stojan,Germany,Berlin,REGIONAL,,,2,3,2017,2019,2
560,5218943096234499370,Meibi,Portugal,Lisbon,REGIONAL,,,1,1,2021,2021,0
561,5123209886228898753,Third Child,Italy,Central,REGIONAL,,,1,1,2016,2016,0
562,6328318007523738333,Toshiki Ohta,United Kingdom,London,REGIONAL,,,7,23,2021,2026,5
563,6411190308666494584,Club Fitness,Canada,Toronto,REGIONAL,,,7,12,2021,2023,2
564,7287875781208015063,Maxwell Owin,United Kingdom,London,REGIONAL,,,6,7,2018,2023,5
565,7434653386207744068,Anil,United States of America,New York City,REGIONAL,,,2,2,2024,2025,1
566,595735977980306790,Daisy Moon,United Kingdom,Bristol,REGIONAL,,,8,18,2018,2026,8
567,13323961652663038,Errol,United Kingdom,London,REGIONAL,,,7,17,2019,2026,7
568,6880481230686221216,DJ Storm (2),Italy,North,REGIONAL,,,7,8,2023,2026,3
569,449712790399596037,Vasco Valente,Portugal,Porto,REGIONAL,,,1,2,2018,2019,1
570,5285086573553548460,Apollonia,France,Paris,TOP1000,,,7,12,2014,2026,12
571,7479202877499958700,D'Julz,France,Paris,TOP1000,,,6,7,2008,2025,17
572,4854446994118608546,Helena Guedes,Portugal,Porto,REGIONAL,,,2,2,2019,2025,6
573,4780137452686486766,Klin Klop,Portugal,Porto,REGIONAL,,,1,3,2022,2026,4
574,2794399281338607656,Maria Callapez,Portugal,All,REGIONAL,,,1,1,2022,2022,0
575,6277880857431593473,Luke Alessi,Australia,Melbourne,REGIONAL,,,4,4,2025,2026,1
576,6821002656799768150,DJEFF,Portugal,Lisbon,REGIONAL,,,1,2,2022,2023,1
577,7874271748987174050,Ede,Germany,Berlin,REGIONAL,,,1,2,2022,2023,1
578,8475197674578532259,Noraj Cue,Netherlands,Amsterdam,REGIONAL,,,1,1,2022,2022,0
579,3620214653303610517,Trippin Jaguar,Netherlands,Amsterdam,REGIONAL,,,1,1,2022,2022,0
580,8992755189990966984,Anna Schreit,Germany,Berlin,REGIONAL,,,1,2,2023,2025,2
581,6982975578066779374,2 Girls 1 Club,,,REGIONAL,,,1,1,2024,2024,0
582,5198881595577722349,Aroy,France,Paris,REGIONAL,,,3,3,2016,2024,8
583,405112385315546490,Beau Zwart,Netherlands,Rotterdam,REGIONAL,,,1,1,2024,2024,0
584,1713309906735199177,Kofi the Unknown,Netherlands,Rotterdam,REGIONAL,,,1,1,2024,2024,0
585,7499132878635469089,Tienson,Netherlands,Amsterdam,REGIONAL,,,3,4,2017,2026,9
586,1370586359427125391,UN/POLISHED,Germany,Berlin,REGIONAL,,,1,1,2024,2024,0
587,121648072857487054,Daniel Monaco,Italy,South,REGIONAL,,,2,2,2022,2025,3
588,7930015975161707636,Emvae,Netherlands,All,REGIONAL,,,6,11,2024,2026,2
589,6053822504948685298,FATAMORGANA,Spain,Barcelona,REGIONAL,,,1,1,2025,2025,0
590,7407659743095949357,Vero,Ukraine,All,REGIONAL,,,1,1,2026,2026,0
591,7584968886509899599,Kresy,Spain,North,REGIONAL,,,1,1,2015,2015,0
592,8453114195579911171,Art Department,Canada,Halifax,TOP1000,,,3,3,2014,2016,2
593,8953442852089144149,Cora Novoa,Spain,Barcelona,REGIONAL,,,2,3,2016,2018,2
594,7329084436613254546,Agents Of Time,Italy,South,TOP1000,,,8,19,2016,2026,10
595,6900516523293040121,Derrick Carter,United States of America,Chicago,TOP1000,,,10,11,2014,2024,10
596,6335108771673159329,UNER,Spain,Barcelona,REGIONAL,,,1,1,2016,2016,0
597,5372763058461337304,Mike Gannu,Spain,East,REGIONAL,,,1,6,2016,2024,8
598,6498426866139185031,Ginebra,Spain,Barcelona,REGIONAL,,,2,5,2015,2020,5
599,5146497028889364286,Robbie Akbal,Germany,Berlin,REGIONAL,,,1,1,2016,2016,0
600,7593990625445518572,Olde Gods,Spain,Barcelona,REGIONAL,,,2,2,2016,2018,2
601,6408003358035676585,Serge Devant,United States of America,New York City,REGIONAL,,,2,2,2016,2017,1
602,1598144530592268355,Ylia,Spain,Barcelona,REGIONAL,,,3,5,2017,2025,8
603,1999120746655058178,Marc Marzenit,Spain,Barcelona,REGIONAL,,,1,1,2018,2018,0
604,5391979484522901736,Ferdiyei,Spain,Barcelona,REGIONAL,,,1,2,2018,2024,6
605,1238545265220549976,Denizer,Spain,Barcelona,REGIONAL,,,1,1,2018,2018,0
606,3997062014592344340,Kiwi,United Kingdom,London,REGIONAL,,,4,6,2013,2022,9
607,3752365584517682819,Marian Ariss,Venezuela,All,REGIONAL,,,2,11,2018,2026,8
608,1043494763452201132,Ivy Barkakati,United States of America,Maryland,REGIONAL,,,3,5,2018,2025,7
609,1366136044968403414,Solomun,Portugal,All,TOP1000,,,6,15,2017,2026,9
610,7667009006894958817,Magit Cacoon,Israel,Tel Aviv,TOP1000,,,2,3,2018,2019,1
611,5312924464560978811,Theydream,Switzerland,Zurich,REGIONAL,,,1,3,2019,2022,3
612,8788080118052064358,Santiago Garcia,Argentina,Buenos Aires,REGIONAL,,,1,2,2019,2024,5
613,1332332429260977551,Igor Marijuan,Spain,Ibiza,REGIONAL,,,1,2,2019,2024,5
614,7623733006722690290,Adiel,Italy,Central,TOP1000,,,11,25,2019,2026,7
615,7983667812923997231,DJ Rosario,Spain,Barcelona,REGIONAL,,,2,2,2019,2019,0
616,8803030106055110036,MBODJ,Spain,Barcelona,REGIONAL,,,2,2,2020,2026,6
617,3680461210232487448,Wehbba,Brazil,Sao Paulo,TOP1000,,,1,1,2021,2021,0
618,2064186239612439246,BizZa,Spain,South,REGIONAL,,,1,1,2022,2022,0
619,7494441283648905211,Macarena,Mexico,Mexico City,REGIONAL,,,1,1,2022,2022,0
620,1393638767800211006,Davide Squillace,Italy,South,TOP1000,,,5,7,2009,2022,13
621,7441434139627005501,Milo Spykers,Belgium,Antwerp,TOP1000,,,3,6,2021,2025,4
622,540733096531173471,Manu Gonzalez,Spain,Ibiza,REGIONAL,,,2,2,2020,2022,2
623,13005530696038401,Alvva,Spain,North,REGIONAL,,,3,3,2022,2026,4
624,5641208450264796487,Camilo Franco,Spain,Ibiza,REGIONAL,,,1,4,2022,2024,2
625,1953844720667828197,Bebetta,Germany,Berlin,REGIONAL,,,1,2,2022,2022,0
626,221483859066558501,John Woods,Portugal,Lisbon,REGIONAL,,,1,2,2022,2022,0
627,8451279770497469678,acidheaven,Spain,Canary Islands,REGIONAL,,,3,4,2022,2026,4
628,4840256033261985825,Ricardo Albuquerque,Brazil,All,REGIONAL,,,1,1,2022,2022,0
629,1699680470645393064,Felix Raphael,Germany,Munich,REGIONAL,,,1,1,2022,2022,0
630,441254621337115559,La La,United Kingdom,Glasgow,REGIONAL,,,6,6,2021,2026,5
631,2260242358227572525,Rowsi,Spain,Barcelona,REGIONAL,,,1,1,2023,2023,0
632,567775939986516383,Chico Simon,Italy,North,REGIONAL,,,1,1,2023,2023,0
633,691149789209197026,Eli Nissan,Israel,All,REGIONAL,,,1,1,2023,2023,0
634,4105539316413108731,Matthias Tanzmann,Germany,Leipzig,TOP1000,,,4,11,2012,2023,11
635,2474169921031664295,Ida Engberg,Sweden,All,TOP1000,,,6,22,2011,2023,12
636,1952422890697150045,Gazzi,Spain,Madrid,REGIONAL,,,2,5,2023,2026,3
637,1709510819132395104,Nathalie Duchêne,Belgium,All,REGIONAL,,,1,3,2023,2023,0
638,6903291876118359862,PAWSA,United Kingdom,London,REGIONAL,,,5,11,2023,2026,3
639,2169214255396427265,Vicky Groovy,Spain,Barcelona,REGIONAL,,,1,1,2023,2023,0
640,2497946870485144117,Federico Formica,Italy,Rome,REGIONAL,,,1,1,2023,2023,0
641,5102476717704086457,Brizas,Guatemala,All,REGIONAL,,,1,3,2023,2026,3
642,5633520985890064867,Tamarindo,Spain,Barcelona,REGIONAL,,,2,5,2021,2025,4
643,1491306024321339664,Pisano,Spain,Barcelona,REGIONAL,,,1,1,2023,2023,0
644,2064346872317472901,Drunk At Vogue,Ireland,All,REGIONAL,,,2,2,2023,2023,0
645,3807864126551615971,MËSTIZA,Spain,Madrid,REGIONAL,,,1,3,2024,2025,1
646,322547671199042843,Dj Diass,Bulgaria,All,REGIONAL,,,1,1,2024,2024,0
647,7224117217418203086,Bárbara Lago,Spain,North,REGIONAL,,,1,1,2024,2024,0
648,4670081397576238762,Clara Cuvé,Germany,Berlin,REGIONAL,,,8,16,2020,2025,5
649,1907449337958779281,DYEN,Netherlands,Rotterdam,REGIONAL,,,4,5,2024,2026,2
650,4717156507323222464,RIKHTER,Spain,Barcelona,REGIONAL,,,1,1,2024,2024,0
651,5481879362792555786,Skryption,Argentina,Buenos Aires,REGIONAL,,,2,3,2024,2025,1
652,8411378699369423567,Andrea Oliva,Switzerland,All,TOP1000,,,3,4,2010,2024,14
653,8356779207873115406,Severino,United Kingdom,London,REGIONAL,,,1,1,2024,2024,0
654,2057696128651503447,Mariano Mellino,Argentina,Buenos Aires,REGIONAL,,,1,4,2024,2026,2
655,7331032981894969460,Vintage Culture,Brazil,Rio de Janeiro,REGIONAL,,,3,4,2024,2026,2
656,4568742221731805958,Andrea Castells,Sweden,Stockholm,REGIONAL,,,1,4,2024,2025,1
657,3907134984379753627,Nesi,Spain,Barcelona,REGIONAL,,,2,2,2024,2026,2
658,5495582661071570750,SOLE LLORENTE,Spain,Barcelona,REGIONAL,,,1,2,2024,2025,1
659,7709982581038265019,Tim Engelhardt,Germany,Cologne,REGIONAL,,,1,2,2025,2025,0
660,4124541398581503453,INDRA TRAFERRI,Argentina,All,REGIONAL,,,2,3,2025,2026,1
661,6037521870108159552,Camelia,United States of America,Miami,REGIONAL,,,1,2,2025,2025,0
662,9024579812332364666,ValaV,Venezuela,All,REGIONAL,,,1,3,2025,2025,0
663,1400725837611944335,Verushka,Venezuela,All,REGIONAL,,,3,5,2024,2026,2
664,7495239512024796253,Mita Gami,Israel,Tel Aviv,REGIONAL,,,3,6,2022,2026,4
665,3188563087387838145,Carla Valenti,Chile,All,REGIONAL,,,1,1,2025,2025,0
666,6062797849028707325,Mau P,Netherlands,Amsterdam,REGIONAL,,,2,4,2025,2026,1
667,3725052863910615173,Salomé Le Chat,France,Paris,REGIONAL,,,3,3,2025,2026,1
668,5204145641601867974,Guille Placencia,Spain,Barcelona,REGIONAL,,,1,1,2025,2025,0
669,8810775162431917199,Lucas Moss,Chile,All,REGIONAL,,,1,1,2025,2025,0
670,8144151510917827192,Emilia Grima,Spain,Madrid,REGIONAL,,,1,16,2023,2026,3
671,8683491855298085863,Loek Frey,Netherlands,Amsterdam,REGIONAL,,,4,10,2024,2025,1
672,5874120084812704026,Homelander,Australia,Victoria,REGIONAL,,,1,4,2024,2026,2
673,1708036827527798179,Abo Abo,Italy,Florence,REGIONAL,,,1,2,2024,2025,1
674,8279204817700025883,Tevor Handa,Spain,South,REGIONAL,,,1,1,2024,2024,0
675,4304930243939598161,Sanyo,China,Beijing,REGIONAL,,,1,1,2025,2025,0
676,1479170554954991644,Hysteria temple Foundation,France,Paris,REGIONAL,,,2,2,2025,2025,0
677,8602836760174247635,5ZYL,Lithuania,All,REGIONAL,,,1,1,2025,2025,0
678,6248147228647664323,Brus Equation,Spain,Barcelona,REGIONAL,,,1,1,2025,2025,0
679,65506090721269085,Alviker,Spain,Madrid,REGIONAL,,,1,1,2025,2025,0
680,5377545011304321188,Simsaara,Belgium,Brussels,REGIONAL,,,1,1,2025,2025,0
681,5340032738140127480,Davy Brandts,Netherlands,All,REGIONAL,,,2,11,2008,2021,13
682,6524942019822364679,Zender,Netherlands,Amsterdam,REGIONAL,,,1,1,2009,2009,0
683,6235504567788432602,Charles Davos,Netherlands,Amsterdam,REGIONAL,,,1,2,2009,2012,3
684,1871383514116909179,Jens Bond,Germany,Berlin,REGIONAL,,,1,1,2009,2009,0
685,2791981565061676821,Jorn Liefdeshuis,Netherlands,Amsterdam,REGIONAL,,,2,2,2009,2014,5
686,5058171368637739629,El-P,United States of America,New York City,REGIONAL,,,1,1,2009,2009,0
687,228401233203577865,Makcim,Netherlands,Amsterdam,REGIONAL,,,3,7,2009,2019,10
688,8680499091059371842,Serge,Netherlands,Rotterdam,REGIONAL,,,5,7,2010,2026,16
689,5335150423546383615,Patch Park,Netherlands,Amsterdam,REGIONAL,,,1,1,2010,2010,0
690,1926184522484350241,Ripperton,Switzerland,Lausanne,REGIONAL,,,1,1,2010,2010,0
691,2370531821328268682,Daniel Bell,United States of America,Detroit,TOP1000,,,6,7,2008,2026,18
692,5033600322695641243,Dirtcaps,Netherlands,Amsterdam,REGIONAL,,,1,1,2012,2012,0
693,6738447300348319890,Hellie,Netherlands,Amsterdam,REGIONAL,,,3,3,2012,2023,11
694,3699952492961034416,Uwe Schmidt,Chile,All,REGIONAL,,,1,1,2014,2014,0
695,6846260763869628952,Tasker,United Kingdom,London,REGIONAL,,,4,6,2015,2022,7
696,2552394412376220696,Baffa,Spain,Barcelona,REGIONAL,,,1,1,2015,2015,0
697,6177085955306243741,Yoshinori Hayashi,Japan,Tokyo,REGIONAL,,,1,1,2016,2016,0
698,2207179293578996367,Trevor Jackson,United Kingdom,London,TOP1000,,,2,2,2016,2016,0
699,8157277937422854928,Bryan Kasenic,United States of America,New York City,REGIONAL,,,2,3,2016,2017,1
700,4486712796579246371,Mike Parker,United States of America,New York City,REGIONAL,,,1,2,2016,2026,10
701,4760415715968808326,Holly Herndon,United States of America,Tennessee,TOP1000,,,2,2,2016,2017,1
702,3091735457490162917,Grischa Lichtenberger,Germany,Berlin,REGIONAL,,,1,1,2016,2016,0
703,7555712611792286927,Tessuto,Brazil,Sao Paulo,REGIONAL,,,2,5,2017,2024,7
704,8147288331596359923,Rabih Beaini,Germany,Berlin,TOP1000,,,4,12,2015,2024,9
705,8690131483589352813,Mark Knekelhuis,Netherlands,Amsterdam,REGIONAL,,,3,9,2017,2023,6
706,9183183510338197898,Demdike Stare,United Kingdom,North,TOP1000,,,4,10,2013,2026,13
707,5389195198375202115,British Murder Boys,United Kingdom,Midlands,REGIONAL,,,3,5,2007,2025,18
708,5371461634346026530,Masters At Work,United States of America,New York City,REGIONAL,,,3,3,2017,2022,5
709,1798618568642871176,Maryisonacid,,,REGIONAL,,,4,4,2018,2023,5
710,9077465906070330707,Hieroglyphic Being,United States of America,Chicago,TOP1000,,,4,8,2016,2023,7
711,730454113227898079,Ece Özel,Turkey,Istanbul,REGIONAL,,,1,1,2018,2018,0
712,4778420571538186183,Volition Immanent,Netherlands,Amsterdam,REGIONAL,,,3,4,2018,2025,7
713,6228396548738728231,Tata Ogan,Brazil,All,REGIONAL,,,1,1,2018,2018,0
714,1401332668268067551,Caio T.,Brazil,All,REGIONAL,,,1,2,2018,2020,2
715,5128600038382479987,TYV,Brazil,All,REGIONAL,,,1,1,2018,2018,0
716,6710966687288385044,Charles Manier,United States of America,Michigan,REGIONAL,,,1,1,2019,2019,0
717,6107160670663084105,Cio D'Or,Germany,Cologne,TOP1000,,,3,5,2018,2026,8
718,9211435201358414473,Rodrigo Berg,,,REGIONAL,,,1,1,2019,2019,0
719,3105730593033837479,DJ Spinna,United States of America,New York City,TOP1000,,,2,3,2019,2026,7
720,8733967102312530473,Yussef Dayes,United Kingdom,London,REGIONAL,,,3,3,2019,2021,2
721,1360257794947489614,Hugo Mendez,United Kingdom,London,REGIONAL,,,4,5,2013,2020,7
722,5611626062164085051,Roel de Boer,Netherlands,Amsterdam,REGIONAL,,,2,6,2019,2026,7
723,7709603976390709727,Silvia Kastel,Italy,South,TOP1000,,,5,6,2019,2022,3
724,8111777812137638730,Freedom Engine,Germany,Berlin,REGIONAL,,,2,3,2018,2021,3
725,1125959677795898038,Loraine James,United Kingdom,London,REGIONAL,,,5,7,2020,2025,5
726,531637798408116514,Ezra Miller,United States of America,New York City,REGIONAL,,,2,3,2019,2024,5
727,3881200660111787536,Venetian Snares,Canada,Winnipeg,REGIONAL,,,2,3,2016,2021,5
728,2785482329634205583,Debora Ipekel,Turkey,Istanbul,REGIONAL,,,4,7,2017,2021,4
729,5825205903681710486,Heap,Austria,All,REGIONAL,,,2,2,2021,2021,0
730,1624235597918922277,Monty DJ,Netherlands,Amsterdam,REGIONAL,,,3,4,2021,2024,3
731,1444169548912977504,Nu Genea,Italy,Central,REGIONAL,,,7,11,2021,2026,5
732,7827806055861424897,Myako,Burkina Faso,All,REGIONAL,,,3,4,2018,2023,5
733,8373686670265829939,ikonal,Croatia,All,REGIONAL,,,3,3,2022,2022,0
734,4337272449957087483,Giaderza,Netherlands,Amsterdam,REGIONAL,,,2,3,2022,2022,0
735,2118841860254104670,CKTRL,United Kingdom,London,REGIONAL,,,2,2,2022,2022,0
736,1143050537764770880,Oliver Coates,United Kingdom,London,REGIONAL,,,2,2,2019,2022,3
737,8384397262400984402,M I M I,Belgium,Brussels,REGIONAL,,,5,5,2022,2026,4
738,4093776682384632898,UNiiQU3,United States of America,New Jersey,REGIONAL,,,2,2,2022,2022,0
739,3978704574105232987,William Basinski,United States of America,Los Angeles,REGIONAL,,,3,4,2017,2025,8
740,3262807950768985710,Pieter Jansen,Netherlands,Amsterdam,REGIONAL,,,5,11,2014,2025,11
741,1268811400938936190,Zoë Janice,Netherlands,Amsterdam,REGIONAL,,,1,1,2023,2023,0
742,1919106590447105142,Yas Reven,Italy,Milan,REGIONAL,,,2,14,2021,2026,5
743,6351878459948132332,Cari Lekebusch,Sweden,All,TOP1000,,,4,14,2005,2026,21
744,909834281883261410,Mukuna,Switzerland,All,REGIONAL,,,1,1,2024,2024,0
745,297773931813562820,dameeeela,Australia,Brisbane,REGIONAL,,,1,1,2024,2024,0
746,5121735877439130954,Kate Miller,Australia,Melbourne,TOP1000,,,3,4,2015,2024,9
747,8562643179166298719,Gee Dee,United States of America,New York City,REGIONAL,,,2,4,2023,2025,2
748,7070675692813119414,Sleep D,Australia,Melbourne,REGIONAL,,,5,7,2019,2026,7
749,1944295513593375629,Brodinski,France,West,TOP1000,,,6,12,2009,2026,17
750,790486267685192089,Lord Tusk,United Kingdom,London,REGIONAL,,,2,6,2022,2026,4
751,1749180808856298033,Dea Barandana,Indonesia,All,REGIONAL,,,2,2,2019,2019,0
752,3965226994717460714,Rabbit Hole,United Kingdom,London,REGIONAL,,,1,1,2019,2019,0
753,626237283987524555,Kennedy,Netherlands,Amsterdam,REGIONAL,,,5,7,2019,2025,6
754,8045876277948374567,dreamcastmoe,United States of America,Washington DC,REGIONAL,,,6,7,2022,2026,4
755,3108645757119067709,Colors (1),Romania,Iasi,REGIONAL,,,1,1,2023,2023,0
756,9118283333824039658,Diskonnected,Taiwan,All,REGIONAL,,,1,1,2025,2025,0
757,4979638017205171005,Throwing Snow,United Kingdom,London,REGIONAL,,,3,3,2014,2018,4
758,5521482002188502571,FaltyDL,United States of America,New York City,REGIONAL,,,2,2,2015,2015,0
759,4228672048865255896,Lapalux,United Kingdom,London,REGIONAL,,,1,2,2015,2016,1
760,6967961046576291849,handless dj,,,,,,1,1,2018,2018,0
761,7613387925208120741,Bona Léa,Belgium,Brussels,REGIONAL,,,1,1,2022,2022,0
762,1547896337430842457,MARIA.,,,,,,1,1,2022,2022,0
763,6470093447973651335,Kong DJ,Belgium,Brussels,REGIONAL,,,1,1,2023,2023,0
764,896117330831442665,Diony Lake,Belgium,Brussels,REGIONAL,,,1,1,2023,2023,0
765,1015672113728546865,AIDA (CA),Iran,All,REGIONAL,,,4,4,2023,2024,1
766,529790106051082027,Etienne 4U,France,Paris,REGIONAL,,,1,1,2024,2024,0
767,6423957869762478898,Ossia,United Kingdom,West + Wales,REGIONAL,,,2,7,2022,2026,4
768,5317776511743556289,Kiernan Laveaux,United States of America,Cleveland,REGIONAL,,,5,5,2022,2026,4
769,2009317232267986430,LEGRAM VG,France,Lyon,REGIONAL,,,4,6,2023,2026,3
770,6302305078159009781,Tuxe,Brazil,Sao Paulo,REGIONAL,,,1,1,2025,2025,0
771,5804749014729579978,Best Boy Electric,Germany,Hamburg,REGIONAL,,,2,3,2023,2025,2
772,6551682862448117364,Erik Jabari,Germany,Berlin,REGIONAL,,,1,1,2025,2025,0
773,778667277625879547,gguusstt,Belgium,Ghent,REGIONAL,,,2,2,2024,2025,1
774,5050256468478758029,Jana Rush,United States of America,Chicago,REGIONAL,,,4,4,2022,2026,4
775,2683463430053743158,Tereza,Germany,Berlin,REGIONAL,,,3,5,2022,2025,3
776,8877490595524545995,Reni,United States of America,Oklahoma,REGIONAL,,,1,1,2025,2025,0
777,8945566326453567812,Emma Caers,Belgium,Brussels,REGIONAL,,,1,2,2026,2026,0
778,4933647458408803924,Shungu,Belgium,Brussels,REGIONAL,,,1,1,2026,2026,0
779,5445465024531382402,Thris Tian,United Kingdom,London,REGIONAL,,,2,3,2015,2019,4
780,6041087886301168911,Nadia Ksaiba,United Kingdom,London,REGIONAL,,,6,12,2013,2026,13
781,4489308016193358632,BORN N BREAD,United Kingdom,London,REGIONAL,,,2,9,2018,2026,8
782,5874595823800164847,Saachi,United Kingdom,London,REGIONAL,,,2,5,2022,2023,1
783,7182272153809178126,Anja Ngozi,United Kingdom,London,REGIONAL,,,3,5,2023,2025,2
784,7319299636040564304,Katya,United Kingdom,London,REGIONAL,,,4,5,2022,2026,4
785,6696539541793141604,Analog Soul,United States of America,New York City,TOP1000,,,2,2,2022,2023,1
786,8905589887714839300,baby k,United Kingdom,London,REGIONAL,,,2,3,2022,2023,1
787,981498264745925433,Sophie McAlister,Australia,Melbourne,REGIONAL,,,4,7,2022,2026,4
788,9213228380859426474,Cam Joon,United Kingdom,London,REGIONAL,,,1,2,2025,2026,1
789,8378194918840395060,Deviation,Belgium,All,REGIONAL,,,1,2,2025,2026,1
790,4029155333810622549,Samo,Denmark,All,REGIONAL,,,2,2,2025,2026,1
791,1111884845808732467,Ellie Anderson,United Kingdom,Leeds,REGIONAL,,,2,2,2025,2026,1
792,644618505207042246,Blood Orange,United States of America,New York City,REGIONAL,,,2,2,2026,2026,0
793,2352219622908407827,Milch (1),Canada,Toronto,REGIONAL,,,1,1,2026,2026,0
794,5961791794317309085,ABIMBOLA,United Kingdom,London,REGIONAL,,,1,1,2026,2026,0
795,1454988612820591605,Urchins,United Kingdom,London,REGIONAL,,,1,2,2010,2011,1
796,9089849751096660996,Kartik,India,Delhi,REGIONAL,,,1,2,2010,2011,1
797,8846220118519184125,Ed Steele,United Kingdom,South + East,REGIONAL,,,1,10,2010,2019,9
798,5229228791798102354,Ed Mackie,United Kingdom,North,REGIONAL,,,2,10,2010,2019,9
799,6870975441993312879,Dark Sky,United Kingdom,London,REGIONAL,,,6,10,2011,2019,8
800,5798933742831021961,Creed,,,,,,1,1,2011,2011,0
801,8267441942020741116,Croz,United Kingdom,London,REGIONAL,,,1,7,2012,2016,4
802,3700599893826628656,Arkist,United Kingdom,West + Wales,REGIONAL,,,3,4,2012,2015,3
803,8262240839287498601,Riz MC,United Kingdom,London,REGIONAL,,,1,1,2012,2012,0
804,7347368429996961541,Hunter Giles,United Kingdom,London,REGIONAL,,,1,5,2013,2015,2
805,5573929045472464075,KRL,United Kingdom,London,REGIONAL,,,1,1,2013,2013,0
806,3337000404490692870,Cera Alba,United Kingdom,London,REGIONAL,,,1,1,2013,2013,0
807,6847414131182467617,Jonny Dub,United Kingdom,Manchester,REGIONAL,,,2,4,2013,2014,1
808,3980938406775349078,James Welsh,United Kingdom,North,REGIONAL,,,1,1,2014,2014,0
809,2148305011302970130,Kris Wadsworth,Germany,Berlin,REGIONAL,,,2,6,2009,2014,5
810,9023129993097971946,Denney,United Kingdom,North,REGIONAL,,,3,8,2014,2022,8
811,2317811116150900236,Mo Kolours,United Kingdom,London,REGIONAL,,,2,3,2014,2015,1
812,1850308023315617499,Dave Beer,United Kingdom,North,REGIONAL,,,1,5,2014,2018,4
813,6553187038282751305,Jonny Sleight,United Kingdom,North,REGIONAL,,,1,3,2014,2019,5
814,5669201783555249872,Larkin,,,,,,2,3,2014,2014,0
815,6694135781359016244,Sean Brosnan,United Kingdom,London,REGIONAL,,,1,2,2014,2015,1
816,2908062289009145868,Duckett,United Kingdom,West + Wales,REGIONAL,,,4,24,2007,2026,19
817,5439992339814891552,Sam Watson,United Kingdom,West + Wales,REGIONAL,,,3,25,2007,2026,19
818,8901661380941927536,Blackfoot Phoenix,United Kingdom,London,REGIONAL,,,3,3,2015,2015,0
819,6096646847035095675,Michael James,United Kingdom,North,REGIONAL,,,2,3,2015,2021,6
820,7782518831684916244,Gavin Hogan,United Kingdom,West + Wales,REGIONAL,,,1,7,2015,2025,10
821,117408163597176954,Herukajon,United Kingdom,South + East,REGIONAL,,,1,1,2015,2015,0
822,1602000214063944878,Mirko Loko,Switzerland,All,REGIONAL,,,2,3,2007,2016,9
823,1226503895017277315,Jorge Martins,United Kingdom,London,REGIONAL,,,1,1,2016,2016,0
824,533727606447305329,Kostas,Russia,Saint Petersburg,REGIONAL,,,1,1,2016,2016,0
825,1730845174199308691,RVDS,Germany,Hamburg,REGIONAL,,,2,2,2017,2020,3
826,6656850709504314498,Contours,United Kingdom,Manchester,REGIONAL,,,2,4,2017,2024,7
827,2515013093517852645,ESS O ESS,United Kingdom,London,REGIONAL,,,2,3,2016,2017,1
828,4506925153253138301,Bodin,Germany,Frankfurt,REGIONAL,,,1,1,2018,2018,0
829,125161035894293565,Not An Animal,United Kingdom,London,REGIONAL,,,2,9,2018,2025,7
830,1498837437634484351,Niklas Wandt,Germany,Cologne,REGIONAL,,,1,1,2018,2018,0
831,3722017543997991628,Nathan Micay,Canada,Toronto,TOP1000,,,1,1,2019,2019,0
832,4937931519413150015,Harry Wills,United Kingdom,London,REGIONAL,,,1,4,2019,2025,6
833,2305555477446737186,Burnski,United Kingdom,North,REGIONAL,,,5,9,2010,2026,16
834,4507585112759900461,Dan Beaven,Germany,Berlin,REGIONAL,,,1,1,2022,2022,0
835,7280873174180166840,Jayson Wynters,United Kingdom,Midlands,REGIONAL,,,3,4,2018,2026,8
836,8055395724525066521,LARA,United Kingdom,Manchester,REGIONAL,,,2,5,2021,2024,3
837,341116117791658173,Nick,,,,,,1,4,2022,2025,3
838,2829460501086737834,Louis Hughes,United Kingdom,North,REGIONAL,,,1,3,2022,2024,2
839,1659594121223404246,Felix Hk,Germany,Berlin,REGIONAL,,,1,1,2023,2023,0
840,7667321141488652735,Figueira,Portugal,Algarve,REGIONAL,,,1,1,2023,2023,0
841,773485125899195966,DAIZ,United Kingdom,South + East,REGIONAL,,,1,1,2024,2024,0
842,4247563575770115353,Gallegos,United Kingdom,Bristol,REGIONAL,,,4,5,2017,2025,8
843,7300274517744786130,George Plant,United Kingdom,London,REGIONAL,,,1,1,2024,2024,0
844,3598601068076704057,LARISHKA (UK),United Kingdom,Manchester,REGIONAL,,,1,2,2024,2025,1
845,5285319402548614774,Fall Forward,United Kingdom,London,REGIONAL,,,1,1,2025,2025,0
846,5577485539755113075,Velvet Velour,United Kingdom,Bristol,REGIONAL,,,3,7,2023,2025,2
847,370271431080938684,JZ Groovers,United Kingdom,West + Wales,REGIONAL,,,1,1,2025,2025,0
848,1856346259549332391,Wilba,United Kingdom,London,REGIONAL,,,2,2,2025,2025,0
849,6812535639376831478,Zuri,Spain,Bilbao,REGIONAL,,,3,4,2023,2026,3
850,278494861126264539,Isabelle Koci,United Kingdom,Leeds,REGIONAL,,,1,1,2026,2026,0
851,4485463502223886092,Greg G,United States of America,New York City,REGIONAL,,,1,1,2008,2008,0
852,6288792123111748213,DJ Food,United Kingdom,London,REGIONAL,,,3,3,2008,2026,18
853,2900300644355174589,High Contrast,United Kingdom,West + Wales,TOP1000,,,3,5,2009,2026,17
854,2700488309054850357,SebastiAn,France,Paris,REGIONAL,,,3,4,2007,2013,6
855,2116683796237269983,Quentin Schneider,France,West,REGIONAL,,,1,3,2012,2017,5
856,5235505532617266404,Fakear,France,North,REGIONAL,,,2,4,2013,2018,5
857,5517226247321497385,Ian O'Donovan,Ireland,All,REGIONAL,,,1,1,2013,2013,0
858,7293026224539455669,Zombie Zombie,France,Paris,REGIONAL,,,3,6,2010,2019,9
859,8388945260093449579,Club Cheval,France,Paris,REGIONAL,,,1,1,2014,2014,0
860,6503568098486562817,Vince Watson,United Kingdom,Scotland,REGIONAL,,,2,4,2011,2014,3
861,21889418614059530,Ringard,France,West,REGIONAL,,,1,2,2014,2014,0
862,2102256621644015925,Digicode,Peru,All,REGIONAL,,,1,2,2014,2014,0
863,3865557423578386635,Boston Bun,France,Paris,REGIONAL,,,3,4,2013,2014,1
864,1779274963120813053,parhelic shell,France,Paris,REGIONAL,,,1,2,2017,2019,2
865,4741744326585831294,Evenn,France,West,REGIONAL,,,1,1,2017,2017,0
866,5869273772650580921,Molécule,France,Paris,REGIONAL,,,2,2,2018,2022,4
867,1359936076151101706,Otto Von Schirach,United States of America,Miami,REGIONAL,,,1,1,2018,2018,0
868,2842457211158089127,Substance,Germany,Berlin,REGIONAL,,,1,1,2018,2018,0
869,3813514355808309888,Unklevon,France,West,REGIONAL,,,1,2,2018,2020,2
870,8129614284401499044,Hellfish,,,REGIONAL,,,1,1,2020,2020,0
871,6786148849391504490,Lucie Antunes,France,Paris,REGIONAL,,,1,1,2020,2020,0
872,6956280568154719494,Olympe4000,France,Paris,REGIONAL,,,2,4,2023,2025,2
873,3338513251096107499,Sha Ru,Germany,Baden-Württemberg,REGIONAL,,,1,1,2023,2023,0
874,237949352833909471,Adam BFD,France,Paris,REGIONAL,,,1,1,2023,2023,0
875,7244864189816573218,Arnaud Is Dancing,France,West,REGIONAL,,,1,1,2023,2023,0
876,3036085335810752429,AVAL,United Kingdom,Glasgow,REGIONAL,,,1,1,2023,2023,0
877,793570073165994686,Le Saint,France,Paris,REGIONAL,,,2,3,2021,2025,4
878,3429655846242400150,Alys LF,France,Paris,REGIONAL,,,1,1,2024,2024,0
879,8628076716330029471,Luche,France,Nantes,REGIONAL,,,1,1,2024,2024,0
880,6322092324759209435,Romain Fx,China,Hong Kong,REGIONAL,,,2,2,2024,2024,0
881,930925575695263737,Saint Misère,Switzerland,Basel,REGIONAL,,,1,2,2024,2024,0
882,8886499720436038421,Aja (FR),France,Paris,REGIONAL,,,1,1,2024,2024,0
883,5832877000078217244,TTristana,France,Marseille,REGIONAL,,,3,5,2021,2024,3
884,500751246044672507,Gaya (FR),France,West,REGIONAL,,,1,2,2025,2025,0
885,7744061465571906901,DJ Physical,France,Paris,REGIONAL,,,2,2,2025,2025,0
886,9102963429079749137,William Luck,France,Paris,REGIONAL,,,1,1,2026,2026,0
887,3493633783950461121,David Shaw and The Beat,France,Paris,REGIONAL,,,1,1,2026,2026,0
888,1634524979526081042,Anthony Mansfield,United States of America,Los Angeles,REGIONAL,,,1,6,2016,2018,2
889,331621940086361657,Shiny Objects,United States of America,San Francisco/Oakland,REGIONAL,,,1,3,2016,2016,0
890,2967991832673816289,jozif,United Kingdom,London,REGIONAL,,,1,1,2016,2016,0
891,6015818357570137779,Otologic,Australia,Melbourne,REGIONAL,,,1,2,2016,2025,9
892,2507992965116880938,Steve Cobby,United Kingdom,London,REGIONAL,,,2,3,2015,2016,1
893,2830329101277181201,Ron Basejam,United Kingdom,Midlands,REGIONAL,,,1,3,2016,2019,3
894,3874045453414647451,DJ Nature,United Kingdom,West + Wales,TOP1000,,,5,9,2015,2026,11
895,630023954329985770,Liv Ayers,United Kingdom,London,REGIONAL,,,4,13,2017,2025,8
896,8600069361134190505,Rastanils,Sweden,Stockholm,REGIONAL,,,1,2,2017,2018,1
897,3850148093123723539,Lo Shea,United Kingdom,London,REGIONAL,,,1,3,2018,2018,0
898,2709617521640608723,Kickin Pigeon,United Kingdom,North,REGIONAL,,,2,6,2018,2026,8
899,4179079126800689775,Make Me,United Kingdom,London,REGIONAL,,,4,11,2015,2019,4
900,8341183284851441255,Gramrcy,United Kingdom,Bristol,REGIONAL,,,2,4,2018,2019,1
901,7928493276509802162,Sports Casual,United Kingdom,Bristol,REGIONAL,,,1,1,2019,2019,0
902,675767573541829806,5ive,Japan,Tokyo,REGIONAL,,,1,1,2022,2022,0
903,3958374641082122093,Polanco,Sweden,All,REGIONAL,,,1,1,2022,2022,0
904,2972076985862897354,Nick Jelly,Croatia,All,REGIONAL,,,1,1,2022,2022,0
905,8049757783267909952,Oli Silva,United Kingdom,London,REGIONAL,,,1,2,2022,2023,1
906,1473253790930236530,Mr Jenifer,United States of America,Los Angeles,REGIONAL,,,1,3,2023,2023,0
907,3457812571653024852,Ido Plumes,United Kingdom,Nottingham,REGIONAL,,,2,5,2023,2026,3
908,467701300118046372,Aria Santillana,,,REGIONAL,,,1,1,2024,2024,0
909,541539074404100576,Fantastic Twins,France,Lyon,REGIONAL,,,2,2,2018,2024,6
910,2844714665303897257,Milly on Air,United Kingdom,Bristol,REGIONAL,,,3,4,2024,2026,2
911,1959446367239171840,Rose Again,United Kingdom,Bristol,REGIONAL,,,2,5,2022,2025,3
912,7972438652039129483,Tiago Oudman,Indonesia,All,REGIONAL,,,3,3,2024,2025,1
913,4207023944194534429,andreAs,United Kingdom,London,REGIONAL,,,2,2,2023,2025,2
914,952319241152810892,Mark Gill,Ireland,All,REGIONAL,,,4,4,2025,2025,0
915,1728325841347398127,Murrin,Ireland,Dublin,REGIONAL,,,2,2,2025,2025,0
916,6271933666891470952,Odopt,Kazakhstan,All,REGIONAL,,,1,1,2025,2025,0
917,7408084311131003598,Dar Molloy (2),Ireland,Dublin,REGIONAL,,,1,1,2025,2025,0
918,6386907431363357904,Nicodemo,Italy,Milan,REGIONAL,,,2,2,2025,2025,0
919,2080560542150983071,Ryan Ingleby,United Kingdom,North,REGIONAL,,,1,1,2026,2026,0
920,3767733240809164595,Sisi,Japan,Tokyo,REGIONAL,,,1,2,2026,2026,0
921,1549676764996186477,Monkey Timers,Japan,Tokyo,REGIONAL,,,1,1,2026,2026,0
922,7971888009489961009,kengotaki,Japan,Kansai,REGIONAL,,,1,1,2026,2026,0
923,8753314692441244237,Jon Rust,United Kingdom,London,REGIONAL,,,4,6,2013,2017,4
924,7596544405953955672,Volte-Face,United Kingdom,London,REGIONAL,,,1,1,2015,2015,0
925,4087448476598798237,Kemback,United Kingdom,West + Wales,REGIONAL,,,2,2,2015,2015,0
926,7411174636203199190,Arnaldo,Germany,Berlin,REGIONAL,,,1,1,2016,2016,0
927,6496643406624934976,The Golden Filter,United Kingdom,London,REGIONAL,,,2,2,2017,2019,2
928,8567615976633710560,Billy Nasty,United Kingdom,London,REGIONAL,,,5,10,2010,2026,16
929,6939565520132830417,Neil Landstrumm,United Kingdom,Scotland,REGIONAL,,,1,2,2017,2026,9
930,948406852675657987,Telfort,United Kingdom,Scotland,REGIONAL,,,1,7,2017,2026,9
931,4930081144039000805,Lucy Ironmonger,United Kingdom,North,REGIONAL,,,2,2,2018,2019,1
932,5834477454438370930,Excelsior Ruth,United Kingdom,London,REGIONAL,,,2,5,2019,2025,6
933,4903694686394948799,Ill Evans,United Kingdom,London,REGIONAL,,,2,2,2022,2022,0
934,2419183038462045224,auratekh,United Kingdom,London,REGIONAL,,,2,7,2022,2025,3
935,2815304637192109078,Buggery Grips,United Kingdom,London,REGIONAL,,,1,2,2023,2026,3
936,1162614682575855284,Yewen Jin,United Kingdom,London,REGIONAL,,,1,1,2023,2023,0
937,4603842927321161784,Kayla Painter,United Kingdom,West + Wales,REGIONAL,,,3,3,2019,2026,7
938,8620789630963830622,Katmandü,Spain,Barcelona,REGIONAL,,,1,1,2019,2019,0
939,5504520226732974962,Spacer,Spain,Barcelona,REGIONAL,,,1,4,2019,2025,6
940,2664137950815238080,Matthew Styles,United Kingdom,London,REGIONAL,,,2,2,2012,2021,9
941,4194205280039678269,Virginie aka Vir,Spain,Barcelona,REGIONAL,,,3,5,2019,2024,5
942,600210999311879713,Hanakito,Japan,Tokyo,REGIONAL,,,1,2,2021,2022,1
943,4901758836530339114,T.Modet,Spain,Barcelona,REGIONAL,,,1,1,2021,2021,0
944,2928127879398369928,Cardopusher,Spain,Barcelona,REGIONAL,,,2,2,2023,2024,1
945,3478781261589464539,tekka (2),Spain,North,REGIONAL,,,1,1,2024,2024,0
946,3868512622306791241,Ed Warner,Spain,Barcelona,REGIONAL,,,1,1,2025,2025,0
947,5079637999732265257,Grosera,Colombia,Bogotá,REGIONAL,,,1,1,2025,2025,0
948,5192950293816418179,TRS (3),Spain,East,REGIONAL,,,1,1,2025,2025,0
949,4145064163658220076,Kai Alce,United States of America,Georgia,REGIONAL,,,2,2,2016,2025,9
950,2540133963894470797,Claudio PRC,Italy,South,REGIONAL,,,7,8,2017,2026,9
951,4746117454638149270,Daniel Andres,United States of America,Detroit,REGIONAL,,,1,1,2026,2026,0
952,4744673572020368835,Nancy Noise,United Kingdom,London,REGIONAL,,,2,2,2019,2026,7
953,6777999120848284234,Hesz,Netherlands,All,REGIONAL,,,1,13,2013,2017,4
954,3056153479231239109,Daan Donk,Netherlands,Amsterdam,REGIONAL,,,2,3,2015,2022,7
955,8580053725621939011,Mononoid,Netherlands,All,REGIONAL,,,2,8,2015,2017,2
956,6694768610066282966,Christoph Cabrio,Germany,Hamburg,REGIONAL,,,1,1,2015,2015,0
957,507573178562244093,Dither,Netherlands,All,REGIONAL,,,1,4,2015,2025,10
958,4091737139618573461,Kevin Arnemann,Netherlands,Amsterdam,REGIONAL,,,2,3,2013,2016,3
959,5870214604539691730,Public Lover,Germany,Berlin,REGIONAL,,,1,1,2017,2017,0
960,6498507768352326105,Jeff Rushin,Netherlands,Amsterdam,REGIONAL,,,2,8,2012,2025,13
961,6483031041036871227,Nicole Rosie,Netherlands,Amsterdam,REGIONAL,,,2,2,2012,2017,5
962,5839375261545276319,Brassica,United Kingdom,London,REGIONAL,,,3,3,2014,2018,4
963,8997618810146677367,Christian Thomas,United States of America,Houston,REGIONAL,,,1,5,2017,2022,5
964,5699387642362347935,Jesper Dahlbäck,Sweden,All,REGIONAL,,,1,1,2017,2017,0
965,8072088024691823406,Joe,United Kingdom,London,REGIONAL,,,3,3,2018,2019,1
966,1046198035457145551,Steve O'Sullivan,United Kingdom,London,REGIONAL,,,5,6,2016,2025,9
967,174752286490803883,Paduan,Netherlands,Amsterdam,REGIONAL,,,1,1,2025,2025,0
968,855778810549640294,JP (4),United Kingdom,London,REGIONAL,,,1,1,2026,2026,0
969,156201162591149695,Zoe Pea,United Kingdom,Leeds,REGIONAL,,,1,1,2024,2024,0
970,6046500138925753177,Adam Freeland,United States of America,California,REGIONAL,,,1,1,2006,2006,0
971,1146009727859825759,Manoo,France,Paris,REGIONAL,,,1,8,2006,2019,13
972,2970843405690124217,P.Moore,France,South East,REGIONAL,,,1,4,2007,2021,14
973,4900536008146746567,Laurent Caligaris,Germany,Berlin,REGIONAL,,,1,9,2007,2016,9
974,7158337594487583730,Seuil,France,Paris,REGIONAL,,,2,3,2008,2016,8
975,2233698316936956411,Cedric.T,France,South East,REGIONAL,,,1,1,2008,2008,0
976,7883197170582108987,DJ Jee,France,Paris,REGIONAL,,,1,1,2010,2010,0
977,3653963676297901029,Douster,France,Paris,REGIONAL,,,2,3,2010,2010,0
978,7498786542977284414,Pepperpot,France,Paris,REGIONAL,,,1,1,2010,2010,0
979,6838028715421038905,Mr JacK,France,South East,REGIONAL,,,1,1,2010,2010,0
980,2418611858521818036,Moss Bart,France,South East,REGIONAL,,,1,1,2010,2010,0
981,8513335666749828801,Clement Meyer,France,Paris,REGIONAL,,,1,1,2010,2010,0
982,4826512167441537694,Frivolous,Canada,Vancouver,REGIONAL,,,1,1,2011,2011,0
983,2383331676918016209,Terry Francis,United Kingdom,London,REGIONAL,,,2,4,2011,2024,13
984,2729743778984200806,Soulphiction,Germany,Stuttgart,REGIONAL,,,3,15,2007,2015,8
985,5676653997891967866,Orbith,Czech Republic,All,REGIONAL,,,1,1,2012,2012,0
986,4408852221443900161,Acid Washed,France,French Riviera,REGIONAL,,,2,3,2011,2013,2
987,8814496459898999577,Cedric Eteocle,France,Central,REGIONAL,,,1,3,2013,2014,1
988,1686589489232443754,Connan Mockasin,New Zealand,South Island,REGIONAL,,,1,1,2013,2013,0
989,3049954564746314092,Diane,France,South East,REGIONAL,,,2,4,2013,2017,4
990,5727811965280082996,Le K,France,South East,REGIONAL,,,1,1,2013,2013,0
991,2435409006272132143,Kraftwerk,Germany,Berlin,TOP1000,,,1,1,2014,2014,0
992,2939481530913605330,Föllakzoid,Chile,All,REGIONAL,,,1,1,2014,2014,0
993,2842554425384253979,Lunice,Canada,Montreal,REGIONAL,,,1,2,2014,2018,4
994,2370045100190880338,Earl Sweatshirt,United States of America,Los Angeles,REGIONAL,,,1,1,2014,2014,0
995,6849889558078056489,Fabrizio Ortella,France,South East,REGIONAL,,,1,1,2015,2015,0
996,5781535787578170366,Nikitch,France,South East,REGIONAL,,,1,1,2015,2015,0
997,2191108508661057935,Mawimbi,France,Paris,REGIONAL,,,1,2,2015,2018,3
998,6536933831961738372,Oslon,South Korea,All,REGIONAL,,,1,1,2016,2016,0
999,3985243106063591013,Elektro Guzzi,Austria,All,REGIONAL,,,1,1,2016,2016,0
1000,4750058236318067080,Ghost of Christmas,France,French Riviera,REGIONAL,,,1,1,2016,2016,0
1001,1038656012391538443,Jibis,France,Lyon,REGIONAL,,,1,1,2016,2016,0
1002,1013538965952585403,Nick V,France,Paris,REGIONAL,,,1,1,2016,2016,0
1003,1849294514909972895,Barker,,,,,,1,1,2017,2017,0
1004,5661267616425722277,Baumecker,,,,,,1,1,2017,2017,0
1005,6935685350456910619,D104,France,South East,REGIONAL,,,1,1,2017,2017,0
1006,7961323594894276471,Markus Gibb,France,Lyon,REGIONAL,,,1,1,2017,2017,0
1007,8433028246814170362,DiMA,France,Paris,REGIONAL,,,1,1,2019,2019,0
1008,8096169837635527335,Kay Suzuki,United Kingdom,London,REGIONAL,,,3,3,2018,2022,4
1009,503810322786138314,Bernadette,France,South East,REGIONAL,,,2,3,2019,2023,4
1010,8043581279144555437,BASIC,France,South East,REGIONAL,,,1,1,2019,2019,0
1011,646847297723980464,Seiji,Japan,Tokyo,REGIONAL,,,2,2,2016,2020,4
1012,4961925591934752518,Room 131,United States of America,Detroit,REGIONAL,,,1,1,2020,2020,0
1013,6449887280205892227,Clarence,France,Lyon,REGIONAL,,,1,1,2021,2021,0
1014,9187512878355912871,xl.iks,France,Central,REGIONAL,,,1,1,2021,2021,0
1015,3808558876935568612,Bolly Cat,France,South East,REGIONAL,,,1,1,2021,2021,0
1016,4980292709927845006,Ceyda Yagiz,France,Paris,REGIONAL,,,1,1,2023,2023,0
1017,8889455075985668895,Ann Mysochka,Ukraine,Kyiv,REGIONAL,,,2,2,2024,2024,0
1018,853980693320878759,Divin0,France,Paris,REGIONAL,,,1,1,2024,2024,0
1019,658083478513171415,Ryoji Ikeda,Japan,Tokyo,REGIONAL,,,2,3,2024,2025,1
1020,484129051291332429,Mina (US),United States of America,Washington DC,REGIONAL,,,1,1,2024,2024,0
1021,2910048795502554916,Zulu,Colombia,Bogotá,REGIONAL,,,1,1,2026,2026,0
1022,4439137532349969882,notinbed,France,Paris,REGIONAL,,,1,1,2026,2026,0
1023,6094689298870439895,Von Bikräv,France,Paris,REGIONAL,,,1,1,2026,2026,0
1024,9198381398412013520,Nesa Azadikhah,Iran,All,REGIONAL,,,1,1,2026,2026,0
1025,7785673836163676115,Tony Neptune,United Kingdom,North,REGIONAL,,,2,7,2021,2026,5
1026,5939302185764965125,Z.I.P.P.O,Italy,South,REGIONAL,,,1,17,2017,2026,9
1027,6675002293034633339,Redsea,Italy,South,REGIONAL,,,1,1,2017,2017,0
1028,3506958348669964254,Fragment Dimension,Italy,South,REGIONAL,,,1,3,2017,2019,2
1029,9050124082484842116,Joohin,Italy,South,REGIONAL,,,1,2,2017,2019,2
1030,3065884987162532074,Innocent Soul,Italy,South,REGIONAL,,,1,13,2018,2026,8
1031,5609101884206727140,Zippo,Italy,North,REGIONAL,,,1,2,2019,2024,5
1032,4280541976312456834,Tamburi Neri,Italy,Milan,REGIONAL,,,1,3,2022,2023,1
1033,310013198137179749,Karnak On Acid,Italy,Central,REGIONAL,,,2,6,2023,2026,3
1034,3671985726638060078,Perera Elsewhere,Germany,Berlin,REGIONAL,,,1,1,2023,2023,0
1035,1291502310965119556,Valerio Della Notte,Italy,Rome,REGIONAL,,,1,2,2024,2025,1
1036,8115153349884470187,Sud Sound System,Italy,Central,REGIONAL,,,1,1,2024,2024,0
1037,2008730587796257928,Jimi Tenor,Finland,All,REGIONAL,,,4,5,2020,2025,5
1038,8964535687644669594,HIJCKD,Australia,Sydney,REGIONAL,,,1,2,2023,2025,2
1039,3470290980263292953,Bohm ofc,Australia,Sydney,REGIONAL,,,1,1,2023,2023,0
1040,1573243599059569701,Emma Moon,Australia,Melbourne,REGIONAL,,,1,1,2025,2025,0
1041,5982805500268390548,MIND the GAP,United Kingdom,London,REGIONAL,,,1,1,2024,2024,0
1042,6697363097374417972,Carleo,Sweden,All,REGIONAL,,,1,2,2024,2024,0
1043,8789576554080403826,Tony y Not,Germany,Berlin,REGIONAL,,,1,1,2024,2024,0
1044,6842918264496331474,MARK MARTINI,Italy,Naples,REGIONAL,,,1,1,2024,2024,0
1045,6731329485472342288,Indigo,United Kingdom,North,REGIONAL,,,1,1,2012,2012,0
1046,631912661104897830,Shamos,United Kingdom,London,REGIONAL,,,1,1,2013,2013,0
1047,9118731967177473970,Endian,United Kingdom,London,REGIONAL,,,1,3,2013,2013,0
1048,7179153390230320933,Wbeeza,United Kingdom,London,REGIONAL,,,2,5,2009,2013,4
1049,3800637088227711284,John Roberts,United States of America,New York City,REGIONAL,,,1,2,2013,2014,1
1050,1966643302373070136,Joachim,Belgium,All,REGIONAL,,,1,4,2014,2019,5
1051,2368136604290456603,Aroma Pitch,Germany,Berlin,REGIONAL,,,2,4,2013,2018,5
1052,8148813404351582853,Damian Deroma,Switzerland,Geneva,REGIONAL,,,1,1,2015,2015,0
1053,6374882319514422174,Kaidi Tatham,United Kingdom,London,REGIONAL,,,3,5,2015,2022,7
1054,6649597501727396303,Eric Lau,United Kingdom,London,REGIONAL,,,1,1,2015,2015,0
1055,7025077173535772159,Adesse Versions,United Kingdom,Manchester,REGIONAL,,,1,1,2015,2015,0
1056,5004920916221984916,Novell,Croatia,All,REGIONAL,,,1,3,2015,2017,2
1057,1154707452464521109,Danny Scrilla,Germany,Munich,REGIONAL,,,1,1,2016,2016,0
1058,2265737582464172965,John Loveless,United Kingdom,North,REGIONAL,,,1,1,2016,2016,0
1059,4008892313028391528,Rhauder,Germany,Berlin,REGIONAL,,,1,1,2017,2017,0
1060,3651127377653329110,Leo Leal,Mexico,Mexico City,REGIONAL,,,1,3,2017,2018,1
1061,2125054421249479710,Lorenzo (FBNM),United Kingdom,London,REGIONAL,,,1,1,2017,2017,0
1062,6500814320881569544,Sofie,Austria,All,REGIONAL,,,1,1,2017,2017,0
1063,5924776509708886729,Danuka,United Kingdom,Manchester,REGIONAL,,,2,5,2017,2022,5
1064,3129234986875559586,Bambooman,United Kingdom,London,REGIONAL,,,1,1,2018,2018,0
1065,6297080539974673490,Just Nathan,Belgium,All,REGIONAL,,,1,1,2018,2018,0
1066,7631112800272144123,Ivan Komlinovic,Croatia,All,REGIONAL,,,1,1,2019,2019,0
1067,2201962952625704282,Marcus Astro,United Kingdom,Manchester,REGIONAL,,,1,1,2019,2019,0
1068,9005814356222417155,SNO (UK),South Africa,All,REGIONAL,,,2,3,2019,2024,5
1069,2811718142739507399,KRN,United Kingdom,North,REGIONAL,,,4,12,2020,2026,6
1070,4075291137026445030,Urulu,United States of America,Los Angeles,REGIONAL,,,1,1,2021,2021,0
1071,504549399257455459,Caruan,Italy,Central,REGIONAL,,,1,1,2022,2022,0
1072,1673141041376323009,Cleymoore,Portugal,All,REGIONAL,,,1,1,2022,2022,0
1073,5999341394349795122,Josh Bayat,United Kingdom,London,REGIONAL,,,2,3,2022,2025,3
1074,5936930092845535097,Charley,United Kingdom,London,REGIONAL,,,2,10,2021,2026,5
1075,2374745228149819102,Taslo,United Kingdom,South + East,REGIONAL,,,1,1,2024,2024,0
1076,6774821334235121262,Cromie,United States of America,Los Angeles,REGIONAL,,,1,2,2024,2025,1
1077,8087976146288468495,Mad Dog,Italy,Central,REGIONAL,,,2,3,2024,2026,2
1078,3528436321646818941,Nastik,Colombia,All,REGIONAL,,,1,2,2024,2025,1
1079,336981899034791508,Denaila,,,REGIONAL,,,1,1,2025,2025,0
1080,427968403891794569,Ardee,United Kingdom,London,REGIONAL,,,1,1,2025,2025,0
1081,5111185047236407581,Jon Brady,United Kingdom,North,REGIONAL,,,1,1,2025,2025,0
1082,7835568121340228059,VIKk,Spain,Barcelona,REGIONAL,,,2,2,2023,2025,2
1083,5475558438371067762,Client_03,United Kingdom,London,REGIONAL,,,1,1,2026,2026,0
1084,676950363556490810,Tarde Loco,Trinidad and Tobago,All,REGIONAL,,,1,1,2026,2026,0
1085,2184543253856415929,TAMTEN,Poland,Warsaw,REGIONAL,,,1,1,2026,2026,0
1086,7471652693740121451,KUXU,Poland,All,REGIONAL,,,1,1,2026,2026,0
1087,3919198161284875681,Moonbootica,Germany,Hamburg,REGIONAL,,,1,1,2012,2012,0
1088,334055997835028742,Agaric,Germany,Berlin,REGIONAL,,,1,1,2012,2012,0
1089,1863281640555457503,Arado,Germany,Düsseldorf,REGIONAL,,,2,5,2013,2019,6
1090,9005709399522004985,P.A.C.O.,Germany,Cologne,REGIONAL,,,1,6,2014,2019,5
1091,3568668294183448285,Anton Pieete,Netherlands,Amsterdam,REGIONAL,,,2,5,2009,2015,6
1092,8299553671056236501,Blint,Germany,Berlin,REGIONAL,,,1,1,2018,2018,0
1093,5836504822274682995,Joschka Tschirley,Germany,Cologne,REGIONAL,,,1,1,2019,2019,0
1094,7525477985538643180,Paul Dege,Germany,Hamburg,REGIONAL,,,1,1,2019,2019,0
1095,276675413891990601,Strokr,Germany,Cologne,REGIONAL,,,1,1,2019,2019,0
1096,7216928622893773271,Bae Blade,,,REGIONAL,,,3,7,2022,2025,3
1097,5447479470377912361,Trin1ty,Germany,Berlin,REGIONAL,,,1,1,2022,2022,0
1098,8629256055906640231,Ricardo E.,Germany,North Rhine-Westphalia,REGIONAL,,,1,1,2023,2023,0
1099,2633692321773258045,Epikur,Germany,Berlin,REGIONAL,,,1,1,2023,2023,0
1100,4402889075766324846,The Jakob Sister,Germany,Berlin,REGIONAL,,,1,2,2024,2024,0
1101,1750369025220451084,Funk Tribu,Colombia,Bogotá,REGIONAL,,,8,14,2023,2026,3
1102,4701757693419506994,AMSL,Germany,Cologne,REGIONAL,,,1,3,2025,2026,1
1103,4768275508741318386,Savsannah,United States of America,California,REGIONAL,,,1,3,2025,2026,1
1104,5116348960110723764,Arninho,Germany,Cologne,REGIONAL,,,1,1,2026,2026,0
1105,8051507395016597504,Dandeloo,France,French Riviera,REGIONAL,,,1,1,2019,2019,0
1106,1384706500309633723,Poggio,France,Paris,REGIONAL,,,1,1,2019,2019,0
1107,4786220595968001995,Chrissy Hope,United Kingdom,London,REGIONAL,,,1,1,2021,2021,0
1108,1315380044383456704,Kerrie,Ireland,Cork,REGIONAL,,,3,5,2019,2026,7
1109,5491589867029021,Sam The Bastard,United Kingdom,North,REGIONAL,,,1,1,2022,2022,0
1110,7852738493855871439,WeeDot,United Kingdom,North,REGIONAL,,,1,1,2022,2022,0
1111,6452993077992741460,Per Hammar,Sweden,All,REGIONAL,,,2,2,2023,2023,0
1112,2456688290068960468,Across Boundaries,Netherlands,Amsterdam,REGIONAL,,,2,2,2024,2025,1
1113,2174457907548606988,Melé,United Kingdom,London,REGIONAL,,,2,5,2017,2025,8
1114,5873593124510898963,Big Miz,United Kingdom,Glasgow,REGIONAL,,,4,5,2017,2019,2
1115,7179761926509941790,Karima F,Norway,All,REGIONAL,,,1,1,2021,2021,0
1116,4149052067347492216,Amber Rose,United Kingdom,Liverpool,REGIONAL,,,1,1,2026,2026,0
1117,8588641473215963886,JACK MARLOW,United Kingdom,Liverpool,REGIONAL,,,1,1,2026,2026,0
1118,8591613104954010796,Alex Egan,United Kingdom,South + East,REGIONAL,,,1,4,2018,2023,5
1119,2320806901719286683,Andre Sun,United Kingdom,London,REGIONAL,,,1,1,2018,2018,0
1120,4415757794329892006,Olanskii,Norway,All,REGIONAL,,,1,1,2019,2019,0
1121,3249688762221928791,DJ Tree,Germany,Berlin,REGIONAL,,,1,2,2020,2021,1
1122,5395356528172999723,Orphic,United Kingdom,London,REGIONAL,,,2,2,2022,2023,1
1123,9130710738913713320,Benedek,United States of America,Los Angeles,REGIONAL,,,1,1,2023,2023,0
1124,3922245967616386908,Sam Ruffillo,Italy,Bologna,REGIONAL,,,1,1,2023,2023,0
1125,3383923953986170131,Cosmo Sofi,Uruguay,Montevideo,REGIONAL,,,5,7,2023,2026,3
1126,1099277340098018358,Certain People,Spain,North,REGIONAL,,,3,6,2024,2026,2
1127,4277818601345900046,Akira,Belgium,All,REGIONAL,,,1,1,2025,2025,0
1128,8062616557170205124,Body Clinic,United Kingdom,Belfast,REGIONAL,,,2,9,2023,2026,3
1129,8385975620709460322,JONE OF ARX,United Kingdom,London,REGIONAL,,,1,2,2025,2026,1
1130,5725480792249472190,Solly,Australia,New South Wales,REGIONAL,,,1,1,2025,2025,0
1131,4349130137168073457,Madelic,Canada,Toronto,REGIONAL,,,3,3,2026,2026,0
1132,1561524973571135338,Plena Sound,United Kingdom,London,REGIONAL,,,1,1,2026,2026,0
1133,1502666323238868991,Sazzle,United Kingdom,London,REGIONAL,,,1,1,2026,2026,0
1134,585376967411130405,Softy,United Kingdom,London,REGIONAL,,,1,1,2026,2026,0
1135,1937446521692716340,Craig Duranti,United Kingdom,London,REGIONAL,,,1,5,2016,2024,8
1136,6493438889782300259,Earl Jeffers,United Kingdom,West + Wales,REGIONAL,,,1,1,2018,2018,0
1137,5157269464095108767,Bellaire,France,Paris,REGIONAL,,,1,1,2023,2023,0
1138,6708326473065358158,LAANI,United Kingdom,London,REGIONAL,,,3,8,2020,2025,5
1139,2311964238924691760,VNEE,United Kingdom,Glasgow,REGIONAL,,,1,1,2026,2026,0
1140,846664917690246083,Michael Woods,United Kingdom,London,REGIONAL,,,1,1,2012,2012,0
1141,9138740709857293720,Euan Mitchell,United Kingdom,North,REGIONAL,,,1,1,2012,2012,0
1142,4494994848444753062,Inenco,United Kingdom,North,REGIONAL,,,1,2,2012,2013,1
1143,8188230828257500289,Malcolm WeLove,United Kingdom,Leeds,REGIONAL,,,1,1,2012,2012,0
1144,4759985049418170846,Third Party,United Kingdom,London,REGIONAL,,,1,3,2013,2017,4
1145,7416316490756018817,Fila,,,,,,1,1,2013,2013,0
1146,653768426662696687,Menno De Jong,Netherlands,Amsterdam,REGIONAL,,,1,3,2013,2015,2
1147,556686442053473667,Sonny Fodera,United Kingdom,London,REGIONAL,,,2,2,2015,2023,8
1148,686827221529794740,Danny Bond,United Kingdom,Leeds,REGIONAL,,,1,4,2016,2026,10
1149,7988312329707440931,Icarus,United Kingdom,West + Wales,REGIONAL,,,1,2,2017,2018,1
1150,8006745249597860165,William Djoko,Netherlands,Amsterdam,TOP1000,,,3,5,2017,2021,4
1151,4347235818043908034,Thomas Gold,United Kingdom,London,REGIONAL,,,1,1,2017,2017,0
1152,5139606258408878373,Ryan Murray,United Kingdom,Leeds,REGIONAL,,,1,1,2017,2017,0
1153,1185883713533751634,Majestic,United Kingdom,London,REGIONAL,,,2,2,2019,2023,4
1154,5866962305891445956,AMMARA,United Kingdom,London,REGIONAL,,,3,3,2021,2026,5
1155,3328907177433194767,Will Druid,United Kingdom,North,REGIONAL,,,1,2,2023,2024,1
1156,1308102173169379738,Norfn (2),United Kingdom,Leeds,REGIONAL,,,1,1,2024,2024,0
1157,8363453091752285326,Tony Njoku,Nigeria,All,REGIONAL,,,1,1,2019,2019,0
1158,1686278272286921606,DJ JNETT,Australia,Melbourne,REGIONAL,,,1,2,2019,2022,3
1159,6198345942009544572,Lex Blondin,France,Paris,REGIONAL,,,1,4,2019,2025,6
1160,3982659353771160714,Robert Luis,Germany,Berlin,REGIONAL,,,1,1,2019,2019,0
1161,2745608401963527361,Dr Bob Jones,United Kingdom,South + East,REGIONAL,,,1,1,2019,2019,0
1162,5553809704693489106,Elsa Hewitt,United Kingdom,South + East,REGIONAL,,,1,1,2019,2019,0
1163,990056318129254565,Lynda Dawn,United Kingdom,London,REGIONAL,,,1,3,2020,2025,5
1164,3304846376059303581,Golden Mean,United Kingdom,London,REGIONAL,,,1,1,2020,2020,0
1165,5128852976199170882,Cykada,United Kingdom,London,REGIONAL,,,1,1,2020,2020,0
1166,6998721709611554677,Thru Colours,United Kingdom,London,REGIONAL,,,1,1,2020,2020,0
1167,7291075176150819697,Marcelo Mader,Brazil,All,REGIONAL,,,1,1,2020,2020,0
1168,8554180415115958936,Terry Farley,United Kingdom,London,REGIONAL,,,1,2,2021,2023,2
1169,5765796238138062670,Sef Kombo,United Kingdom,London,REGIONAL,,,2,2,2019,2022,3
1170,3647078106585657199,Miche,United Kingdom,London,REGIONAL,,,1,1,2022,2022,0
1171,5257002031753314695,Angel Mel,United Kingdom,Bristol,REGIONAL,,,1,2,2022,2024,2
1172,2303553642751342921,colecta,United Kingdom,London,REGIONAL,,,1,1,2022,2022,0
1173,5361442230811504319,Alena Arpels,United Kingdom,London,REGIONAL,,,1,1,2023,2023,0
1174,3612275282271947470,Stuart Patterson,United Kingdom,London,REGIONAL,,,2,3,2012,2023,11
1175,2991663484300706290,Saige Sounds,United Kingdom,London,REGIONAL,,,2,3,2023,2026,3
1176,1448267735315753521,Zubz,United Kingdom,Sheffield,REGIONAL,,,1,1,2023,2023,0
1177,4044426897362303706,Miche (HR),Croatia,All,REGIONAL,,,1,1,2024,2024,0
1178,6349364577877619812,Coex,United Kingdom,London,REGIONAL,,,1,1,2024,2024,0
1179,8571118105413624142,Chris Wheatley,United Kingdom,South + East,REGIONAL,,,1,1,2024,2024,0
1180,4804316802123426231,Nick AC,United States of America,New York City,REGIONAL,,,1,1,2024,2024,0
1181,3027717990601200869,Sam Don,United Kingdom,London,REGIONAL,,,1,1,2025,2025,0
1182,3858365706918129218,KD22LR,United Kingdom,Manchester,REGIONAL,,,1,1,2025,2025,0
1183,3508575968915872983,Rose Holland,United Kingdom,Bristol,REGIONAL,,,1,1,2025,2025,0
1184,5503730908854887101,Léna C,United Kingdom,Manchester,REGIONAL,,,1,1,2025,2025,0
1185,5181807640424304604,Amrisha,United Kingdom,London,REGIONAL,,,1,1,2025,2025,0
1186,7153779028305392278,Yadava,United Kingdom,Manchester,REGIONAL,,,1,1,2025,2025,0
1187,5971298449466466710,Admin,United Kingdom,West + Wales,REGIONAL,,,3,4,2014,2025,11
1188,1418774400361774758,Abigail Ward,United Kingdom,Manchester,REGIONAL,,,1,1,2025,2025,0
1189,9163515656757278400,anaiis,United Kingdom,London,REGIONAL,,,1,1,2026,2026,0
1190,630299945207839756,Nixy,Spain,Madrid,REGIONAL,,,1,1,2023,2023,0
1191,6313490057851056335,Meg Paine,United Kingdom,London,REGIONAL,,,3,5,2023,2026,3
1192,6313322977068142724,Young Warrior,United Kingdom,London,REGIONAL,,,2,3,2012,2019,7
1193,7702581477475016671,Clean Bandit,United Kingdom,London,REGIONAL,,,1,2,2013,2014,1
1194,4934065194420563350,Squarehead,United Kingdom,North,REGIONAL,,,1,1,2013,2013,0
1195,2812862763921706400,Walter Ego,United Kingdom,North,REGIONAL,,,1,1,2013,2013,0
1196,8031179355108242808,Bromley,United Kingdom,West + Wales,REGIONAL,,,1,3,2013,2018,5
1197,8711640656443017794,Dazee,Italy,Central,REGIONAL,,,1,4,2015,2019,4
1198,6263858903563541683,Supernova,Italy,Central,REGIONAL,,,1,1,2016,2016,0
1199,4218478297577210703,DREAD MC,United Kingdom,West + Wales,REGIONAL,,,1,1,2016,2016,0
1200,1569723934738783999,Hi5ghost,United Kingdom,West + Wales,REGIONAL,,,1,1,2016,2016,0
1201,238305806789585608,CULT DJs,United Kingdom,North,REGIONAL,,,1,1,2017,2017,0
1202,6372590935694992491,Detlef,United Kingdom,Midlands,REGIONAL,,,2,4,2016,2018,2
1203,6098143495170869027,Bedmo Disco,United Kingdom,West + Wales,REGIONAL,,,1,1,2018,2018,0
1204,6233433160027470325,Cousn,United Kingdom,West + Wales,REGIONAL,,,1,1,2018,2018,0
1205,4650912177209224442,Skibadee,United Kingdom,London,REGIONAL,,,1,1,2019,2019,0
1206,3418067341834871998,Chris Satta,United Kingdom,West + Wales,REGIONAL,,,1,1,2019,2019,0
1207,1360365539300291546,Unglued,United Kingdom,London,REGIONAL,,,1,1,2025,2025,0
1208,805889919083480559,Dani Whylie,United Kingdom,Bristol,REGIONAL,,,1,1,2025,2025,0
1209,4661232088946441738,Jupiter Jax,Malta,All,REGIONAL,,,1,4,2016,2019,3
1210,1769190898676162508,Kerg,Malta,All,REGIONAL,,,1,2,2018,2019,1
1211,531195315685409661,CAIN,United Kingdom,Scotland,REGIONAL,,,1,1,2019,2019,0
1212,1714056746754936369,Miro Von,Germany,Berlin,REGIONAL,,,1,1,2022,2022,0
1213,1072276333173410576,Yan Cook,Ukraine,All,REGIONAL,,,1,1,2023,2023,0
1214,6694421063362964820,STK (MT),Malta,All,REGIONAL,,,1,4,2023,2026,3
1215,4852695947323378395,6EJOU,France,Lyon,REGIONAL,,,2,2,2024,2025,1
1216,5444423698104569225,ØTTA,Portugal,Lisbon,REGIONAL,,,4,9,2024,2026,2
1217,7441518563431199155,STÜM,Australia,Melbourne,REGIONAL,,,1,2,2025,2026,1
1218,1766190664665847032,FENIM0RE,Germany,Cologne,REGIONAL,,,1,2,2026,2026,0
1219,7604462246294972571,Ueberrest,Switzerland,All,REGIONAL,,,2,3,2026,2026,0
1220,2770506958009172738,Cheval (IT),Italy,Sicily,REGIONAL,,,1,1,2023,2023,0
1221,3296835406913030395,Pabie,Italy,North,REGIONAL,,,1,1,2023,2023,0
1222,5543436556686020911,Niculin Barandun,Switzerland,All,REGIONAL,,,1,1,2025,2025,0
1223,1785571163604232006,96 Back,United Kingdom,North,REGIONAL,,,2,3,2019,2022,3
1224,8133528308845944950,Mish,Mexico,Monterrey,REGIONAL,,,1,2,2022,2026,4
1225,5490949666025781216,Cáit,Ireland,Dublin,REGIONAL,,,2,4,2019,2025,6
1226,3237325376208268297,Bezar,United Kingdom,London,REGIONAL,,,1,1,2022,2022,0
1227,4591036365048578781,Wink,United Kingdom,London,REGIONAL,,,1,1,2022,2022,0
1228,6250837588915763012,Conor Thomas,United Kingdom,North,REGIONAL,,,1,2,2024,2026,2
1229,2588240263439843766,Laila Sakini,United Kingdom,London,REGIONAL,,,2,3,2023,2024,1
1230,1082254914393640320,Beau Wanzer,United States of America,Chicago,REGIONAL,,,1,1,2025,2025,0
1231,5387287613255444396,FELINTO,Brazil,Sao Paulo,REGIONAL,,,1,1,2025,2025,0
1232,7009875738289589937,MA.MOYO,United Kingdom,London,REGIONAL,,,1,1,2025,2025,0
1233,5021512158783822047,ZAMILSKA,Poland,All,REGIONAL,,,1,1,2015,2015,0
1234,8741964919316298934,Lumisokea,Germany,Berlin,REGIONAL,,,1,1,2015,2015,0
1235,3950668861249670044,Daniel Araya,Sweden,All,REGIONAL,,,1,1,2015,2015,0
1236,3757315644288863188,Lillevan,Germany,Berlin,REGIONAL,,,1,1,2016,2016,0
1237,5932220441711533381,LCC,Spain,North,REGIONAL,,,1,1,2016,2016,0
1238,9146960894201830575,Kara-Lis Coverdale,Canada,Montreal,REGIONAL,,,1,2,2016,2017,1
1239,4354297744258818638,Charlemagne Palestine,United States of America,New York City,REGIONAL,,,1,2,2018,2025,7
1240,1657065532134359039,Elysia Crampton,United States of America,Virginia,TOP1000,,,1,1,2018,2018,0
1241,3977885141853882997,towLie,Sweden,All,REGIONAL,,,2,4,2018,2025,7
1242,4473234821393735184,Johanna Knutsson,Germany,Berlin,TOP1000,,,3,9,2018,2025,7
1243,5107123268172807913,Britton Powell,United States of America,New York City,REGIONAL,,,1,1,2020,2020,0
1244,1102592589758960389,emkay (FI),Finland,Helsinki,REGIONAL,,,2,3,2022,2024,2
1245,4287506397983057955,Antonina Nowacka,Poland,All,REGIONAL,,,1,2,2025,2025,0
1246,8154179220909985668,FiNE,Australia,Sydney,REGIONAL,,,1,1,2025,2025,0
1247,7775931081044472607,Snakeskin,Lebanon,Beirut,REGIONAL,,,1,1,2025,2025,0
1248,5428979223213497787,Simona Zamboli,Italy,Milan,REGIONAL,,,1,1,2026,2026,0
1249,8819143485736695584,Illesnoise,Netherlands,Amsterdam,REGIONAL,,,2,5,2014,2017,3
1250,6599985200246513418,Nathan Barato,Canada,Toronto,REGIONAL,,,1,1,2015,2015,0
1251,7273366343439922860,Amanda Mussi,Brazil,Sao Paulo,REGIONAL,,,1,1,2019,2019,0
1252,2396549194491123143,Adam Rahman,India,Chennai,REGIONAL,,,1,2,2020,2023,3
1253,8052562004839172800,Ana Lilia,India,Mumbai,REGIONAL,,,1,6,2021,2025,4
1254,8376961466775044173,Minus,Romania,Bucharest,REGIONAL,,,1,1,2021,2021,0
1255,1377299200299180678,Deep Brown,India,Mumbai,REGIONAL,,,1,6,2022,2025,3
1256,4835997043797665593,Giolì,,,,,,1,3,2022,2022,0
1257,2205402111262793665,Assia,,,,,,1,3,2022,2022,0
1258,6819022156177121044,Killzen (Live),India,Delhi,REGIONAL,,,1,1,2022,2022,0
1259,2730134025200365296,KILIMANJARO,United Kingdom,Glasgow,REGIONAL,,,2,4,2023,2024,1
1260,3325486471740479464,Seventh Sea,India,Bangalore,REGIONAL,,,1,1,2023,2023,0
1261,400204415690058877,Milton Chuquer,Brazil,Sao Paulo,REGIONAL,,,1,1,2024,2024,0
1262,4531983721559652152,Zequenx,India,Delhi,REGIONAL,,,1,1,2024,2024,0
1263,2692294994887862213,Dreamstates,India,Mumbai,REGIONAL,,,1,1,2025,2025,0
1264,610926738983343433,Stephanie Lobstein,Peru,All,REGIONAL,,,1,1,2025,2025,0
1265,6426074272299034331,Rancido,Netherlands,Rotterdam,REGIONAL,,,1,1,2025,2025,0
1266,7766353469655369754,Waqar,Denmark,Copenhagen,REGIONAL,,,1,5,2010,2013,3
1267,1246928116626983834,Rune RK,Denmark,All,REGIONAL,,,1,1,2010,2010,0
1268,8467893734475666529,Toof,,,,,,1,1,2010,2010,0
1269,3837682151364138621,Seymen,,,,,,1,1,2010,2010,0
1270,8789976359723145487,Palindrom,Denmark,All,REGIONAL,,,1,1,2011,2011,0
1271,5638781808248384814,Jørgensen,Netherlands,All,REGIONAL,,,1,1,2011,2011,0
1272,9043344069673072303,Ctrls,Denmark,All,REGIONAL,,,1,5,2015,2018,3
1273,4499579961948934410,Warte:mal,Denmark,All,REGIONAL,,,1,2,2017,2019,2
1274,2383413829263707365,AV AV AV,Denmark,All,REGIONAL,,,1,1,2018,2018,0
1275,8285904426617139124,The Frederik,Denmark,Copenhagen,REGIONAL,,,1,2,2018,2019,1
1276,5740401273518546839,Fulltone,Egypt,All,REGIONAL,,,1,1,2018,2018,0
1277,4090361297303404485,Lund&Rønde,Denmark,Copenhagen,REGIONAL,,,1,2,2018,2025,7
1278,4514651954554875280,Et Andet Sted,Denmark,Copenhagen,REGIONAL,,,1,1,2018,2018,0
1279,3078757823627784910,Simone Ahà,Denmark,Copenhagen,REGIONAL,,,1,1,2018,2018,0
1280,5009787338207411272,Skarn,Denmark,All,REGIONAL,,,1,2,2018,2023,5
1281,7567289988955642798,B From E,Denmark,All,REGIONAL,,,1,2,2018,2026,8
1282,6939556206194100221,AndreVictor,Brazil,Sao Paulo,REGIONAL,,,1,1,2019,2019,0
1283,7213274528846256498,Powel,Germany,Berlin,REGIONAL,,,1,2,2019,2019,0
1284,3814869694456903473,Cynnamon,Denmark,Copenhagen,REGIONAL,,,1,1,2022,2022,0
1285,6908034685956125081,Oscar Hugo,Denmark,Copenhagen,REGIONAL,,,1,1,2022,2022,0
1286,1476062108149444713,Suciu,Romania,All,REGIONAL,,,1,1,2022,2022,0
1287,5556347571476397745,Viscerale,Germany,Berlin,REGIONAL,,,1,1,2022,2022,0
1288,707510436225119680,Aeromatik,Denmark,Copenhagen,REGIONAL,,,1,1,2023,2023,0
1289,2647157908282093623,Divad Yaya,Spain,East,REGIONAL,,,1,1,2023,2023,0
1290,8099651286674596885,HEX ELECTRONIX,Denmark,Copenhagen,REGIONAL,,,1,1,2023,2023,0
1291,6295397888302019035,NILU,Denmark,All,REGIONAL,,,1,2,2023,2024,1
1292,8184204109756017411,OnsBerg,Denmark,Copenhagen,REGIONAL,,,1,1,2023,2023,0
1293,6759716890019505293,Montana,Netherlands,Amsterdam,REGIONAL,,,1,1,2024,2024,0
1294,8794683656184374905,Ryong,Denmark,Copenhagen,REGIONAL,,,1,1,2024,2024,0
1295,5510167920582498898,Franarchy,Denmark,Copenhagen,REGIONAL,,,1,1,2024,2024,0
1296,3199274404161600187,Alto Aria,Denmark,Copenhagen,REGIONAL,,,1,1,2024,2024,0
1297,1484907659933218054,Sophie van Hayden,Germany,Schleswig-Holstein,REGIONAL,,,1,1,2025,2025,0
1298,729379458479922466,Fnatik,Germany,Schleswig-Holstein,REGIONAL,,,1,1,2025,2025,0
1299,1294914844676779756,Carlo,,,,,,2,2,2023,2025,2
1300,5213321377980748176,Jorkes,Greece,All,REGIONAL,,,2,6,2023,2026,3
1301,7708987707558789286,Milo Makua,Denmark,Copenhagen,REGIONAL,,,2,2,2023,2025,2
1302,4158035195550982323,steamboi,Denmark,Copenhagen,REGIONAL,,,1,3,2025,2026,1
1303,2818579909988811573,Frølår,Denmark,Copenhagen,REGIONAL,,,1,1,2026,2026,0
1304,3466251043815084012,Tarek Charbonnier,United Kingdom,London,REGIONAL,,,1,1,2017,2017,0
1305,714928892308688071,SCB,United Kingdom,London,REGIONAL,,,1,1,2018,2018,0
1306,1680550263963498094,Deeds,United Kingdom,London,REGIONAL,,,1,1,2020,2020,0
1307,2889780060659047932,Trudy.JPG,United Kingdom,London,REGIONAL,,,1,2,2021,2021,0
1308,8858157589818354849,Ceylan Göksel,Turkey,Istanbul,REGIONAL,,,1,2,2023,2024,1
1309,6569366472238329630,Leart Rama,Kosovo,All,REGIONAL,,,1,1,2023,2023,0
1310,442063617480703447,Cirez D,Sweden,All,REGIONAL,,,1,1,2023,2023,0
1311,3714121623977334773,Blackout,Israel,All,REGIONAL,,,1,2,2023,2023,0
1312,3533973843827299521,DELASFLORES,Spain,South,REGIONAL,,,2,2,2023,2024,1
1313,7938579985381432216,Uran B.,Kosovo,All,REGIONAL,,,1,1,2024,2024,0
1314,531062298998440887,Hilu,United States of America,Detroit,REGIONAL,,,1,1,2024,2024,0
1315,5178818975348780892,Kagge,,,,,,1,1,2017,2017,0
1316,7661793517745126052,Bowen,,,,,,1,1,2017,2017,0
1317,8650872042295077166,mayo (2),Netherlands,Amsterdam,REGIONAL,,,1,1,2026,2026,0
1318,2577571300601237806,Abstraxion,France,Marseille,REGIONAL,,,1,1,2022,2022,0
1319,1961137119581025865,NEMS-B,France,South East,REGIONAL,,,1,1,2022,2022,0
1320,3395092446591761395,Esther,Germany,Freiburg,REGIONAL,,,1,1,2023,2023,0
1321,794127142472886610,Phantom Traffic,France,Paris,REGIONAL,,,1,1,2023,2023,0
1322,5272217967238111917,Azyr,United Kingdom,Manchester,REGIONAL,,,3,6,2024,2026,2
1323,1172980369149434012,blk.,Ireland,Limerick,REGIONAL,,,1,2,2024,2026,2
1324,8344973276807168956,Derv,Ireland,Dublin,REGIONAL,,,1,1,2025,2025,0
1325,2193810646884424686,JWY (1),Netherlands,Amsterdam,REGIONAL,,,2,2,2025,2026,1
1326,3147080940322656033,Vincent Lemieux,Canada,Montreal,REGIONAL,,,1,1,2019,2019,0
1327,6052242397222352059,Felix Reifenberg,Germany,Frankfurt,REGIONAL,,,1,1,2019,2019,0
1328,3664134935606880312,Akatana,Germany,Berlin,REGIONAL,,,1,1,2019,2019,0
1329,4648844446959368593,John Shima,United Kingdom,London,REGIONAL,,,2,2,2019,2022,3
1330,7024659020399406177,Kid Fiesta,United Kingdom,London,REGIONAL,,,1,18,2010,2026,16
1331,8871440487644510284,Ryan Stylus,United Kingdom,London,REGIONAL,,,1,1,2010,2010,0
1332,6462636673177932989,Trench,United States of America,Detroit,REGIONAL,,,1,1,2011,2011,0
1333,7216816429027949221,Tim Keenoy,United Kingdom,London,REGIONAL,,,1,1,2012,2012,0
1334,2515006499820088535,Ze Salvador,Portugal,Lisbon,REGIONAL,,,1,1,2017,2017,0
1335,1748805035069327372,Diogo Lacerda,Portugal,Lisbon,REGIONAL,,,1,1,2018,2018,0
1336,6639476969713912361,Salbany,Portugal,Lisbon,REGIONAL,,,1,1,2025,2025,0
1337,2559051671519801460,Two Pauz,Belgium,Brussels,REGIONAL,,,1,5,2018,2019,1
1338,6646478100557757643,ELIF,Turkey,Istanbul,REGIONAL,,,2,2,2019,2023,4
1339,6666857875420092732,Amato,,,,,,1,1,2019,2019,0
1340,6630248129263393827,Mel C,France,Paris,REGIONAL,,,1,1,2024,2024,0
1341,963233889263984488,Mary B (2),Portugal,Lisbon,REGIONAL,,,1,1,2024,2024,0
1342,7981706365816259169,John Gilliot,Belgium,Brussels,REGIONAL,,,1,1,2026,2026,0
1343,2388693991802405992,ESIN BOZ,Belgium,Antwerp,REGIONAL,,,1,1,2026,2026,0
1344,3930734064554157412,Dead Rose Music Company,United Kingdom,North,REGIONAL,,,1,1,2013,2013,0
1345,6051359857918514785,Deadly Sins,United Kingdom,London,REGIONAL,,,1,1,2015,2015,0
1346,4714486599872712083,Mowgli (NL),Netherlands,Rotterdam,REGIONAL,,,2,4,2023,2024,1
1347,3275796793368597321,Nitam,Germany,Berlin,REGIONAL,,,1,3,2017,2019,2
1348,5763694710823356533,Julio Paradise,Germany,Berlin,REGIONAL,,,1,6,2019,2024,5
1349,2170973935666200281,Acierate,Germany,Berlin,REGIONAL,,,1,1,2020,2020,0
1350,7672652889113628876,His Master's Voice,Germany,Hannover,REGIONAL,,,1,1,2020,2020,0
1351,4484591711361814352,Polly F,Netherlands,Amsterdam,REGIONAL,,,1,1,2023,2023,0
1352,8479105603438175656,Denny Voltage,Germany,Berlin,REGIONAL,,,2,2,2025,2025,0
1353,3905604066439116104,Manolo. (DE),United States of America,New Hampshire,REGIONAL,,,1,1,2025,2025,0
1354,6595435829519093905,DJ Steaw,France,Paris,REGIONAL,,,2,2,2017,2022,5
1355,1264633323606414671,Job de Jong,Netherlands,Amsterdam,REGIONAL,,,1,18,2023,2026,3
1356,4877661740102569277,Dimmish,Italy,Central,REGIONAL,,,1,3,2024,2024,0
1357,2125341586820847047,George Smeddles,United Kingdom,London,REGIONAL,,,1,1,2024,2024,0
1358,7247895350623027569,Us Two,United Kingdom,Midlands,REGIONAL,,,1,1,2025,2025,0
1359,1435219694414374171,Ben Horton,Australia,Sydney,REGIONAL,,,1,1,2025,2025,0
1360,3021784814345885298,Max Chapman,United Kingdom,London,REGIONAL,,,1,1,2025,2025,0
1361,844410165811697189,DRVSH,France,South East,REGIONAL,,,1,1,2018,2018,0
1362,4699201398058886639,Lowbass,France,West,REGIONAL,,,1,1,2021,2021,0
1363,4182780779652952148,Doruksen,Cyprus,All,REGIONAL,,,1,1,2024,2024,0
1364,4779913054392318125,DJ Bienveillance,France,Lyon,REGIONAL,,,1,1,2026,2026,0
1365,4033368426629073707,Jacidorex,Belgium,All,REGIONAL,,,1,1,2026,2026,0
1366,6243264697183903051,Nicky C,United Kingdom,London,REGIONAL,,,1,1,2017,2017,0
1367,6512312882711506927,Serial Killaz,United Kingdom,London,REGIONAL,,,1,1,2024,2024,0
1368,8247277440322817556,Jerome Sydenham,Nigeria,All,TOP1000,,,1,1,2016,2016,0
1369,1828950877936214774,Jan Oberlaender,Germany,Mecklenburg-Vorpommern,REGIONAL,,,1,1,2019,2019,0
1370,8383581564834055400,dtekk,Poland,All,REGIONAL,,,1,1,2025,2025,0
1371,4491732327484065327,Ezeo,Iceland,All,REGIONAL,,,1,1,2025,2025,0
1372,658315956776834120,Fernanda Pistelli,Brazil,Sao Paulo,REGIONAL,,,1,1,2025,2025,0
1373,7279748683187093147,Panton,Canada,Montreal,REGIONAL,,,1,1,2025,2025,0
1374,2026631117813888746,David Penn,Spain,Madrid,REGIONAL,,,1,5,2019,2022,3
1375,3123449134235366997,Eli Escobar,United States of America,New York City,REGIONAL,,,2,3,2019,2026,7
1376,7172783189055774810,Mat.Joe,Germany,Berlin,REGIONAL,,,1,1,2019,2019,0
1377,3031749500266062457,Nasser Baker,United States of America,New Jersey,REGIONAL,,,1,1,2019,2019,0
1378,7830942990451938886,Phonk D,Germany,Darmstadt,REGIONAL,,,1,1,2019,2019,0
1379,7307269835601496673,Blacksoul,Croatia,All,REGIONAL,,,1,1,2019,2019,0
1380,5205369906974627998,Jas P,United Kingdom,London,REGIONAL,,,1,1,2019,2019,0
1381,8369991219283464862,CDC,United Kingdom,North,REGIONAL,,,1,1,2020,2020,0
1382,3312977356800097929,Lovebirds,Germany,Berlin,REGIONAL,,,1,1,2020,2020,0
1383,1337238271150307459,Niall Redmond,Ireland,All,REGIONAL,,,1,1,2021,2021,0
1384,8711104330824461647,Anna Collecta,United States of America,New York City,REGIONAL,,,1,1,2022,2022,0
1385,2532066230927644806,753,Spain,Barcelona,REGIONAL,,,1,2,2025,2025,0
1386,8584909919466354799,Vendex,Spain,Barcelona,REGIONAL,,,1,2,2025,2025,0
1387,4765611542645125973,Jude Lenihan,United Kingdom,London,REGIONAL,,,1,1,2026,2026,0
1388,4978539161879352553,Mashyno,Germany,Berlin,REGIONAL,,,1,1,2022,2022,0
1389,2004422678474328780,Sherø,Germany,Berlin,REGIONAL,,,1,2,2022,2023,1
1390,761839883561837892,Aerea Negrot,Venezuela,All,REGIONAL,,,1,1,2023,2023,0
1391,7103677696372945482,Mitch Nunn,United Kingdom,London,REGIONAL,,,1,4,2019,2023,4
1392,1664442477735310328,JOSH FB,United Kingdom,London,REGIONAL,,,1,3,2022,2023,1
1393,8647777850164004808,Alex Virgo,United Kingdom,London,REGIONAL,,,1,1,2023,2023,0
1394,5376888672724930318,Kilig,United Kingdom,London,REGIONAL,,,1,1,2023,2023,0
1395,2062885614047739520,Sunni D,United Kingdom,London,REGIONAL,,,1,2,2023,2023,0
1396,4989473267423632826,Beavs,United Kingdom,Bristol,REGIONAL,,,1,1,2026,2026,0
1397,1566791880309620736,RONISA,United Kingdom,London,REGIONAL,,,1,1,2026,2026,0
1398,6146565679320280406,Jackmate,Germany,Stuttgart,REGIONAL,,,1,12,2007,2015,8
1399,5526513803199382716,Grimes Adhesif,United Kingdom,London,REGIONAL,,,3,21,2007,2022,15
1400,5489150987253973417,Earthdoctor,United Kingdom,West + Wales,REGIONAL,,,1,19,2007,2026,19
1401,5104056493595357796,Spacetime Continuum,United States of America,Los Angeles,REGIONAL,,,1,1,2008,2008,0
1402,4919422561866913947,Reagenz,Germany,Mannheim,REGIONAL,,,1,5,2008,2011,3
1403,4270532072579536751,Fata,Germany,Berlin,REGIONAL,,,1,4,2008,2009,1
1404,4707047533794913129,Russ Gabriel,Germany,Stuttgart,REGIONAL,,,1,6,2009,2017,8
1405,8577004695722159574,Gatekeeper,United States of America,Chicago,REGIONAL,,,1,1,2010,2010,0
1406,8677302983956004021,Staffan Linzatti,Sweden,All,REGIONAL,,,1,1,2014,2014,0
1407,4030088478975592642,BMO,United Kingdom,West + Wales,REGIONAL,,,1,3,2014,2022,8
1408,6537106270606932652,Mudkid,France,Central,REGIONAL,,,1,1,2016,2016,0
1409,2476304671298264223,Patrice,United Kingdom,Glasgow,REGIONAL,,,1,2,2017,2019,2
1410,723075398946698339,Ben-E,Netherlands,Utrecht,REGIONAL,,,1,1,2023,2023,0
1411,8892354646697971688,Carl Gari,Germany,Berlin,REGIONAL,,,1,1,2023,2023,0
1412,2997766369106288357,CYRK,Germany,Berlin,REGIONAL,,,1,1,2023,2023,0
1413,7583535465799604281,Kessel Vale,Germany,Munich,REGIONAL,,,1,1,2023,2023,0
1414,1590111175009193044,Sarmabot,,,REGIONAL,,,1,1,2023,2023,0
1415,3668042173232561575,Menal Batti,Sweden,All,REGIONAL,,,1,3,2024,2026,2
1416,7329835712876018198,Kong (DK),Denmark,All,REGIONAL,,,1,1,2024,2024,0
1417,3992907910131036668,FORTUNATA,Colombia,All,REGIONAL,,,1,1,2025,2025,0
1418,3482917503779223634,Hanno,Germany,Munich,REGIONAL,,,1,1,2025,2025,0
1419,7719703211137441980,Ivan,South Africa,Cape Town,REGIONAL,,,1,2,2025,2026,1
1420,2497745399780221669,Kyle Russouw,South Africa,Cape Town,REGIONAL,,,1,1,2025,2025,0
1421,815362472026998035,GHXST Bunny,South Africa,Cape Town,REGIONAL,,,1,1,2025,2025,0
1422,2619921427853125450,Elpe,Germany,Bavaria,REGIONAL,,,1,1,2026,2026,0
1423,7777976186050959009,FRECUENCIA,Colombia,Medellin,REGIONAL,,,1,1,2026,2026,0
1424,5218256399658201372,Leyla (3),Germany,Munich,REGIONAL,,,1,1,2026,2026,0
1425,4099722304395229372,Tig,Belgium,All,REGIONAL,,,1,3,2017,2019,2
1426,6907785546044102124,Murcof,United States of America,Los Angeles,REGIONAL,,,1,1,2018,2018,0
1427,428973419406897345,Felix's Machines,United Kingdom,South + East,REGIONAL,,,1,1,2018,2018,0
1428,995596640954414406,Fernando Martinez,Spain,Barcelona,REGIONAL,,,1,1,2019,2019,0
1429,9096149496445494156,Rozzo,Switzerland,All,REGIONAL,,,1,1,2019,2019,0
1430,8627697152175014273,Thiago Guiselini,Brazil,All,REGIONAL,,,1,1,2019,2019,0
1431,4562880807158808391,Seefeel,United Kingdom,London,REGIONAL,,,2,2,2022,2026,4
1432,7469364440795986462,Eli Keszler,United States of America,New York City,REGIONAL,,,1,1,2023,2023,0
1433,4938634089732109751,HHY,,,,,,1,1,2023,2023,0
1434,5818428373456577616,Eric Cloutier,United States of America,Detroit,TOP1000,,,1,1,2023,2023,0
1435,1375869688267285705,Steve Angstrom,United Kingdom,Liverpool,REGIONAL,,,1,1,2024,2024,0
1436,8987788871413448188,Lubomyr Melnyk,Ukraine,All,REGIONAL,,,1,1,2024,2024,0
1437,4357331882486223028,Serenne,Switzerland,Zurich,REGIONAL,,,1,1,2025,2025,0
1438,6324077018616951219,Heath,,,,,,1,1,2019,2019,0
1439,3761022389335268945,Hugh Taylor,,,,,,1,1,2019,2019,0
1440,5668207532021727450,Terry Cotta,,,,,,1,3,2021,2024,3
1441,3377161669255198819,Kit Lockey,,,,,,1,3,2022,2024,2
1442,8496456635849635907,Charleze,,,,,,1,2,2023,2024,1
1443,1590164875196176222,DJ Space Taxi,,,,,,1,1,2023,2023,0
1444,3370332616733264866,Jack Hughman,,,,,,1,1,2023,2023,0
1445,2283135213753288346,Tatiana,,,,,,1,1,2023,2023,0
1446,3448347078391659248,manj,,,,,,1,1,2024,2024,0
1447,1361679853715310167,Minashi,,,,,,1,2,2024,2025,1
1448,342023493901817107,Alicia (IT),,,,,,1,1,2025,2025,0
1449,3533995490112697512,AYSHA,,,,,,1,1,2025,2025,0
1450,4488909327614966460,Forever,,,,,,1,1,2025,2025,0
1451,5032308997747130166,Pappafunk,,,,,,1,1,2025,2025,0
1452,1565428444618492562,ellzyb,,,,,,1,1,2026,2026,0
1453,3054260669294303389,Innerstice,,,,,,1,1,2026,2026,0
1454,1782217806062111875,Karim Bitar,,,,,,1,1,2026,2026,0
1455,2987186032944084497,whiskey,,,,,,1,1,2026,2026,0
1456,4243869055016862727,Preet,,,,,,1,1,2026,2026,0
1457,1620858394472845280,SLVN,,,,,,1,1,2026,2026,0
1458,3894607122630667097,Bliz Nochi,,,,,,1,1,2023,2023,0
1459,3255377456833649025,KAJE,,,,,,1,1,2023,2023,0
1460,6477023084519028286,Bastian Benjamin,,,,,,1,1,2024,2024,0
1461,2225423138401454000,Katie (NL),,,,,,1,1,2024,2024,0
1462,5420392651086042006,Lady Joker,,,,,,1,1,2024,2024,0
1463,2917859074196694192,yunginternet,,,,,,1,1,2024,2024,0
1464,1940385600971157987,ZEP (NL),,,,,,1,1,2024,2024,0
1465,5976154998833116431,Louf,,,,,,1,1,2025,2025,0
1466,3103889923585296127,Housewife (UK),,,,,,1,2,2025,2026,1
1467,3270222190087009788,Kalumbo,,,,,,1,1,2025,2025,0
1468,2303820167981264700,E. Alexander,,,,,,1,1,2026,2026,0
1469,6465785358337505219,Taylor Kerr,,,,,,1,1,2026,2026,0
1470,7344392639658927790,Nastia Reigel,,,,,,1,1,2026,2026,0
1471,3635161694190344689,Tau Ceti,,,,,,1,1,2026,2026,0
1472,5557293233915710098,Mari Sakurai,,,,,,1,1,2026,2026,0
1473,7965491982215069128,Mola Mola,,,,,,1,1,2026,2026,0
1474,2690700142935512730,Ferro.C90,,,,,,1,1,2026,2026,0
1475,2372204867564526533,James Grouper,,,,,,1,1,2026,2026,0
1476,8017845076144193210,Jose Noventa,,,,,,1,1,2025,2025,0
1477,4897498239962084928,lisa luka,,,,,,1,1,2025,2025,0
1478,4219785961984436848,Elpawel,,,,,,1,1,2025,2025,0
1479,6106943617984624118,Nacho Isa,,,,,,1,1,2026,2026,0
1480,3129398316720856901,Outsiders,,,,,,1,1,2026,2026,0
1481,1135006271417347339,Cyberdom,,,,,,1,1,2026,2026,0
1482,8537616029032599109,Hubie Davison,,,,,,1,1,2016,2016,0
1483,4098335627731162511,Brame,,,,,,1,6,2016,2022,6
1484,2360808200517544444,Bobby Analog,,,,,,1,2,2017,2021,4
1485,8034361149605207153,Kapoor,,,,,,1,1,2017,2017,0
1486,5694897307701328792,Crock,,,,,,1,5,2019,2023,4
1487,4648533013910749670,Daniel Miller,,,,,,1,1,2020,2020,0
1488,3327644586068220928,Emby,,,,,,1,5,2021,2025,4
1489,8577978063761899848,DJ Time of the Month,,,,,,1,6,2022,2026,4
1490,4803744509886795882,Triple Threat,,,,,,1,1,2023,2023,0
1491,558114252951433681,Charli XCX,,,,,,2,2,2020,2024,4
1492,194261454477513532,Puzzy Wrangler,,,,,,1,1,2026,2026,0
1493,2732551139778890297,OJ Wilson,,,,,,1,1,2026,2026,0
1494,5729463992674735130,Shades Of Rhythm,,,,,,1,1,2024,2024,0
1495,6174737590643480672,McCart,,,,,,1,1,2024,2024,0
1496,6413652692673704830,Kairogen,,,,,,1,1,2026,2026,0
1497,2163864380641007792,Endfest,,,,,,1,1,2007,2007,0
1498,6265594571698844754,Yaron Cohen,,,,,,1,1,2008,2008,0
1499,2643854204538783956,Ranz und Tanz,,,,,,1,2,2008,2009,1
1500,2321052681460294669,DJ Pure,,,,,,1,1,2012,2012,0
1501,3345708560050810632,Micha Venderbos,,,,,,1,2,2013,2017,4
1502,5334226127923007645,Minilogue,,,,,,1,1,2015,2015,0
1503,7806418173682602099,Niels Klein,,,,,,1,1,2017,2017,0
1504,7331325243117986684,Tsandr,,,,,,1,1,2019,2019,0
1505,2646004654812470473,Hennio,,,,,,1,2,2023,2023,0
1506,6772461019595383863,Tomas,,,,,,1,1,2023,2023,0
1507,1096706696848298590,Reich (NL),,,,,,1,1,2024,2024,0
1508,3436462416300874512,Emma Valtonen,,,,,,1,1,2019,2019,0
1509,339887015004224468,Miro-Benji,,,,,,1,1,2019,2019,0
1510,8786649178599430982,Onni Boi,,,,,,1,1,2019,2019,0
1511,4182429616100536386,Inner Totality,,,,,,1,1,2023,2023,0
1512,4411183772393273961,Suski,,,,,,1,1,2023,2023,0
1513,5054574346135208013,Kaspiann,,,,,,1,1,2024,2024,0
1514,6035710686007181553,Rasmus Hedlund,,,,,,1,1,2025,2025,0
1515,3391131398835874213,Jessie Granqvist,,,,,,1,1,2026,2026,0
1516,6659240195149286179,Mary Young,,,,,,1,1,2026,2026,0
1517,3205833433132070586,Ortin Cam,Belgium,All,REGIONAL,,,1,2,2006,2008,2
1518,6783251867389172625,Nomar,Netherlands,Amsterdam,REGIONAL,,,1,1,2007,2007,0
1519,1906486351471509526,Mark August,Netherlands,Amsterdam,REGIONAL,,,1,1,2008,2008,0
1520,3158729032187631072,DJ Lukas,Brazil,Sao Paulo,REGIONAL,,,1,2,2010,2014,4
1521,8248601892979462293,Riso,Netherlands,Amsterdam,REGIONAL,,,1,1,2011,2011,0
1522,1984029026597172533,Mr. Jones (NL),Netherlands,Amsterdam,REGIONAL,,,1,1,2015,2015,0
1523,6251547521774333648,DJ Red,,,,,,1,1,2016,2016,0
1524,3442907700735105085,Edge Of Motion,Netherlands,Amsterdam,REGIONAL,,,1,1,2016,2016,0
1525,8949143852655955267,Noise Mafia,Colombia,Bogotá,REGIONAL,,,2,2,2025,2026,1
1526,7118454341803494352,Cloonee,United Kingdom,London,REGIONAL,,,1,1,2026,2026,0
1527,3847005719029048429,TEKNA,Netherlands,Amsterdam,REGIONAL,,,1,1,2024,2024,0
1528,496995065189427165,Vromo,Netherlands,Amsterdam,REGIONAL,,,1,1,2025,2025,0
1529,2006688021995183760,Kameliia,Norway,Oslo,REGIONAL,,,1,1,2026,2026,0
1530,7414316904780250463,Kyle Hall,United States of America,Detroit,TOP1000,,,13,16,2011,2025,14
1531,4596717094180781986,Beesmunt Soundsystem,,,,,,7,13,2012,2025,13
1532,4102293908682115047,Bicep,United Kingdom,London,TOP1000,,,16,44,2013,2025,12
1533,982087461171908469,Casper Tielrooij,Netherlands,Amsterdam,REGIONAL,,,7,120,2007,2026,19
1534,132073576500147356,Barnt,Germany,Cologne,TOP1000,,,7,15,2014,2019,5
1535,2249088264240859385,Dollkraut,Netherlands,Amsterdam,REGIONAL,,,10,22,2008,2019,11
1536,4746485385808352563,Hunee,Germany,Berlin,TOP1000,,,36,117,2011,2026,15
1537,5458887251569688260,Bruxas,Portugal,Lisbon,REGIONAL,,,6,8,2017,2019,2
1538,2238391881620587757,Luc Mast,Netherlands,Amsterdam,REGIONAL,,,3,5,2015,2018,3
1539,8751329859848218621,Max Abysmal,Netherlands,Amsterdam,REGIONAL,,,5,15,2015,2021,6
1540,4806688487903081041,Lovefingers,United States of America,Los Angeles,TOP1000,,,6,12,2017,2025,8
1541,4123058026696989012,Bufiman,Germany,Düsseldorf,TOP1000,,,11,27,2017,2026,9
1542,5720384883493832796,CARISTA,Netherlands,Utrecht,TOP1000,,,31,67,2017,2026,9
1543,3660164846190184068,DJ Fett Burger,Norway,All,TOP1000,,,5,9,2015,2024,9
1544,1843073623137378773,Oceanic,Netherlands,Rotterdam,REGIONAL,,,14,41,2016,2026,10
1545,8482848476569311297,DJ Python,United States of America,New York City,REGIONAL,,,19,30,2018,2026,8
1546,7680867655167140270,Sassy J,Switzerland,All,TOP1000,,,18,47,2015,2025,10
1547,8487571920831204021,Karel,Netherlands,Amsterdam,REGIONAL,,,3,3,2018,2019,1
1548,8815375126409495179,Lauren Hansom,Australia,Sydney,TOP1000,,,11,23,2019,2024,5
1549,3043017299753748049,Mall Grab,Australia,Sydney,TOP1000,,,24,45,2017,2026,9
1550,1903729416468356450,Gatto Fritto,United Kingdom,London,REGIONAL,,,6,13,2016,2019,3
1551,2142313401758269512,Jameszoo,Netherlands,Amsterdam,REGIONAL,,,10,23,2013,2026,13
1552,7979220910197308842,Jasmín,Netherlands,Amsterdam,REGIONAL,,,10,29,2019,2026,7
1553,8354206848815985213,LYZZA,Brazil,Rio de Janeiro,REGIONAL,,,5,5,2018,2026,8
1554,4398829602868393941,Gabrielle Kwarteng,United States of America,New York City,REGIONAL,,,29,62,2019,2026,7
1555,2133202277919964967,Masalo,Netherlands,Amsterdam,REGIONAL,,,16,38,2017,2026,9
1556,2146799109051807862,Bianca Lexis,United States of America,Los Angeles,REGIONAL,,,6,9,2020,2023,3
1557,7842262838455792898,Lo Kindre,United Kingdom,Glasgow,REGIONAL,,,1,1,2020,2020,0
1558,8936717135048842708,Peach,Canada,Toronto,TOP1000,,,34,95,2019,2026,7
1559,5316555592440919293,DJ Plead,Australia,Sydney,REGIONAL,,,6,8,2020,2026,6
1560,4907359133352145554,Bored Lord,United States of America,Tennessee,REGIONAL,,,11,12,2022,2024,2
1561,1551427302400396913,Leroy Burgess,United States of America,New York City,REGIONAL,,,6,10,2016,2025,9
1562,6016778449089783807,S-candalo,Germany,Berlin,REGIONAL,,,12,13,2023,2025,2
1563,7563810869668206019,42nd Avenue,Netherlands,All,REGIONAL,,,1,1,2025,2025,0
1564,5180325829081741040,Godsendo,Netherlands,Amsterdam,REGIONAL,,,2,2,2026,2026,0
1565,1040564474252483244,Saoirse,Ireland,Dublin,TOP1000,,,33,105,2015,2026,11
1566,4926367326797527965,Walrus,Belgium,All,REGIONAL,,,8,20,2017,2026,9
1567,8773013116800151596,Rhadoo,Romania,All,TOP1000,,,14,23,2015,2026,11
1568,503572201587181305,Jeff Mills,United States of America,Chicago,TOP1000,,,24,84,2008,2026,18
1569,4518047078790054897,Praslesh,Romania,All,REGIONAL,,,3,3,2018,2023,5
1570,4248013158186686156,Tornado Wallace,Australia,Melbourne,TOP1000,,,11,24,2013,2026,13
1571,8041937187256709739,Vlada,Russia,Moscow,TOP1000,,,21,43,2017,2026,9
1572,4947283427436588076,Cosmin TRG,Romania,All,REGIONAL,,,4,9,2011,2019,8
1573,3843933468313690979,Chris Ferreira,Belgium,Brussels,REGIONAL,,,3,3,2019,2020,1
1574,2825356729490968533,Herton,Belgium,Brussels,REGIONAL,,,1,1,2022,2022,0
1575,6647015214653043483,Innershades,Belgium,Brussels,REGIONAL,,,3,6,2015,2025,10
1576,8142172077930616392,Jan Vercauteren,Belgium,Brussels,REGIONAL,,,1,1,2022,2022,0
1577,556690504412205223,Le Motel,Belgium,Brussels,REGIONAL,,,7,14,2017,2026,9
1578,2155229842377400622,Nene H,Germany,Berlin,TOP1000,,,12,19,2021,2024,3
1579,766978360680321048,Altinbas,Belgium,All,REGIONAL,,,7,12,2022,2026,4
1580,6732855286382384814,Catalina,Belgium,Brussels,REGIONAL,,,4,7,2022,2026,4
1581,5642146796253684330,Allatt,,,,,,17,31,2018,2026,8
1582,6647112145553991834,The Lady Machine,Brazil,Rio de Janeiro,REGIONAL,,,8,8,2023,2026,3
1583,3346995163587358877,GiGi FM,,,REGIONAL,,,24,36,2019,2026,7
1584,141536135515703769,Mankiyan,Belgium,Brussels,REGIONAL,,,4,7,2022,2026,4
1585,7351616976919198227,Marie-Julie,Belgium,All,REGIONAL,,,3,6,2023,2026,3
1586,7686123164768090744,Blawan,United Kingdom,North,TOP1000,,,32,89,2012,2026,14
1587,307971423997292545,Bim Jecker,Belgium,All,REGIONAL,,,1,1,2024,2024,0
1588,3063046920044145064,Stojche,North Macedonia,All,REGIONAL,,,2,3,2025,2026,1
1589,4233046338627094938,Jane Fitz,United Kingdom,London,TOP1000,,,33,86,2010,2026,16
1590,7174833150551585925,KŌMA (3),Belgium,Brussels,REGIONAL,,,3,3,2025,2026,1
1591,6110204002518816321,MCR-T,Germany,Berlin,REGIONAL,,,12,20,2022,2026,4
1592,4601788545434703165,Patrick Mason,Germany,Berlin,REGIONAL,,,13,26,2022,2026,4
1593,5194654228742529592,Pegassi,Belgium,Antwerp,REGIONAL,,,10,15,2024,2026,2
1594,3559059881909842891,Exuvie,Belgium,Brussels,REGIONAL,,,2,3,2025,2026,1
1595,4466674957369943578,Mantra,United Kingdom,London,REGIONAL,,,9,17,2020,2026,6
1596,1777102251100145107,Alicia (UK),United Kingdom,London,REGIONAL,,,6,8,2022,2026,4
1597,3167066170031782709,Conrad Pack,,,REGIONAL,,,3,4,2022,2026,4
1598,7999077424841839269,Jacky Jeane,France,Paris,REGIONAL,,,5,9,2024,2026,2
1599,1216337221622782720,Judaah,France,Lyon,REGIONAL,,,2,2,2019,2026,7
1600,3918230929284322549,marino2,France,Nantes,REGIONAL,,,1,1,2026,2026,0
1601,1970497763792160257,mu tate,Latvia,All,REGIONAL,,,1,1,2026,2026,0
1602,6400865724513512415,Shackleton,United Kingdom,London,TOP1000,,,14,44,2007,2026,19
1603,2265073268843198705,Soa420,France,Nantes,REGIONAL,,,3,3,2024,2026,2
1604,8968127143646936524,Mike Midnight,Australia,Perth,REGIONAL,,,1,1,2026,2026,0
1605,3643403796735399753,Command D (1),Australia,New South Wales,REGIONAL,,,1,1,2026,2026,0
1606,8442219440581756722,Natt A Regular Guy,Germany,Berlin,REGIONAL,,,1,1,2024,2024,0
1607,4231075239886910213,Shakolin,Ukraine,Kyiv,REGIONAL,,,4,6,2024,2026,2
1608,7950365178332617109,All Shade,United Kingdom,London,REGIONAL,,,1,1,2025,2025,0
1609,8234431399091446465,Anthea,United Kingdom,London,TOP1000,,,15,24,2019,2026,7
1610,8520600643986018368,Arto,Estonia,Tallinn,REGIONAL,,,1,1,2025,2025,0
1611,3061894363658241055,Ciron,Germany,Mannheim,REGIONAL,,,1,1,2025,2025,0
1612,1962694135323283583,Javier Gallardo,Germany,Munich,REGIONAL,,,2,3,2025,2026,1
1613,8831093257271295706,Metaxxa,Greece,Athens,REGIONAL,,,1,2,2025,2026,1
1614,8258517262285146604,RNO (1),Greece,Athens,REGIONAL,,,1,2,2025,2026,1
1615,4263451221193333652,Alex Pastor,United States of America,Los Angeles,REGIONAL,,,1,1,2026,2026,0
1616,3191228869157712447,Dan Piu,Switzerland,All,REGIONAL,,,1,1,2026,2026,0
1617,1345739894655882237,Edward,Germany,Berlin,TOP1000,,,12,21,2017,2026,9
1618,5879824433871068777,Elia Nafzger,United Kingdom,London,REGIONAL,,,1,1,2026,2026,0
1619,6284777861804772798,Kalyjama,Greece,Athens,REGIONAL,,,1,1,2026,2026,0
1620,1372756536790627843,Danilo Kupfernagel,Germany,Berlin,REGIONAL,,,1,1,2026,2026,0
1621,2977964451142828983,Natta,Germany,Berlin,REGIONAL,,,1,1,2026,2026,0
1622,6924667172278148818,Late Nite Tuff Guy,Australia,Sydney,REGIONAL,,,5,5,2013,2019,6
1623,7521753979215219482,Barry Can't Swim,United Kingdom,Scotland,REGIONAL,,,6,8,2022,2025,3
1624,1712757820978500814,Legri,France,French Riviera,REGIONAL,,,1,3,2025,2026,1
1625,3484900689417422999,Fiona Kraft,France,Lyon,REGIONAL,,,3,3,2023,2025,2
1626,710592470312704296,Cabanne,France,Paris,TOP1000,,,6,6,2016,2026,10
1627,2836487324004229645,Oleg Bombey,Latvia,All,REGIONAL,,,1,1,2012,2012,0
1628,7747382140290594881,Dirty Owl,,,REGIONAL,,,1,2,2012,2017,5
1629,6194094660433549032,Snobo,Latvia,All,REGIONAL,,,1,1,2012,2012,0
1630,7376401801245296762,Ruxpin,Iceland,All,REGIONAL,,,1,1,2017,2017,0
1631,4175597030970958835,whypeopledance,Lithuania,All,REGIONAL,,,1,3,2017,2018,1
1632,1640223826411519602,Daugvinas,Lithuania,All,REGIONAL,,,1,3,2018,2019,1
1633,8817853837260264077,Monika Ze,Lithuania,All,REGIONAL,,,1,1,2018,2018,0
1634,498117997742070713,Local Suicide,Greece,All,REGIONAL,,,1,1,2019,2019,0
1635,4120404277763973269,Durand,Spain,South,REGIONAL,,,1,1,2019,2019,0
1636,4298534881309846440,Birds (UK),United Kingdom,London,REGIONAL,,,1,1,2022,2022,0
1637,5656912334951282779,INKASSO,Germany,Frankfurt,REGIONAL,,,2,2,2022,2023,1
1638,859640620558060998,Savana,Lithuania,All,REGIONAL,,,1,1,2022,2022,0
1639,8374097512737984975,Da:mu,France,Nantes,REGIONAL,,,2,2,2018,2022,4
1640,796239892045289166,Spectrum Gemini,Lithuania,All,REGIONAL,,,1,1,2022,2022,0
1641,1882069016491146863,VHS Library,Lithuania,All,REGIONAL,,,1,1,2022,2022,0
1642,1046517109860840054,CT Kidobó,Hungary,Budapest,REGIONAL,,,1,1,2023,2023,0
1643,7621871827236893196,Krudy C,Hungary,Budapest,REGIONAL,,,1,1,2023,2023,0
1644,3338395513362752413,Tolo,Hungary,All,REGIONAL,,,1,2,2023,2025,2
1645,240640391365955462,Ben Frost,Iceland,All,TOP1000,,,4,5,2016,2024,8
1646,8147997622944693985,Gabber Eleganza,Italy,Milan,REGIONAL,,,5,7,2019,2026,7
1647,475963417687256666,Gingershot,Hungary,Budapest,REGIONAL,,,1,3,2024,2026,2
1648,4556517656625593122,klpflrtpr,Hungary,Budapest,REGIONAL,,,1,2,2024,2026,2
1649,7529968439917853634,szoliver,,,DENIED,,,1,3,2024,2026,2
1650,5235772692705108308,Actress,United Kingdom,London,TOP1000,,,11,20,2010,2026,16
1651,5258134542637806685,Rozalina,Hungary,Budapest,REGIONAL,,,1,2,2025,2026,1
1652,8374091442991289537,BACO,Venezuela,All,REGIONAL,,,1,1,2025,2025,0
1653,8285194324858852013,james K,United States of America,New York State,REGIONAL,,,6,6,2024,2026,2
1654,3093442644591420708,Loscil,Canada,Vancouver,REGIONAL,,,1,1,2026,2026,0
1655,2002012070730480057,Arash Ete,Hungary,Budapest,REGIONAL,,,1,1,2026,2026,0
1656,3825095725654371020,Jon K,United Kingdom,London,REGIONAL,,,9,18,2015,2025,10
1657,6485483916675708730,Craig Richards,United Kingdom,London,TOP1000,,,16,71,2011,2026,15
1658,8398822755016542005,SORIANO,Spain,Barcelona,REGIONAL,,,1,1,2020,2020,0
1659,11797583418174747,Paradise Architects,Germany,Berlin,REGIONAL,,,1,1,2020,2020,0
1660,246243453677997621,Alec Falconer,United Kingdom,South + East,REGIONAL,,,7,17,2016,2026,10
1661,2089037330236597827,Munir Nadir,Morocco,All,REGIONAL,,,1,3,2023,2025,2
1662,7539861305722946629,Cristian Sarde,Italy,Turin,REGIONAL,,,2,3,2023,2025,2
1663,1521890312290376295,Thomy,France,West,REGIONAL,,,2,2,2015,2023,8
1664,3424647146083906856,Melody RA+RE,France,Paris,REGIONAL,,,12,20,2021,2026,5
1665,6493316016035932177,Jack D,United Kingdom,Midlands,REGIONAL,,,4,5,2019,2025,6
1666,4116176972171668444,Javier Carballo,Spain,Canary Islands,REGIONAL,,,1,2,2024,2025,1
1667,5124559286741123411,Mari.te,Venezuela,All,REGIONAL,,,7,12,2022,2026,4
1668,7343710334217593600,Eric Furtado,Brazil,Sao Paulo,REGIONAL,,,1,1,2025,2025,0
1669,5188344044562247078,Anushka (UK),United Kingdom,South + East,REGIONAL,,,1,1,2026,2026,0
1670,4879982265527948421,Dan Ghenacia,France,Paris,TOP1000,,,7,11,2016,2026,10
1671,7765147598124374686,Marcellus Pittman,United States of America,Detroit,TOP1000,,,18,40,2011,2026,15
1672,4178175888206699286,OMAR (UY),Uruguay,All,REGIONAL,,,4,5,2019,2026,7
1673,5724058335140326411,The Cap Boy,Spain,Valencia,REGIONAL,,,1,1,2026,2026,0
1674,1973215243966156325,ROD,Netherlands,Amsterdam,REGIONAL,,,11,28,2012,2026,14
1675,5650359927494398349,Heartthrob,United States of America,Detroit,REGIONAL,,,2,2,2007,2012,5
1676,6578853809644199863,Klaxons,United Kingdom,London,REGIONAL,,,1,3,2007,2009,2
1677,8484367939283548393,Loney,United Kingdom,Midlands,REGIONAL,,,1,1,2007,2007,0
1678,8723398808023923213,Apparat,Germany,Berlin,TOP1000,,,9,13,2007,2024,17
1679,5119189781041953114,Tricky,United Kingdom,West + Wales,REGIONAL,,,1,1,2008,2008,0
1680,2760571514375768602,Tom Baxter,Germany,Frankfurt,REGIONAL,,,1,1,2008,2008,0
1681,6122577070180098217,Snoop Dogg,,,,,,1,1,2009,2009,0
1682,7833716652560241360,Paul Kalkbrenner,Germany,Berlin,TOP1000,,,8,17,2006,2026,20
1683,6719627348289420383,Martyn,United States of America,Washington DC,TOP1000,,,10,16,2009,2026,17
1684,4644168689399835860,Mount Kimbie,United Kingdom,London,TOP1000,,,16,27,2010,2026,16
1685,5834137089309686018,Gonjasufi,United States of America,Los Angeles,REGIONAL,,,1,1,2010,2010,0
1686,5805122603750499731,Shed,Germany,Berlin,TOP1000,,,9,15,2010,2026,16
1687,2716000919992667912,SBTRKT,United Kingdom,London,REGIONAL,,,7,10,2011,2024,13
1688,2393963377183068110,Amon Tobin,United States of America,San Francisco/Oakland,REGIONAL,,,1,1,2011,2011,0
1689,1910010963695513178,Regis,United Kingdom,Midlands,TOP1000,,,8,14,2011,2024,13
1690,6432934945727307838,Omar Souleyman,,,REGIONAL,,,5,6,2011,2018,7
1691,2170057072553829839,Shazalakazoo,Serbia,All,REGIONAL,,,1,1,2012,2012,0
1692,8131333985261814831,Pat Mahoney,United States of America,New York City,REGIONAL,,,1,1,2012,2012,0
1693,5969218691207383755,Bassnectar,United States of America,Los Angeles,REGIONAL,,,1,1,2012,2012,0
1694,7687124314053418097,Totally Enormous Extinct Dinosaurs,,,,,,6,6,2010,2023,13
1695,5414554775674417062,London Grammar,United Kingdom,London,REGIONAL,,,1,3,2013,2020,7
1696,5089006714302475234,Kate Boy,United States of America,New York City,REGIONAL,,,2,2,2013,2013,0
1697,6080959573495709585,Vondelpark,United Kingdom,London,REGIONAL,,,1,1,2013,2013,0
1698,8492918483949884556,Daddy Kev,United States of America,Los Angeles,REGIONAL,,,1,1,2013,2013,0
1699,9148243695731417647,Gold Panda,United Kingdom,London,REGIONAL,,,5,6,2012,2016,4
1700,8870794056554980428,Joey Bada$$,United States of America,Alabama,REGIONAL,,,2,3,2013,2016,3
1701,643850564869116169,Paranoid London,United Kingdom,London,TOP1000,,,18,33,2014,2026,12
1702,3640401747061930279,Shura,United Kingdom,London,REGIONAL,,,2,2,2015,2015,0
1703,936901459843063590,Islam Chipsy,Egypt,All,REGIONAL,,,2,3,2015,2016,1
1704,5808897499251532769,Amnesia Scanner,Germany,Berlin,REGIONAL,,,1,1,2016,2016,0
1705,5907692642973018494,Flume,Australia,Sydney,REGIONAL,,,2,2,2013,2017,4
1706,2514974675171151427,Jonna,United Kingdom,Midlands,REGIONAL,,,2,5,2010,2017,7
1707,4344430012614228527,The Bloody Beetroots,Italy,Central,REGIONAL,,,1,1,2017,2017,0
1708,4096545982673622415,Aurora Halal,United States of America,New York City,TOP1000,,,27,40,2016,2026,10
1709,7417659524947171463,ATEQ,Germany,Berlin,TOP1000,,,5,7,2016,2025,9
1710,3947379006597683331,Hauschka,Germany,Düsseldorf,REGIONAL,,,1,1,2017,2017,0
1711,2422505390491522173,Gorillaz,,,,,,1,1,2018,2018,0
1712,80003814198918491,Stormzy,United Kingdom,London,REGIONAL,,,4,7,2015,2020,5
1713,496299090392817480,George FitzGerald,United Kingdom,London,TOP1000,,,11,23,2011,2022,11
1714,5678995454952837597,Little Simz,United Kingdom,London,REGIONAL,,,5,6,2015,2023,8
1715,5332582016565539630,Metrik,United Kingdom,London,REGIONAL,,,2,2,2018,2025,7
1716,4235879244760669780,Soulwax,United Kingdom,London,REGIONAL,,,5,5,2020,2026,6
1717,321502217524781148,DEKKER,United Kingdom,London,REGIONAL,,,1,1,2020,2020,0
1718,6761697705509249616,Parrish Smith,Netherlands,All,REGIONAL,,,7,18,2017,2024,7
1719,8376111449069829759,Julieta Intergalactica,Bulgaria,All,REGIONAL,,,1,2,2022,2025,3
1720,824797665903010496,Ventsislav Gendov,Bulgaria,All,REGIONAL,,,1,3,2022,2026,4
1721,3329172241681210307,Stephan Panev,Bulgaria,All,REGIONAL,,,1,4,2022,2025,3
1722,1163435714338929122,J-Lost,Bulgaria,All,REGIONAL,,,1,3,2023,2026,3
1723,235195822664315614,Dea (6),Croatia,All,REGIONAL,,,2,2,2024,2025,1
1724,1166399051483959734,Hatcha,United Kingdom,London,REGIONAL,,,3,19,2008,2022,14
1725,7350219956281347984,El Maria,Netherlands,Utrecht,REGIONAL,,,1,1,2008,2008,0
1726,5457902695115237677,Joker,United Kingdom,West + Wales,TOP1000,,,3,11,2009,2025,16
1727,1406184450697283642,Alix Perez,United Kingdom,London,TOP1000,,,3,12,2009,2026,17
1728,1592534347731706274,The Bug,United Kingdom,London,TOP1000,,,5,23,2010,2026,16
1729,950244103907957629,Deficit,United Kingdom,West + Wales,REGIONAL,,,1,4,2010,2010,0
1730,2394563128310590887,Dubkasm,United Kingdom,West + Wales,REGIONAL,,,4,20,2010,2025,15
1731,583719923852789353,SpectraSoul,United Kingdom,London,REGIONAL,,,2,6,2011,2019,8
1732,4079823312937047497,Girl Unit,United Kingdom,London,REGIONAL,,,1,2,2011,2012,1
1733,5777322601929672428,Marksman,United Kingdom,London,REGIONAL,,,1,1,2011,2011,0
1734,6979107808491239425,Ste Roberts,United Kingdom,North,REGIONAL,,,4,9,2012,2025,13
1735,3971516579538110584,Micawber,United Kingdom,London,REGIONAL,,,2,2,2012,2012,0
1736,2409615720160672667,James Fox,United Kingdom,West + Wales,REGIONAL,,,2,4,2012,2012,0
1737,8337156744816663671,Shawn Reynaldo,United States of America,San Francisco/Oakland,REGIONAL,,,2,2,2012,2012,0
1738,8031385302169870399,South London Ordnance,United Kingdom,London,REGIONAL,,,3,8,2012,2014,2
1739,7795738079648826522,Theo Parrish,United States of America,Washington DC,TOP1000,,,13,27,2009,2025,16
1740,5890391996901780349,Petar Dundov,Croatia,All,TOP1000,,,3,10,2012,2026,14
1741,1001334375316776545,Flako,United Kingdom,London,REGIONAL,,,2,5,2012,2015,3
1742,6486143937375782494,Serum,France,Paris,REGIONAL,,,2,4,2012,2021,9
1743,4923563279543991463,Ossie,United Kingdom,London,REGIONAL,,,1,1,2012,2012,0
1744,7583656393714810252,CHEF,France,Paris,REGIONAL,,,1,1,2012,2012,0
1745,3566092867610794931,My Nu Leng,United Kingdom,West + Wales,REGIONAL,,,5,18,2012,2025,13
1746,5572896285457992634,Trevino,United Kingdom,London,REGIONAL,,,2,3,2013,2013,0
1747,7694653063206317141,DJ Marky,Brazil,All,TOP1000,,,3,7,2007,2025,18
1748,4867979794637888894,Prince Fatty,United Kingdom,London,REGIONAL,,,2,3,2014,2019,5
1749,5053065471878842404,Author,United Kingdom,Leeds,REGIONAL,,,1,1,2014,2014,0
1750,5442265188121267748,MC GQ,United Kingdom,London,REGIONAL,,,2,15,2014,2026,12
1751,2568039777525927670,Cause,,,,,,2,2,2015,2015,0
1752,3054786726875775468,Affect,,,,,,2,2,2015,2015,0
1753,7533685047831095384,Riko Dan,United Kingdom,London,REGIONAL,,,3,7,2015,2025,10
1754,8082485120979746140,Ivy Lab,United Kingdom,London,TOP1000,,,3,6,2015,2026,11
1755,2026450920178117266,Barely Legal,United Kingdom,London,REGIONAL,,,2,6,2015,2019,4
1756,569120351476427519,Fre4knc,Netherlands,All,REGIONAL,,,2,2,2015,2017,2
1757,6194897634261953308,Mark System,United Kingdom,London,REGIONAL,,,1,1,2015,2015,0
1758,6877571442914395447,Kaiju,United Kingdom,London,REGIONAL,,,1,4,2015,2018,3
1759,5963449782572137972,Iglooghost,United Kingdom,Bristol,REGIONAL,,,2,2,2016,2024,8
1760,3683775098281591322,DJ Marfox,Portugal,Lisbon,REGIONAL,,,3,3,2012,2020,8
1761,5632347754604941142,Flirta D,United Kingdom,London,REGIONAL,,,1,2,2017,2019,2
1762,8118203691137080822,Orson,Germany,Berlin,REGIONAL,,,1,2,2018,2018,0
1763,6757045270424680224,Cimm,United Kingdom,London,REGIONAL,,,1,7,2018,2023,5
1764,7509883635304097107,Darkzy,United Kingdom,Midlands,REGIONAL,,,2,3,2018,2022,4
1765,8559552282496106337,Notion,United Kingdom,West + Wales,REGIONAL,,,3,6,2018,2025,7
1766,5449349151877690027,Devilman,United Kingdom,Birmingham,REGIONAL,,,1,3,2018,2019,1
1767,9175105584566568636,DJ LAG,South Africa,Durban,REGIONAL,,,5,6,2018,2024,6
1768,7269697015815418412,Seven,United Kingdom,London,REGIONAL,,,1,1,2018,2018,0
1769,5842307266670686240,Mr K,Italy,Central,REGIONAL,,,1,2,2018,2020,2
1770,2387481574552745269,Samwise,United States of America,Los Angeles,REGIONAL,,,1,1,2019,2019,0
1771,2636859334628870279,DubDiggerz,Slovenia,All,REGIONAL,,,1,3,2019,2021,2
1772,5843103113726777622,Kojaque,Ireland,Dublin,REGIONAL,,,3,6,2019,2026,7
1773,2895570924633146741,Gusto,Italy,Central,REGIONAL,,,1,4,2020,2022,2
1774,8846330528664060370,Technimatic,United Kingdom,London,REGIONAL,,,1,1,2021,2021,0
1775,5506261622205304327,Degs,United Kingdom,South + East,REGIONAL,,,2,2,2021,2025,4
1776,9170574571586195024,Blackeye MC,United Kingdom,London,REGIONAL,,,5,13,2021,2026,5
1777,7751869454938351949,Busyfingers,United Kingdom,London,REGIONAL,,,1,1,2021,2021,0
1778,1546556715060578546,Dolenz,United Kingdom,London,REGIONAL,,,3,4,2019,2021,2
1779,8476886096122063751,Krotone,United Kingdom,Leeds,REGIONAL,,,1,5,2021,2026,5
1780,5401031244657437195,Matt Frost,United Kingdom,London,REGIONAL,,,1,1,2021,2021,0
1781,8470508881825292933,Opus,United Kingdom,London,REGIONAL,,,1,2,2021,2024,3
1782,2351930894526248790,Yoofee,Germany,Berlin,REGIONAL,,,3,6,2021,2026,5
1783,7668189802812534607,Carasel,United Kingdom,West + Wales,REGIONAL,,,3,4,2018,2024,6
1784,6958205589177450270,Decibella,United Kingdom,London,REGIONAL,,,6,10,2021,2026,5
1785,8425868612485167206,Eich,United Kingdom,London,REGIONAL,,,7,8,2022,2024,2
1786,1146775211044469583,Kodin,Croatia,All,REGIONAL,,,1,1,2022,2022,0
1787,2711516657669886568,NC-17,Canada,Toronto,REGIONAL,,,1,2,2022,2023,1
1788,7608037083218741682,Benton,United States of America,New York City,REGIONAL,,,2,2,2022,2025,3
1789,4185648193771035806,Stenny,Italy,Turin,TOP1000,,,8,13,2020,2026,6
1790,7458244427442083923,Tracy,Italy,North,REGIONAL,,,2,3,2012,2022,10
1791,1429743338934459031,ALYA L,,,REGIONAL,,,3,5,2022,2025,3
1792,6236818630987481532,DASEPLATE,United Kingdom,Midlands,REGIONAL,,,1,2,2022,2024,2
1793,8641158747264893167,fae (UK),United Kingdom,London,REGIONAL,,,6,8,2022,2026,4
1794,4559888819887540104,Rebel Spirit Sound,United Kingdom,Leeds,REGIONAL,,,1,1,2022,2022,0
1795,6867503197984304518,Nia Archives,United Kingdom,Leeds,REGIONAL,,,8,10,2022,2025,3
1796,4911904310108886534,Fox (US),United States of America,New York City,REGIONAL,,,2,3,2023,2025,2
1797,5039234752025093238,Mantra (ES),Spain,Barcelona,REGIONAL,,,3,3,2023,2026,3
1798,2367480838332817380,L-Side,Brazil,Sao Paulo,REGIONAL,,,1,1,2023,2023,0
1799,5967506427650976327,Martha,Germany,Berlin,REGIONAL,,,1,1,2023,2023,0
1800,2324445738729941954,N.E.GIRL,United Kingdom,London,REGIONAL,,,3,7,2022,2026,4
1801,7551698756405338743,Truant,Poland,All,REGIONAL,,,1,1,2023,2023,0
1802,891781799815265731,Bianca Oblivion,United States of America,Los Angeles,REGIONAL,,,3,3,2024,2025,1
1803,3116167806608733933,Bredren,Belgium,All,REGIONAL,,,1,1,2024,2024,0
1804,4878894892811353031,p-rallel,United Kingdom,London,REGIONAL,,,6,9,2021,2026,5
1805,4311910843038382788,Y U QT,United Kingdom,London,REGIONAL,,,5,6,2023,2026,3
1806,4481021653662509273,Amy Kisnorbo,United Kingdom,Bristol,REGIONAL,,,3,7,2024,2026,2
1807,5067874809100905296,Brown Excellence,United Kingdom,London,REGIONAL,,,3,8,2023,2025,2
1808,5852090460988192675,MINTY,United Kingdom,Bristol,REGIONAL,,,2,2,2024,2024,0
1809,1477835996490816318,Skeptic,United Kingdom,South + East,REGIONAL,,,3,4,2024,2026,2
1810,7835936029648995417,Yemz,United Kingdom,London,REGIONAL,,,3,5,2023,2025,2
1811,5359420265019308666,Oldboy,United Kingdom,North,REGIONAL,,,1,1,2025,2025,0
1812,437300219150743431,The Bass Injector,United Kingdom,London,REGIONAL,,,1,1,2025,2025,0
1813,5941854620897939461,Just Jane,United Kingdom,London,REGIONAL,,,3,4,2025,2026,1
1814,6944275248197570781,mixtress,United Kingdom,London,REGIONAL,,,6,12,2022,2026,4
1815,3662788183751493099,Scruz,United Kingdom,Bristol,REGIONAL,,,3,3,2024,2025,1
1816,6965746626612540113,Sun People,Austria,All,REGIONAL,,,1,1,2025,2025,0
1817,4106349220274067367,Teki Latex,France,Paris,REGIONAL,,,13,18,2012,2026,14
1818,3320535449783364834,Earful of Wax,United Kingdom,London,REGIONAL,,,4,7,2022,2025,3
1819,8062357561164025715,KC,Cayman Islands,All,REGIONAL,,,1,1,2025,2025,0
1820,1781548814267514229,Percy,United States of America,Chicago,REGIONAL,,,1,1,2025,2025,0
1821,1050910316113391994,CHAMBER45,United Kingdom,London,REGIONAL,,,1,1,2026,2026,0
1822,9157062769487469235,Feloneezy,Serbia,All,REGIONAL,,,3,3,2024,2026,2
1823,9049534835723135369,Fez the Kid,United Kingdom,London,REGIONAL,,,4,4,2026,2026,0
1824,3110928649433627163,Drone (UK),United Kingdom,Bristol,REGIONAL,,,1,1,2026,2026,0
1825,1029924664701626443,Kruz Leone,United Kingdom,London,REGIONAL,,,1,1,2026,2026,0
1826,9096527714442854934,Marysia Osu,United Kingdom,London,REGIONAL,,,2,3,2024,2026,2
1827,1798842808348564233,melba,United Kingdom,Newcastle,REGIONAL,,,1,1,2026,2026,0
1828,4791202887411947888,Olgica,Serbia,Belgrade,REGIONAL,,,3,3,2023,2026,3
1829,6447740216921213938,Oldboy (2),United Kingdom,Manchester,REGIONAL,,,2,2,2026,2026,0
1830,8274616284239674728,Raji Rags,United Kingdom,London,REGIONAL,,,5,5,2024,2026,2
1831,1044925182367396389,RALPH (UK),United Kingdom,London,REGIONAL,,,1,1,2026,2026,0
1832,6839603754412150929,Richard Akingbehin,United Kingdom,Liverpool,REGIONAL,,,16,35,2017,2026,9
1833,1841035600517774674,Uncut Funk DJ's,United Kingdom,London,REGIONAL,,,1,2,2018,2019,1
1834,3757862196066723102,SUCASA,United Kingdom,London,REGIONAL,,,1,10,2019,2024,5
1835,4275119896530416223,Casey Spillman,United Kingdom,London,REGIONAL,,,1,3,2019,2024,5
1836,1960480723352991204,Phil Weeks,France,Paris,TOP1000,,,1,2,2019,2022,3
1837,5673303101189419616,Isaac Carter,United Kingdom,London,REGIONAL,,,8,13,2021,2026,5
1838,4569176486535074922,DJ Caspa,United Kingdom,London,REGIONAL,,,2,7,2019,2024,5
1839,8794896164469483968,Luther Vine,United Kingdom,London,REGIONAL,,,2,8,2019,2026,7
1840,5351316949351038628,Chris Gialanze,United Kingdom,London,REGIONAL,,,1,2,2021,2024,3
1841,308958293497261136,A.M. Project,Spain,Ibiza,REGIONAL,,,1,5,2022,2025,3
1842,2154165148421092030,Ella Knight,United Kingdom,London,REGIONAL,,,6,15,2023,2026,3
1843,1994413075502975896,Maxxi Soundsystem,United Kingdom,West + Wales,REGIONAL,,,7,19,2012,2025,13
1844,855084414573678956,Lea Lisa,Switzerland,Lausanne,REGIONAL,,,3,3,2022,2024,2
1845,1905158698673546508,Luca Donzelli,Italy,Central,REGIONAL,,,3,3,2023,2025,2
1846,7258410482265305183,Rio Tashan,United Kingdom,London,REGIONAL,,,5,10,2024,2026,2
1847,9008397950373238911,Mali,United Kingdom,Midlands,REGIONAL,,,1,1,2024,2024,0
1848,4631907779933102677,East End Dubs,United Kingdom,London,REGIONAL,,,7,16,2014,2026,12
1849,5861778261864130430,THEOS (1),France,Paris,REGIONAL,,,1,1,2024,2024,0
1850,9137206003089248510,Nahomi,Switzerland,Lausanne,REGIONAL,,,1,1,2024,2024,0
1851,3716086776940526714,Tino,United Kingdom,North,REGIONAL,,,1,1,2025,2025,0
1852,6683740264672357583,Luke Dean_,United Kingdom,London,REGIONAL,,,3,6,2025,2026,1
1853,4507224657262073454,Chopper (UK),United Kingdom,London,REGIONAL,,,3,5,2025,2026,1
1854,7758371284884820766,ACA (1),Switzerland,Zurich,REGIONAL,,,2,2,2025,2025,0
1855,3106000967718772141,Goody (UK),United Kingdom,South + East,REGIONAL,,,2,4,2025,2026,1
1856,2734517233398502636,Todd Edwards,United States of America,Los Angeles,REGIONAL,,,7,8,2019,2026,7
1857,8263676919210434939,Joss Dean,United Kingdom,London,REGIONAL,,,4,5,2026,2026,0
1858,3310928875077583841,Lee Foss,United States of America,Chicago,TOP1000,,,3,3,2011,2026,15
1859,8953872600066023065,Delilah,United Kingdom,London,REGIONAL,,,2,2,2026,2026,0
1860,7404748920788829911,HARTY,United Kingdom,London,REGIONAL,,,2,2,2026,2026,0
1861,9182541884461473174,Jesse Maas,Netherlands,Amsterdam,REGIONAL,,,3,5,2023,2026,3
1862,1428307246135632614,Joe Rolét,United Kingdom,London,REGIONAL,,,3,3,2026,2026,0
1863,3653118235413461438,Jolly (FR),France,Paris,REGIONAL,,,2,90,2017,2026,9
1864,5505501727066522582,Inès MBRK,France,Paris,REGIONAL,,,1,4,2018,2022,4
1865,6077212581125714072,Tour-Maubourg,France,Paris,REGIONAL,,,1,1,2018,2018,0
1866,7753443108364896278,The Groove,Italy,Florence,REGIONAL,,,2,2,2019,2022,3
1867,8958117047400066864,Clouclou Mamie's,France,Paris,REGIONAL,,,1,1,2019,2019,0
1868,2833954153453571061,Zoll Projekt,France,Paris,REGIONAL,,,1,1,2020,2020,0
1869,7404495034917019004,Guillermo Jamas,France,Paris,REGIONAL,,,2,2,2020,2024,4
1870,4973510178798189367,Oriana,Uruguay,Montevideo,REGIONAL,,,5,9,2021,2025,4
1871,7496415969105588938,Evan Baggs,United States of America,New York City,TOP1000,,,13,26,2021,2025,4
1872,5925215209428685342,Julie Desire,France,Paris,REGIONAL,,,5,9,2023,2025,2
1873,4326096153330327561,THC,Colombia,Bogotá,REGIONAL,,,26,34,2022,2025,3
1874,4347328142620377887,Lumbago,France,East,REGIONAL,,,3,13,2018,2026,8
1875,820876476541671781,nthng,Netherlands,Amsterdam,REGIONAL,,,5,5,2017,2026,9
1876,6996117835338249865,Thaïs (FR),France,Paris,REGIONAL,,,1,3,2023,2024,1
1877,5166775935721142980,Reflex Blue,Australia,Melbourne,REGIONAL,,,5,6,2023,2026,3
1878,4292393463978227824,Ciel,Canada,Toronto,TOP1000,,,9,20,2019,2026,7
1879,6430904747581407350,Oliver Hafenbauer,Germany,Frankfurt,TOP1000,,,2,2,2018,2023,5
1880,2870208450719042594,Soyoon,South Korea,All,REGIONAL,,,3,5,2023,2025,2
1881,9025639334080576370,Leef,Canada,Montreal,REGIONAL,,,2,2,2024,2025,1
1882,1506371482483400119,Elvira,Poland,All,REGIONAL,,,2,2,2023,2025,2
1883,4207893245796376501,Margaux Gazur,France,Central,REGIONAL,,,3,3,2024,2026,2
1884,6943057921467109235,Martinou,Sweden,Malmo,REGIONAL,,,6,11,2022,2026,4
1885,674044808745436759,Matthias (1),Germany,Berlin,REGIONAL,,,4,5,2023,2026,3
1886,2084772846346272497,Marcel Freigeist,Germany,Berlin,REGIONAL,,,1,1,2015,2015,0
1887,8716050162415012394,Ben Bear,Germany,Berlin,REGIONAL,,,1,1,2015,2015,0
1888,4552566296568125090,De Stijl,France,Central,REGIONAL,,,1,1,2015,2015,0
1889,8791409190117675556,Uschi&Hans,,,,,,1,1,2016,2016,0
1890,4248812476673629536,Emmanuel Russ,United Kingdom,London,REGIONAL,,,1,1,2017,2017,0
1891,3437499402187994333,Barnabass,Germany,Berlin,REGIONAL,,,1,1,2017,2017,0
1892,903150086253851411,Greg (2),Mauritius,All,REGIONAL,,,5,6,2023,2025,2
1893,8614142196432061836,KasbaH,France,Paris,REGIONAL,,,1,1,2025,2025,0
1894,7754022085762008283,Chami,Germany,Berlin,REGIONAL,,,2,2,2023,2025,2
1895,6241271773157973198,IAMBP,France,Paris,REGIONAL,,,1,2,2025,2026,1
1896,3875381655436381896,LNR (UK),United Kingdom,Midlands,REGIONAL,,,2,2,2025,2026,1
1897,4219679797670424956,Leif,United Kingdom,Bristol,REGIONAL,,,4,28,2007,2026,19
1898,7824141645852396979,Hypnotic Black Magic,Germany,Berlin,REGIONAL,,,1,1,2026,2026,0
1899,3154056334118779535,E2NMN,,,REGIONAL,,,1,1,2026,2026,0
1900,7354162494237210712,Chiara,Canada,Toronto,REGIONAL,,,1,1,2026,2026,0
1901,7437842567725163268,Natural Limit,France,South East,REGIONAL,,,1,1,2026,2026,0
1902,5555933352287186901,Lucien,United Kingdom,London,REGIONAL,,,1,1,2026,2026,0
1903,2591509355894989024,Forest (PL),Azerbaijan,All,REGIONAL,,,1,1,2026,2026,0
1904,1434270880489190025,Loris,Mexico,Mexico City,REGIONAL,,,1,1,2026,2026,0
1905,5992253704039062512,DVDE,France,Paris,REGIONAL,,,1,1,2026,2026,0
1906,8874680546609609191,Gredine,France,Paris,REGIONAL,,,1,1,2026,2026,0
1907,3404071030555069959,Adc-303,France,Paris,REGIONAL,,,1,1,2026,2026,0
1908,3252905793588859552,Terekke,United States of America,New York City,REGIONAL,,,3,4,2016,2019,3
1909,8504791233531856719,Unit Moebius,Netherlands,The Hague,REGIONAL,,,2,4,2017,2018,1
1910,6972237073035967874,Lake Haze,Portugal,Lisbon,REGIONAL,,,3,7,2017,2024,7
1911,6724292328104207663,Marlon Benjamins,Netherlands,All,REGIONAL,,,2,2,2018,2019,1
1912,1385665905328237194,Andre Agressi,Netherlands,The Hague,REGIONAL,,,1,2,2019,2019,0
1913,8092792964926786450,HyperLili,Netherlands,The Hague,REGIONAL,,,1,3,2022,2025,3
1914,3516461436374885238,Priori,Canada,Montreal,REGIONAL,,,13,18,2023,2026,3
1915,6482581037789729421,Binary Digit,France,South East,REGIONAL,,,3,5,2022,2026,4
1916,8979954259436194497,Aldonna,Australia,Melbourne,REGIONAL,,,4,4,2025,2026,1
1917,3799222834811904342,Nelly,United Kingdom,North,REGIONAL,,,3,3,2025,2026,1
1918,5930062950084761784,µ-Ziq,United Kingdom,South + East,REGIONAL,,,3,3,2023,2026,3
1919,4736718436094891718,Simon Cordiner,United Kingdom,Scotland,REGIONAL,,,1,1,2025,2025,0
1920,4267963845080208169,Nightwave,United Kingdom,London,TOP1000,,,3,4,2022,2025,3
1921,3392728724936759461,Babyccino,United Kingdom,Glasgow,REGIONAL,,,2,3,2024,2026,2
1922,3268301381035887536,Marc Spence,United Kingdom,Midlands,REGIONAL,,,1,1,2025,2025,0
1923,8725084704397697929,Jordan Masters,United Kingdom,Birmingham,REGIONAL,,,1,1,2025,2025,0
1924,5164141779262984435,Elliott Boyd,United Kingdom,Midlands,REGIONAL,,,1,1,2025,2025,0
1925,3597437907289065187,DJ Rush,United States of America,Chicago,TOP1000,,,3,15,2005,2026,21
1926,1878787676284894639,Gayle San,Germany,Heidelberg,REGIONAL,,,2,5,2006,2014,8
1927,7680848364879647063,Industrialyzer,Netherlands,Amsterdam,REGIONAL,,,2,7,2010,2018,8
1928,2463085910883993481,Wankelmut,Germany,Berlin,REGIONAL,,,2,2,2013,2014,1
1929,998207080474022783,Rutger Maree,Netherlands,Amsterdam,REGIONAL,,,1,2,2014,2015,1
1930,5693786917159383459,Gloom,Netherlands,Amsterdam,REGIONAL,,,1,1,2014,2014,0
1931,353544921308884365,Dennis Williams,Netherlands,Utrecht,REGIONAL,,,1,1,2014,2014,0
1932,8303393243500294143,Monika Kruse,Germany,Berlin,TOP1000,,,4,8,2008,2019,11
1933,241721883074574868,Sam Paganini,Italy,North,TOP1000,,,7,17,2014,2024,10
1934,2217620783518229552,Carlo Ruetz,Germany,Mecklenburg-Vorpommern,REGIONAL,,,1,1,2015,2015,0
1935,2839686726295314189,P.E.A.R.L.,Spain,North,REGIONAL,,,1,2,2017,2018,1
1936,1741136561869026736,Christian Smith,Sweden,All,TOP1000,,,2,2,2008,2018,10
1937,4084486285413626424,Secret Cinema,Netherlands,Amsterdam,TOP1000,,,3,19,2005,2026,21
1938,6356007615164146538,Marc Holstege,Netherlands,Amsterdam,REGIONAL,,,1,1,2018,2018,0
1939,6301651074995823112,Nastia,Ukraine,All,TOP1000,,,8,8,2016,2023,7
1940,8836615078242616369,Radio Slave,United Kingdom,London,TOP1000,,,6,8,2009,2019,10
1941,3701352735922216247,SAMA (NL),Netherlands,Utrecht,REGIONAL,,,1,1,2019,2019,0
1942,5539320479689682972,Alamaison,Netherlands,Amsterdam,REGIONAL,,,1,4,2023,2024,1
1943,5896601830641147109,Helsloot,Netherlands,All,REGIONAL,,,1,2,2023,2023,0
1944,1815536241348211841,An Dy,Russia,Moscow,REGIONAL,,,1,2,2024,2024,0
1945,896844289070737521,Mha iri,United Kingdom,Edinburgh,REGIONAL,,,3,5,2024,2026,2
1946,1791424170522506250,Robin Kampschoer,Netherlands,Amsterdam,REGIONAL,,,3,13,2015,2025,10
1947,941668378095579742,Joachim Pastor,France,Paris,REGIONAL,,,6,8,2015,2026,11
1948,4968855710890417392,Space 92,France,Paris,REGIONAL,,,2,4,2024,2026,2
1949,5971915441825354740,Joep Mencke,Netherlands,Amsterdam,REGIONAL,,,1,1,2024,2024,0
1950,4555644830926939348,Joëlla Jackson,Netherlands,Amsterdam,REGIONAL,,,4,5,2023,2026,3
1951,1546445736869059526,Bella Claxton,Australia,Melbourne,REGIONAL,,,3,6,2025,2026,1
1952,1858512579392567545,Partiboi69,Australia,Melbourne,REGIONAL,,,12,20,2019,2026,7
1953,2055388322532655463,HOESEPHINE,Netherlands,Utrecht,REGIONAL,,,1,1,2025,2025,0
1954,4692225293476529629,JP Enfant,Netherlands,Amsterdam,REGIONAL,,,5,9,2016,2025,9
1955,2273323738255205035,Grace Dahl,Netherlands,Amsterdam,REGIONAL,,,5,8,2024,2026,2
1956,8543016263581545614,PHIA,Netherlands,Amsterdam,REGIONAL,,,3,3,2023,2025,2
1957,9029973657049836431,Rozie,Netherlands,Amsterdam,REGIONAL,,,1,1,2026,2026,0
1958,1936244479694988237,Sanne Dammers,Netherlands,Amsterdam,REGIONAL,,,1,1,2026,2026,0
1959,8903061500485649462,OK Williams,United Kingdom,London,REGIONAL,,,24,54,2019,2026,7
1960,4649961610062901611,Sean OD,Brazil,All,REGIONAL,,,3,13,2019,2025,6
1961,8915747751207183040,Lady Shaka,New Zealand,South Island,REGIONAL,,,4,6,2022,2025,3
1962,434313277035979662,Juls,Ghana,All,REGIONAL,,,1,1,2023,2023,0
1963,3648914996839902427,Nooriyah,United Kingdom,London,REGIONAL,,,3,4,2023,2024,1
1964,6554245771001626816,sim0ne,United Kingdom,London,REGIONAL,,,4,4,2023,2025,2
1965,997879227035136549,Felipe Cobos,Spain,Barcelona,REGIONAL,,,1,1,2018,2018,0
1966,7938310743354974166,Thimble,Spain,Malaga,REGIONAL,,,2,4,2018,2024,6
1967,1966342094672568051,Adam Port,Germany,Berlin,TOP1000,,,7,11,2012,2025,13
1968,8119135302935711297,Lola Bozzano,Spain,Madrid,REGIONAL,,,2,5,2019,2023,4
1969,1954457721028317250,Le Coné,Spain,South,REGIONAL,,,1,1,2019,2019,0
1970,1288617298450979502,Locati,Spain,Malaga,REGIONAL,,,1,1,2019,2019,0
1971,7419016622194517372,Mordisco,Spain,South,REGIONAL,,,1,1,2020,2020,0
1972,7151865488015396405,Frankie Bones,United States of America,New York City,REGIONAL,,,1,1,2026,2026,0
1973,8739428256336250945,AMORAL,Netherlands,Amsterdam,REGIONAL,,,5,9,2023,2026,3
1974,7608887525917002036,John Mood,Netherlands,All,REGIONAL,,,2,2,2023,2023,0
1975,8905801038399639749,KETTING,Netherlands,Rotterdam,REGIONAL,,,1,1,2023,2023,0
1976,3185589118224976708,Parfait,France,Paris,TOP1000,,,3,4,2021,2024,3
1977,5518708716282215675,MATO,Malta,All,REGIONAL,,,4,7,2022,2026,4
1978,3874969028873145794,Voigtmann,United Kingdom,London,REGIONAL,,,9,22,2017,2026,9
1979,8711812552495824670,Danny Vibe,Malta,All,REGIONAL,,,1,2,2026,2026,0
1980,3366226427910109698,Josh Caffé,United Kingdom,London,REGIONAL,,,14,22,2022,2026,4
1981,602204879464150538,Partok,,,REGIONAL,,,8,9,2023,2026,3
1982,4075174000954132537,Black Coffee,South Africa,Johannesburg,TOP1000,,,6,13,2013,2026,13
1983,8285532572613010637,Oliver Schories,Germany,Hamburg,REGIONAL,,,5,10,2014,2019,5
1984,4984995705323602417,Acid Pauli,Germany,Bavaria,TOP1000,,,7,11,2017,2026,9
1985,128447520099637162,Lazare Hoche,France,Central,TOP1000,,,2,2,2017,2018,1
1986,7912812024543288057,Indian Wells,Italy,Central,REGIONAL,,,1,1,2017,2017,0
1987,5863805418264112636,Exon Bacon,Belgium,All,REGIONAL,,,1,1,2017,2017,0
1988,3211816849952674265,Bedouin,United States of America,New York City,TOP1000,,,4,10,2016,2023,7
1989,3886518864607131729,Flabaire,France,Paris,REGIONAL,,,2,2,2017,2018,1
1990,8505665278711643885,Session Victim,Germany,Berlin,TOP1000,,,8,10,2014,2026,12
1991,2008871217712358800,Arthur Tixhon,Belgium,All,REGIONAL,,,1,1,2018,2018,0
1992,3168620561019430336,Haring,Belgium,Brussels,REGIONAL,,,3,3,2016,2018,2
1993,474101484714287102,BeraadGeslagen,Belgium,All,REGIONAL,,,1,1,2019,2019,0
1994,6913306247623876576,DJ Dustin,Germany,Berlin,TOP1000,,,9,27,2016,2026,10
1995,5977632903558894314,Vaal,United Kingdom,London,TOP1000,,,4,4,2017,2019,2
1996,545455729429042875,Mézigue,France,Paris,REGIONAL,,,5,12,2019,2026,7
1997,519098901992189430,Arno Lemons,Belgium,Antwerp,REGIONAL,,,3,4,2021,2022,1
1998,4225706078923255743,Mooglie,France,Paris,REGIONAL,,,2,7,2021,2024,3
1999,4148040990897217219,Sundae Sue,Portugal,All,REGIONAL,,,3,7,2018,2022,4
2000,1721571880484164592,lunar convoy,France,West,REGIONAL,,,2,2,2021,2023,2
2001,5704132460100026526,Grandbrothers,Germany,Berlin,REGIONAL,,,2,2,2018,2021,3
2002,2357592080339649136,Voices From Beyond,Austria,Vienna,REGIONAL,,,2,3,2022,2023,1
2003,8406767915235165900,Quest (CA),Canada,Vancouver,REGIONAL,,,2,2,2022,2026,4
2004,713763301081924798,Nadine Adjani,Belgium,All,REGIONAL,,,1,1,2022,2022,0
2005,3199163970481590664,DANCE DIVINE,Germany,Berlin,REGIONAL,,,2,2,2023,2023,0
2006,6097908915841018939,DJ Plant Texture,Italy,South,REGIONAL,,,3,9,2017,2024,7
2007,4258090908768107511,Rozevelt,Belgium,Antwerp,REGIONAL,,,3,4,2023,2026,3
2008,6575734821933918122,Functionist,Austria,All,REGIONAL,,,1,1,2023,2023,0
2009,2356484493654631876,Marlon Hoffstadt,Germany,Berlin,REGIONAL,,,12,16,2017,2026,9
2010,7709335619779763459,Dee Diggs,United States of America,New York City,REGIONAL,,,14,19,2021,2026,5
2011,3120705990605867822,Alex Albrecht,Australia,Melbourne,REGIONAL,,,3,3,2019,2025,6
2012,4032409312366956276,Eline (BE),Belgium,Antwerp,REGIONAL,,,1,1,2024,2024,0
2013,693940907477304632,Love Remain,United Kingdom,London,REGIONAL,,,3,3,2024,2025,1
2014,3564088136321960368,Ninette,Germany,Leipzig,REGIONAL,,,1,1,2024,2024,0
2015,3379493184056728825,Rick Baguette,Belgium,Antwerp,REGIONAL,,,1,1,2024,2024,0
2016,8782342810658988644,RIET,Belgium,Brussels,REGIONAL,,,2,2,2024,2025,1
2017,5246101864113404728,EG (1),France,Paris,REGIONAL,,,2,3,2023,2025,2
2018,836184974229629439,EMILIJA,Belgium,All,REGIONAL,,,2,2,2025,2026,1
2019,7599981864621117984,Mab'ish,France,Paris,REGIONAL,,,2,2,2023,2025,2
2020,820117625638579355,VTT (BE),Vietnam,All,REGIONAL,,,2,3,2025,2026,1
2021,5219249095576432801,JADALAREIGN,United States of America,New York City,REGIONAL,,,2,3,2022,2026,4
2022,826671797021846817,O'SIMMIE,Belgium,Brussels,REGIONAL,,,1,1,2026,2026,0
2023,2941949728367204484,John Beltran,United States of America,New York City,REGIONAL,,,2,2,2025,2026,1
2024,8891061504450763299,Taylor (UK),United Kingdom,London,REGIONAL,,,1,1,2019,2019,0
2025,9155715613940401868,Melix,United Kingdom,London,REGIONAL,,,1,1,2024,2024,0
2026,6908465428609633345,Evident,Slovenia,All,REGIONAL,,,1,1,2019,2019,0
2027,1075647915331836105,Mornik,Slovenia,All,REGIONAL,,,1,3,2019,2023,4
2028,664767728527167172,Tim Kern,Slovenia,All,REGIONAL,,,2,7,2019,2026,7
2029,8882526206964891105,Tzena,Slovenia,All,REGIONAL,,,1,6,2019,2026,7
2030,2271148514977639015,Blažen DJ,Slovenia,All,REGIONAL,,,1,2,2021,2022,1
2031,5844156364667581470,SunnySun,Slovenia,All,REGIONAL,,,2,8,2021,2026,5
2032,7921488459085688957,AR:TE,Slovenia,All,REGIONAL,,,1,3,2022,2024,2
2033,1946755368491026434,IZZA (SI),Slovenia,Ljubljana,REGIONAL,,,2,5,2022,2025,3
2034,6437021523454241105,Uno Taman,Slovenia,All,REGIONAL,,,1,1,2022,2022,0
2035,5598507136726198239,Andy Luff,United Kingdom,London,REGIONAL,,,8,14,2011,2026,15
2036,2155416418713929628,Matorola,Slovenia,Ljubljana,REGIONAL,,,1,1,2025,2025,0
2037,2524306403688068953,Unknown Texture,Slovenia,Ljubljana,REGIONAL,,,1,1,2025,2025,0
2038,1366715902442181038,Jump Source,Canada,Montreal,REGIONAL,,,5,5,2026,2026,0
2039,5369512012332110194,evin,Germany,Berlin,REGIONAL,,,2,2,2026,2026,0
2040,757260920293038985,Customer Service,United Kingdom,London,REGIONAL,,,4,4,2021,2023,2
2041,4849641360488674921,Ménage,Australia,Melbourne,REGIONAL,,,1,1,2022,2022,0
2042,5057248057285347395,Erik Luebs,Japan,Kansai,REGIONAL,,,1,2,2025,2026,1
2043,996286067449123815,Genyten,Netherlands,Rotterdam,REGIONAL,,,1,1,2025,2025,0
2044,7834350769899721822,SAMWHO,Netherlands,Amsterdam,REGIONAL,,,1,1,2025,2025,0
2045,8961622301561541627,Demi Riquisimo,United Kingdom,London,REGIONAL,,,8,21,2019,2026,7
2046,2828871482768870875,Gina Breeze,United Kingdom,North,REGIONAL,,,7,18,2018,2025,7
2047,1480098580309322860,Ellie Stokes,United Kingdom,West + Wales,REGIONAL,,,8,43,2018,2026,8
2048,973635393166784005,Hifi Sean,United Kingdom,London,REGIONAL,,,1,1,2023,2023,0
2049,4109886177692068515,Kitty,South Korea,Seoul,REGIONAL,,,1,1,2024,2024,0
2050,3990241547051886294,Tia Cousins,United Kingdom,London,REGIONAL,,,10,27,2021,2026,5
2051,9042867041878827284,Becky Stroke,United Kingdom,London,REGIONAL,,,1,4,2021,2024,3
2052,3764161632760094097,Cimmerii,United Kingdom,London,REGIONAL,,,1,2,2021,2021,0
2053,945727676329378258,JoyBoy,Switzerland,Zurich,REGIONAL,,,1,2,2021,2021,0
2054,5251755934073507039,Oli Keens,United Kingdom,London,REGIONAL,,,2,7,2019,2023,4
2055,4866940425899293137,Kiki,Finland,Helsinki,REGIONAL,,,2,4,2021,2024,3
2056,2248038507916993071,Ms.G,United Kingdom,London,REGIONAL,,,6,9,2021,2024,3
2057,6377881114703178825,Must B Me,United Kingdom,London,REGIONAL,,,1,1,2022,2022,0
2058,5518228062573538561,Tommy Hart,United States of America,New York City,REGIONAL,,,1,1,2022,2022,0
2059,771264397991316396,Antoin KMA,Ireland,All,REGIONAL,,,1,1,2022,2022,0
2060,7046367864073244105,London Hatred,United Kingdom,London,REGIONAL,,,2,3,2022,2024,2
2061,7894662870725578750,Twang,United Kingdom,London,REGIONAL,,,1,3,2023,2026,3
2062,8680254701189412023,Dj Saliva,Portugal,Porto,REGIONAL,,,4,13,2022,2024,2
2063,1031432284713749338,Goh Well,United Kingdom,London,REGIONAL,,,2,4,2022,2024,2
2064,3310052645182482333,BEIGE,United States of America,Detroit,REGIONAL,,,2,2,2023,2023,0
2065,6101979907623058122,Basmati (1),Germany,Munich,REGIONAL,,,1,1,2023,2023,0
2066,428144490280239245,Harietta,United Kingdom,London,REGIONAL,,,1,4,2024,2026,2
2067,1612716577983757694,Lockhart,United Kingdom,London,REGIONAL,,,1,1,2024,2024,0
2068,8301337560918402020,ASHTREY,United Kingdom,London,REGIONAL,,,2,2,2024,2025,1
2069,4986794370822225416,Bethan,United Kingdom,London,REGIONAL,,,3,5,2023,2025,2
2070,6899511321400990850,Roxanne,United States of America,Los Angeles,REGIONAL,,,1,1,2024,2024,0
2071,2642132737339678376,GGI (1),United Kingdom,London,REGIONAL,,,1,1,2024,2024,0
2072,5243883082765759450,Unorthodox,United Kingdom,London,REGIONAL,,,1,1,2024,2024,0
2073,4574031251326347797,Romy,United States of America,California,REGIONAL,,,2,3,2024,2026,2
2074,1200539570946422784,Light Gal,United Kingdom,London,REGIONAL,,,1,1,2025,2025,0
2075,5118471860228814409,Mika.,United Kingdom,London,REGIONAL,,,2,2,2025,2026,1
2076,4621500473024237115,Gorje Hewek,Germany,Frankfurt,REGIONAL,,,1,1,2016,2016,0
2077,2374280428712822786,Rüba KPØ,France,French Riviera,REGIONAL,,,1,1,2016,2016,0
2078,4990708013076154839,Jilaa,Morocco,All,REGIONAL,,,1,1,2018,2018,0
2079,6578978967033597896,Matthew Dekay,,,TOP1000,,,2,3,2019,2021,2
2080,3296997638783496123,Eagles,,,,,,5,6,2017,2021,4
2081,8481329547088373367,Moullinex,Portugal,Lisbon,REGIONAL,,,2,4,2021,2024,3
2082,4498957671978454141,Paul Cut,France,Central,REGIONAL,,,4,5,2017,2021,4
2083,5216512341672282003,Tom of England,United Kingdom,London,REGIONAL,,,2,3,2018,2021,3
2084,4572177808789611166,Bessie-Mae,United Kingdom,London,REGIONAL,,,1,1,2022,2022,0
2085,7966829571802565697,Mariiin,United Kingdom,London,REGIONAL,,,7,10,2022,2026,4
2086,5396839732514169498,Zaltsman,United Kingdom,London,REGIONAL,,,3,7,2021,2025,4
2087,9072787692841537039,KT,United Kingdom,London,REGIONAL,,,8,18,2022,2026,4
2088,3316369774733045720,A Guy Called Gerald,United Kingdom,North,TOP1000,,,6,9,2016,2026,10
2089,4148375713938069075,Telma,Portugal,Lisbon,REGIONAL,,,3,3,2023,2025,2
2090,3299321730788674766,Freshkitos,Portugal,Porto,REGIONAL,,,1,1,2025,2025,0
2091,1932331378693120953,LP Giobbi,United States of America,Portland,REGIONAL,,,4,5,2023,2026,3
2092,955991947456830200,Kaap,Netherlands,Amsterdam,REGIONAL,,,2,2,2017,2025,8
2093,7462361086156119756,Baikal,Germany,Berlin,TOP1000,,,3,4,2014,2019,5
2094,880793881627596671,The Drifter,Ireland,All,REGIONAL,,,4,6,2015,2019,4
2095,8994596625844809654,Hælos,United Kingdom,London,REGIONAL,,,1,1,2019,2019,0
2096,1791217275514429910,Bordello Soundsystem,Netherlands,Amsterdam,REGIONAL,,,1,4,2019,2025,6
2097,6346303712165467204,Joep Beving,Netherlands,Amsterdam,REGIONAL,,,2,2,2022,2023,1
2098,7866248382823781528,Gui Boratto,Brazil,Sao Paulo,TOP1000,,,4,12,2013,2022,9
2099,1719034331108890697,Roswitha,Netherlands,Amsterdam,REGIONAL,,,1,2,2022,2023,1
2100,8542109701671314795,David Silver,Germany,Berlin,REGIONAL,,,2,4,2019,2024,5
2101,8650898828299270090,Jenst,Netherlands,Amsterdam,REGIONAL,,,2,2,2024,2024,0
2102,7924868066990503586,Colyn,Netherlands,Amsterdam,REGIONAL,,,5,17,2020,2026,6
2103,8665638852386281208,Gizem,Netherlands,Amsterdam,REGIONAL,,,2,2,2025,2026,1
2104,6679627147857857904,Kartwheel,Netherlands,The Hague,REGIONAL,,,1,1,2026,2026,0
2105,9001516286188896531,Joris Delacroix,France,Montpellier,REGIONAL,,,4,6,2013,2017,4
2106,4286951323069548494,Miguel Puente,Mexico,Mexico City,REGIONAL,,,2,2,2015,2015,0
2107,1933512374729295147,Danny Daze,United States of America,Miami,TOP1000,,,6,9,2014,2019,5
2108,5934337178623157766,WM Band,Spain,Barcelona,REGIONAL,,,1,1,2016,2016,0
2109,7408418207662197044,Paul Woolford,United Kingdom,North,TOP1000,,,6,6,2012,2025,13
2110,4377149964856586829,Sergio,,,,,,4,5,2012,2016,4
2111,8322686803103950676,Fairmont,Spain,Barcelona,REGIONAL,,,4,6,2008,2017,9
2112,4069791415117342124,Lancaster,Spain,Barcelona,REGIONAL,,,1,2,2017,2022,5
2113,7069368292597657639,Magmille,Spain,Barcelona,REGIONAL,,,1,1,2017,2017,0
2114,5926253344514994957,Guillaume Keller,,,,,,1,1,2017,2017,0
2115,7546154727168379532,Fur,,,,,,2,4,2017,2022,5
2116,4438503252933051931,Ruzztic,Spain,Barcelona,REGIONAL,,,1,1,2017,2017,0
2117,2519911329625052378,Toni Bass,Spain,Barcelona,REGIONAL,,,1,1,2018,2018,0
2118,8605155875871281723,Javi Redondo,Spain,Madrid,REGIONAL,,,3,3,2018,2018,0
2119,5585236400567290514,Aubrey,United Kingdom,London,REGIONAL,,,1,1,2018,2018,0
2120,6463889413518348464,Caleb Calloway,Puerto Rico,All,REGIONAL,,,2,2,2016,2018,2
2121,6741240936161060622,Ramboiage,Portugal,Lisbon,REGIONAL,,,3,3,2017,2019,2
2122,2293843481920827026,Dj Fra,Spain,Barcelona,REGIONAL,,,3,5,2018,2026,8
2123,5500452394698188974,Sano,Colombia,Medellin,REGIONAL,,,1,1,2018,2018,0
2124,6145432931034577185,Mystery Affair,Mexico,Guadalajara,REGIONAL,,,3,5,2018,2024,6
2125,5711273883026966620,Lumiere,Argentina,Buenos Aires,REGIONAL,,,4,7,2018,2026,8
2126,9189369464910743867,Chez Ed,Spain,Barcelona,REGIONAL,,,1,1,2018,2018,0
2127,1086133792674434602,Undercatt,Italy,Central,REGIONAL,,,1,2,2019,2022,3
2128,7605365885921507499,Jade Rolt,Spain,Barcelona,REGIONAL,,,1,5,2019,2024,5
2129,8021893539316292294,Deniz Bul,Germany,Mannheim,REGIONAL,,,1,7,2019,2023,4
2130,8787376041439909013,Anika Kunst,Spain,Barcelona,REGIONAL,,,3,4,2018,2026,8
2131,1691393016178140473,Lauren Lo Sung,United Kingdom,Liverpool,TOP1000,,,3,4,2019,2025,6
2132,4461155681139827717,Cardao,Portugal,Porto,REGIONAL,,,1,1,2019,2019,0
2133,3037382251920001143,Spirit Disco,Spain,Barcelona,REGIONAL,,,1,1,2020,2020,0
2134,611659756300272907,no_ip,Spain,Barcelona,REGIONAL,,,1,3,2021,2023,2
2135,7753884164170221154,Chelina Manuhutu,Netherlands,Amsterdam,TOP1000,,,1,2,2022,2025,3
2136,8051726480710793020,Rafa Barrios,Spain,South,REGIONAL,,,1,1,2022,2022,0
2137,1179629728620579132,Beniso,France,Paris,REGIONAL,,,2,7,2022,2026,4
2138,2268156912221589046,Bloem,South Africa,Cape Town,REGIONAL,,,1,2,2022,2022,0
2139,5663500231138438882,Miss Miquel,Spain,Barcelona,REGIONAL,,,1,4,2022,2023,1
2140,2533500322427985248,Kapibara,Netherlands,All,REGIONAL,,,1,1,2022,2022,0
2141,8297875542646716869,Khenya,Cuba,All,REGIONAL,,,1,5,2022,2024,2
2142,7981594020563374858,Neska,Spain,Barcelona,REGIONAL,,,4,9,2021,2026,5
2143,6720292216842167097,KAYYAK,Switzerland,Zurich,REGIONAL,,,1,1,2022,2022,0
2144,2280631476634842556,Dan McKie,United Kingdom,Newcastle,REGIONAL,,,1,1,2022,2022,0
2145,4013345360263054779,NIIXII,Spain,Barcelona,REGIONAL,,,1,4,2022,2023,1
2146,5880316348089001382,Pau Rosés,Spain,Barcelona,REGIONAL,,,1,1,2022,2022,0
2147,258892072814597595,Motip White,Germany,Cologne,REGIONAL,,,1,1,2023,2023,0
2148,4122014900255204015,Joplyn,Germany,Berlin,REGIONAL,,,3,3,2023,2025,2
2149,3818438997640652664,Silvie Loto,Italy,Central,REGIONAL,,,2,3,2023,2025,2
2150,4582854916166714585,ARODES,United States of America,Miami,REGIONAL,,,1,5,2023,2025,2
2151,7676460334189558864,Sonido Tupinamba,Spain,Barcelona,REGIONAL,,,2,5,2017,2023,6
2152,5066146953612021752,Gee Lane,Spain,Barcelona,REGIONAL,,,5,8,2023,2026,3
2153,1378664312797402982,Valerie Jane,Mexico,Mexico City,REGIONAL,,,1,1,2023,2023,0
2154,8152165913380283279,Layla Benitez,United States of America,New York City,REGIONAL,,,2,6,2022,2025,3
2155,1944147592978927240,Damon Jee,France,West,REGIONAL,,,2,2,2022,2023,1
2156,6051529821339646263,Iris Pertegaz,United Kingdom,Glasgow,REGIONAL,,,1,1,2023,2023,0
2157,7582362387210880974,Toman,Netherlands,Amsterdam,REGIONAL,,,7,10,2018,2026,8
2158,9118508265930644370,Gordo,Guatemala,All,REGIONAL,,,2,3,2024,2026,2
2159,6223146887448874757,Dj Coco,Spain,Barcelona,REGIONAL,,,2,3,2024,2025,1
2160,1350906066023736801,Loli Zazou,Argentina,Buenos Aires,REGIONAL,,,1,1,2024,2024,0
2161,4827135681491298047,Julia Sandstorm,Sweden,All,REGIONAL,,,1,1,2024,2024,0
2162,1378760956896929624,Dom Dolla,Australia,Victoria,REGIONAL,,,2,3,2024,2026,2
2163,8886523017740235442,Koboyo,France,Paris,REGIONAL,,,1,1,2024,2024,0
2164,2275461834014687207,Amalia Balbontin,Chile,Santiago,REGIONAL,,,1,1,2024,2024,0
2165,2395644579668015586,Ceri,United Kingdom,London,REGIONAL,,,4,7,2018,2025,7
2166,8447860097305205730,Victor FL,Spain,Madrid,REGIONAL,,,1,1,2024,2024,0
2167,4748663407821148426,Purple Disco Machine,Germany,Dresden,REGIONAL,,,2,6,2019,2025,6
2168,8545671073202525042,Rivellino,Colombia,Cali,REGIONAL,,,1,5,2024,2025,1
2169,4921527992411291140,Sean Doron,Israel,Tel Aviv,REGIONAL,,,2,3,2017,2025,8
2170,1776486128055496372,MARA BRAVO,Spain,Barcelona,REGIONAL,,,1,2,2025,2025,0
2171,8382747898420257669,Samm (BE),Belgium,Antwerp,REGIONAL,,,1,1,2025,2025,0
2172,2339522728651669786,Liza,Germany,Munich,REGIONAL,,,1,2,2025,2025,0
2173,9182045384229305445,Ela Minus,Colombia,Bogotá,REGIONAL,,,5,8,2022,2026,4
2174,4627386212726992344,Yasmin,United Kingdom,London,REGIONAL,,,3,3,2024,2025,1
2175,5543816302791252846,Emanuel Satie,Germany,Berlin,REGIONAL,,,1,1,2025,2025,0
2176,4676098474937930787,AMARANTE,Spain,Barcelona,REGIONAL,,,2,4,2025,2026,1
2177,5071125426961370802,Argy,United Kingdom,London,REGIONAL,,,1,1,2025,2025,0
2178,1253528009970201592,Alice Caroline,Ukraine,All,REGIONAL,,,1,2,2025,2025,0
2179,7604658915515241870,INEXXSTABLE,Spain,Barcelona,REGIONAL,,,1,1,2026,2026,0
2180,971220772924614269,Dorian Craft,France,Paris,REGIONAL,,,1,1,2026,2026,0
2181,8518601598373284963,TONS,Venezuela,All,REGIONAL,,,1,1,2026,2026,0
2182,511971742693180225,High Future,Germany,Berlin,REGIONAL,,,2,2,2022,2023,1
2183,1134265890396618848,Shlagga,France,Marseille,REGIONAL,,,2,4,2018,2024,6
2184,9003730325077108750,Marius Bø,Norway,Oslo,REGIONAL,,,2,2,2024,2026,2
2185,4352195044676105839,VOID/DIVO,Spain,Barcelona,REGIONAL,,,1,1,2024,2024,0
2186,2511945868533794998,ENGALANAN,Spain,Barcelona,REGIONAL,,,1,1,2025,2025,0
2187,2895293940749901198,bipolar,Italy,Milan,REGIONAL,,,1,1,2025,2025,0
2188,4949256578239134139,MINERVA,Portugal,Lisbon,REGIONAL,,,1,1,2025,2025,0
2189,3556576988897675978,Benfika,Mexico,Tijuana,REGIONAL,,,1,1,2025,2025,0
2190,7947824461832899497,Komet99,Norway,Oslo,REGIONAL,,,1,1,2026,2026,0
2191,390476692531482780,Champion,United Kingdom,London,REGIONAL,,,1,1,2026,2026,0
2192,3577073966833763763,Juju,,,,,,5,46,2007,2019,12
2193,8795882452451703572,Kenny Larkin,United States of America,Detroit,TOP1000,,,5,5,2008,2026,18
2194,2884375888886528593,Eelco Couvreur,Netherlands,Amsterdam,REGIONAL,,,2,5,2009,2017,8
2195,3669581392923759023,The Glimmers,Belgium,All,REGIONAL,,,1,1,2010,2010,0
2196,2725607765860130706,The Walk,,,,,,1,1,2010,2010,0
2197,4102732660682589257,Darshan Jesrani,United States of America,New York City,REGIONAL,,,2,6,2011,2023,12
2198,5490319507605348300,Daniel Stefanik,Germany,Leipzig,REGIONAL,,,3,4,2012,2017,5
2199,3384871547368963655,Joe Claussell,United States of America,New York City,TOP1000,,,6,14,2008,2026,18
2200,2818458247702918403,Steve Summers,United States of America,New York City,REGIONAL,,,1,1,2013,2013,0
2201,7530725799101761859,No Regular Play,United States of America,New York City,REGIONAL,,,1,1,2013,2013,0
2202,276735003682102249,Mr. Ties,Germany,Berlin,TOP1000,,,2,6,2013,2020,7
2203,2212321996162301042,Atom™,Chile,All,TOP1000,,,2,2,2014,2017,3
2204,5808929040777792646,Rivet,Sweden,All,REGIONAL,,,2,8,2014,2026,12
2205,1456855604312146829,Greg Lord,United Kingdom,North,REGIONAL,,,1,1,2015,2015,0
2206,2005819730647560058,Monolake,Germany,Berlin,TOP1000,,,1,3,2015,2017,2
2207,7110057224964019418,Lucy,Italy,Sicily,TOP1000,,,5,6,2014,2020,6
2208,5293249437405608740,Andy Stott,United Kingdom,North,TOP1000,,,5,10,2008,2019,11
2209,1063592926426232703,Volcov,Italy,North,REGIONAL,,,7,13,2015,2025,10
2210,613303786477710022,Mirus,Spain,Barcelona,REGIONAL,,,1,2,2015,2015,0
2211,5894588919253735919,Midnight Operator,Germany,Berlin,REGIONAL,,,1,2,2015,2015,0
2212,5470896684630114599,Basic Soul Unit,Canada,Toronto,REGIONAL,,,1,2,2015,2015,0
2213,994528456045325149,kannabi,Japan,Tokyo,REGIONAL,,,1,1,2016,2016,0
2214,2995273303350843635,Jiles John,Netherlands,Amsterdam,REGIONAL,,,1,1,2016,2016,0
2215,2319992768180461805,Dee Brown,Denmark,All,REGIONAL,,,3,3,2016,2023,7
2216,1987330823570587079,Andy Votel,United Kingdom,North,REGIONAL,,,3,5,2014,2023,9
2217,1935565595401400842,Baris K,Turkey,Istanbul,REGIONAL,,,3,4,2015,2016,1
2218,357955478929104979,BertBert,Netherlands,Amsterdam,REGIONAL,,,3,12,2016,2022,6
2219,2902249876402047480,Rebuild,United Kingdom,Manchester,REGIONAL,,,1,1,2016,2016,0
2220,4256869088837226196,808 State,United Kingdom,North,REGIONAL,,,4,9,2016,2026,10
2221,3581926508752605561,Azymuth,Brazil,All,REGIONAL,,,4,6,2016,2023,7
2222,1142744793472600034,Alessandro Cortini,Italy,North,REGIONAL,,,3,5,2016,2024,8
2223,5366151722273343818,Mystica Tribe,Japan,Tokyo,REGIONAL,,,1,1,2016,2016,0
2224,4652516867207711573,Tai T.Ram,Japan,Tokyo,REGIONAL,,,1,1,2016,2016,0
2225,9160914432850948760,Diegors,Chile,All,REGIONAL,,,1,1,2017,2017,0
2226,3799315406776872371,Roman,,,,,,1,1,2017,2017,0
2227,8373480349188360288,Red Greg,United Kingdom,London,REGIONAL,,,5,9,2017,2022,5
2228,5419556226423904222,Umfang,United States of America,New York City,TOP1000,,,9,10,2017,2022,5
2229,4301726411380686131,Philip Berg,Germany,Frankfurt,REGIONAL,,,2,2,2018,2018,0
2230,5982609644637381489,Steve Bicknell,United Kingdom,London,REGIONAL,,,4,5,2005,2018,13
2231,6647881307098489584,Solid Blake,United Kingdom,Scotland,TOP1000,,,7,13,2018,2024,6
2232,214802783950373833,Pan Daijing,China,Chongqing,TOP1000,,,3,3,2018,2018,0
2233,2257411826405004312,Raime,United Kingdom,London,REGIONAL,,,2,2,2018,2018,0
2234,375442448042619807,Tim Hecker,Canada,Montreal,TOP1000,,,1,1,2018,2018,0
2235,6315990520621971582,Varg²™,Sweden,All,TOP1000,,,2,2,2018,2019,1
2236,7040520402565527325,WÖLF,Argentina,Buenos Aires,REGIONAL,,,1,1,2018,2018,0
2237,6812574562802149029,De Ambassade,Netherlands,Amsterdam,REGIONAL,,,3,3,2019,2022,3
2238,9096984412258827986,King Shiloh,Netherlands,Amsterdam,REGIONAL,,,1,1,2019,2019,0
2239,4947964106399201256,J-Zbel,France,Lyon,REGIONAL,,,5,6,2016,2022,6
2240,8806380730292552529,E. Myers,United Kingdom,London,REGIONAL,,,1,1,2020,2020,0
2241,8340697850533053627,Loma Doom,Netherlands,Amsterdam,REGIONAL,,,2,8,2019,2025,6
2242,8962421704553435619,MR TC,United Kingdom,Scotland,REGIONAL,,,3,4,2017,2021,4
2243,7954209347786753511,Damien Dubrovnik,Denmark,All,REGIONAL,,,1,1,2020,2020,0
2244,4798527300722558542,Laurel Halo,United States of America,Michigan,TOP1000,,,7,9,2014,2026,12
2245,6429665327631380890,Nicky Siano,United States of America,New York City,REGIONAL,,,3,4,2017,2021,4
2246,7781222817219461072,Nurse With Wound,United Kingdom,London,REGIONAL,,,2,3,2013,2020,7
2247,2203576493924264837,Tribe Of Colin,United Kingdom,London,REGIONAL,,,2,2,2020,2022,2
2248,2680291227232521796,Junglehussi,United Kingdom,London,REGIONAL,,,1,1,2022,2022,0
2249,2360255766554704608,Alberta Balsam,Netherlands,Rotterdam,REGIONAL,,,3,5,2022,2023,1
2250,3789421995628487235,Renata Do Valle,Brazil,All,REGIONAL,,,2,2,2022,2022,0
2251,5731933017290673093,AceMoMA,United States of America,New York City,REGIONAL,,,5,6,2021,2023,2
2252,3355588681391265501,Perila,Germany,Berlin,REGIONAL,,,3,5,2022,2025,3
2253,6827174374676553203,Charles Moon,United States of America,Texas,REGIONAL,,,1,1,2022,2022,0
2254,4744896739041989039,EVEHIVE,Brazil,Rio de Janeiro,REGIONAL,,,1,1,2023,2023,0
2255,3462953720565299631,Mari Herzer,Brazil,All,REGIONAL,,,1,1,2023,2023,0
2256,4177240129234588742,Phatrax,Poland,Warsaw,REGIONAL,,,1,1,2023,2023,0
2257,7884906236796835501,Dj Danifox,Portugal,Lisbon,REGIONAL,,,1,1,2023,2023,0
2258,487232588896280321,MikeQ,United States of America,New Jersey,REGIONAL,,,1,1,2023,2023,0
2259,4246151886486978729,Luca Lozano,Germany,Berlin,REGIONAL,,,5,11,2018,2026,8
2260,8426911541791829271,Malibu,France,South West,REGIONAL,,,5,5,2024,2026,2
2261,3831460016422398136,Istanbul Ghetto Club,Turkey,Istanbul,REGIONAL,,,2,2,2024,2024,0
2262,8933851742347607704,Stacks,Belgium,Antwerp,REGIONAL,,,2,2,2024,2026,2
2263,4574783409814852446,HiTech,United States of America,Detroit,REGIONAL,,,5,7,2024,2025,1
2264,2805254643158678618,The Ragga Twins,United Kingdom,London,REGIONAL,,,1,2,2025,2025,0
2265,8058707430712222859,Elena Barker,Spain,Madrid,REGIONAL,,,2,2,2025,2026,1
2266,2288571325328371503,Hamatsuki,Georgia,Tbilisi,REGIONAL,,,1,1,2026,2026,0
2267,1944775040335906463,Death in Vegas,United Kingdom,London,REGIONAL,,,2,2,2025,2026,1
2268,4542846070824822443,L.F.T.,Germany,Hamburg,REGIONAL,,,3,4,2022,2026,4
2269,2553672843400164001,NEW YORK,United Kingdom,London,REGIONAL,,,1,1,2026,2026,0
2270,6169241306232380798,Sass,Germany,Berlin,REGIONAL,,,1,1,2026,2026,0
2271,728292046131156066,Ma Sha,United States of America,Alabama,REGIONAL,,,1,1,2026,2026,0
2272,7265505549743438540,Chee Shimizu,Japan,Tokyo,REGIONAL,,,1,1,2019,2019,0
2273,6189014189380161620,Finn Johannsen,Germany,Berlin,REGIONAL,,,1,1,2019,2019,0
2274,2457600555589511857,NM_____,Netherlands,Amsterdam,REGIONAL,,,1,1,2019,2019,0
2275,2919365673957689350,Ron Like Hell,United States of America,New York City,REGIONAL,,,1,1,2023,2023,0
2276,1770320875702687462,Fabio Fontanelli,Netherlands,Amsterdam,REGIONAL,,,2,2,2023,2024,1
2277,2432863537488263730,Latoya,Netherlands,Amsterdam,REGIONAL,,,3,3,2022,2023,1
2278,3581174269061458682,PAURRO,Mexico,Mexico City,TOP1000,,,3,4,2025,2025,0
2279,8329313481542092169,LTGL,Belgium,All,REGIONAL,,,1,1,2015,2015,0
2280,3964891186997098546,Mehmet Aslan,Switzerland,Basel,REGIONAL,,,2,2,2015,2017,2
2281,8468151045642410182,Rick Shiver,Belgium,All,REGIONAL,,,1,1,2018,2018,0
2282,6556588246385888831,Jakob (BE),Belgium,Brussels,REGIONAL,,,1,1,2019,2019,0
2283,651462975396616589,ascendant vierge,France,Paris,REGIONAL,,,2,2,2021,2021,0
2284,2436984838340793952,Joe Delon,United Kingdom,London,REGIONAL,,,4,11,2021,2025,4
2285,7140622820006614332,Anna Wall,United Kingdom,London,TOP1000,,,9,16,2011,2026,15
2286,3834184701092385487,Tom Rynders,Belgium,Brussels,REGIONAL,,,1,2,2023,2024,1
2287,8792754097771750864,hannya,Poland,All,REGIONAL,,,1,1,2023,2023,0
2288,4711954259226291729,Iceboy Violet,,,REGIONAL,,,2,2,2023,2024,1
2289,1454138518590863654,waltur,Belgium,Antwerp,REGIONAL,,,1,2,2023,2026,3
2290,6645223330069365671,Kilopatrah Jones,United States of America,New York City,REGIONAL,,,3,3,2024,2026,2
2291,306582385467862680,ketia,Portugal,Lisbon,REGIONAL,,,2,2,2024,2025,1
2292,3696124582032957077,VINESSETT,,,REGIONAL,,,1,1,2024,2024,0
2293,8978213145243855838,Yeye (2),Italy,North,REGIONAL,,,1,1,2025,2025,0
2294,5405115973190602108,Sookie (3),Belgium,Brussels,REGIONAL,,,1,1,2025,2025,0
2295,7001917508092546265,Felix K,Germany,Berlin,REGIONAL,,,1,1,2026,2026,0
2296,2434480700966849111,Jana Joanna,Belgium,Brussels,REGIONAL,,,1,1,2026,2026,0
2297,4471420471394363893,Radart,Australia,Melbourne,REGIONAL,,,1,1,2026,2026,0
2298,4992485180888856184,Tonito Yama,Belgium,Brussels,REGIONAL,,,1,1,2026,2026,0
2299,8951317176836997969,Sarah Wanita,Belgium,Brussels,REGIONAL,,,1,1,2026,2026,0
2300,482374011938927169,Emma-Jean Thackray,United Kingdom,London,REGIONAL,,,5,11,2019,2026,7
2301,398188855744022651,Global Roots,United Kingdom,London,REGIONAL,,,2,7,2019,2021,2
2302,6945135269385531117,Neue Grafik,United Kingdom,London,REGIONAL,,,4,7,2017,2022,5
2303,4095805639961760101,Off The Meds,Sweden,Stockholm,REGIONAL,,,1,3,2022,2022,0
2304,1420133769443909224,drysu,United Kingdom,London,REGIONAL,,,7,23,2017,2026,9
2305,2202725669720144951,Ambient Babestation Meltdown,United Kingdom,London,REGIONAL,,,4,11,2019,2026,7
2306,239499485708677112,Bleaching Agent,United Kingdom,North,REGIONAL,,,2,2,2022,2022,0
2307,4443467379068622627,muddy puppy,United Kingdom,London,REGIONAL,,,4,4,2024,2025,1
2308,5391256769488829793,Dego,United Kingdom,London,REGIONAL,,,3,3,2013,2024,11
2309,4811530875425929692,Kitsta,United Kingdom,London,REGIONAL,,,3,6,2021,2026,5
2310,8041715504771542348,Coby Sey,United Kingdom,London,REGIONAL,,,4,4,2023,2025,2
2311,5427983503942620103,Stress Less,United Kingdom,London,REGIONAL,,,1,1,2025,2025,0
2312,8665375332746164080,Voice Actor,United Kingdom,Sheffield,REGIONAL,,,5,6,2023,2026,3
2313,3178195294186374089,YHWH Nailgun,United States of America,New York City,REGIONAL,,,2,2,2026,2026,0
2314,6506014528937350510,ELLADHC,United Kingdom,London,REGIONAL,,,1,1,2026,2026,0
2315,5430347572799874854,FREAKENSTEIN,United Kingdom,Leeds,REGIONAL,,,4,15,2019,2026,7
2316,4192139267086805103,Meilgaarden,Sweden,Stockholm,REGIONAL,,,2,2,2025,2026,1
2317,4953259331878308788,Mika,Bosnia and Herzegovina,All,REGIONAL,,,1,1,2026,2026,0
2318,3692863106150829803,Mr. Redley,United Kingdom,London,REGIONAL,,,4,6,2022,2026,4
2319,6053137142998495039,Zjoso,Australia,Melbourne,REGIONAL,,,3,3,2019,2026,7
2320,5687177025476775482,Hawker,United Kingdom,London,REGIONAL,,,1,2,2010,2011,1
2321,6095951569348319236,James Martin,Germany,Berlin,REGIONAL,,,1,1,2010,2010,0
2322,8996174643997363313,Strutt,United Kingdom,London,REGIONAL,,,1,1,2010,2010,0
2323,5898013360005488341,Perc,United Kingdom,London,TOP1000,,,5,8,2011,2026,15
2324,5703291904440487223,Wetrooms,United Kingdom,South + East,REGIONAL,,,1,1,2011,2011,0
2325,5592400288710607238,Shenoda,United Kingdom,London,REGIONAL,,,1,3,2012,2015,3
2326,5925104453677523117,Ste Waite,United Kingdom,North,REGIONAL,,,1,2,2012,2013,1
2327,5757689474402760973,2 Bad Mice,United Kingdom,London,REGIONAL,,,4,13,2013,2025,12
2328,2331603926425497305,Bookless,,,,,,2,8,2013,2019,6
2329,5970193202036497812,David Moran,United Kingdom,Leeds,REGIONAL,,,1,4,2013,2024,11
2330,9031704096848964780,Farrer,,,,,,1,3,2013,2015,2
2331,7537128499674625883,Hizatron,,,REGIONAL,,,1,7,2013,2019,6
2332,7270347492450300648,Hijinkx,United Kingdom,North,REGIONAL,,,1,2,2014,2015,1
2333,6651312358131219348,OJsmooth,United Kingdom,London,REGIONAL,,,1,1,2014,2014,0
2334,2356610479231894532,Tom Ellis,United Kingdom,West + Wales,REGIONAL,,,6,30,2007,2026,19
2335,2163822529578640992,Marc Romboy,Germany,Augsburg,TOP1000,,,5,7,2009,2019,10
2336,116252077083560395,Alex Arnout,United Kingdom,London,REGIONAL,,,1,2,2015,2016,1
2337,2825957884612526623,Ishmael,United Kingdom,West + Wales,REGIONAL,,,1,2,2015,2017,2
2338,1870918379670897258,Jascha Hagen,Germany,Leipzig,REGIONAL,,,1,1,2015,2015,0
2339,5281053218972796750,Lee Coombs,United Kingdom,London,REGIONAL,,,1,1,2015,2015,0
2340,1997799579822107839,The Menendez Brothers,United Kingdom,London,REGIONAL,,,3,8,2015,2022,7
2341,4970009521976274522,Frits Wentink,Netherlands,Amsterdam,REGIONAL,,,3,5,2011,2017,6
2342,3208741970703093766,Grain,United Kingdom,London,REGIONAL,,,1,4,2016,2019,3
2343,8469784548027694411,Gus Emmett,United Kingdom,London,REGIONAL,,,1,3,2016,2019,3
2344,1734401430316306798,Hold Youth,France,Central,REGIONAL,,,2,2,2013,2017,4
2345,2549794314967285229,LUVJAM,United Kingdom,North,REGIONAL,,,1,1,2017,2017,0
2346,5877892170889215101,Bill Patrick,United States of America,New York City,TOP1000,,,3,3,2013,2017,4
2347,4575408480407336643,Thomas Melchior,Germany,Berlin,TOP1000,,,3,3,2017,2022,5
2348,173495884743287766,IAMDDB,United Kingdom,Manchester,REGIONAL,,,5,5,2017,2025,8
2349,4596183668905272626,Mark Archer,United Kingdom,Midlands,REGIONAL,,,2,10,2013,2026,13
2350,5705972402553968494,Jac The Disco,United Kingdom,London,REGIONAL,,,1,2,2018,2019,1
2351,620440292362835186,Ata,Germany,Frankfurt,TOP1000,,,7,12,2011,2025,14
2352,3082041197608911050,See Thru Hands,United Kingdom,North,REGIONAL,,,1,1,2019,2019,0
2353,391419200149337004,Lovescene,United Kingdom,Manchester,REGIONAL,,,2,4,2019,2022,3
2354,1873496704880465640,Ashee,United Kingdom,London,REGIONAL,,,2,3,2022,2025,3
2355,3351493272780633740,Bowes,United Kingdom,Manchester,REGIONAL,,,2,10,2021,2023,2
2356,6628405312373753709,Snoodman Deejay,United Kingdom,Liverpool,REGIONAL,,,1,1,2022,2022,0
2357,4260607961595001450,Geoff Leopard,United Kingdom,North,REGIONAL,,,1,1,2022,2022,0
2358,6733441559469084483,Dowd,United Kingdom,Liverpool,REGIONAL,,,2,3,2022,2023,1
2359,1375581534667764023,KRS Two,United Kingdom,North,REGIONAL,,,1,1,2022,2022,0
2360,8447482633139222124,Marcelina Wick,United Kingdom,London,REGIONAL,,,1,1,2022,2022,0
2361,2782469971913924044,Minou,United Kingdom,London,REGIONAL,,,2,2,2022,2023,1
2362,8178791419664511512,Megan Leo,United Kingdom,Newcastle,REGIONAL,,,3,3,2022,2023,1
2363,8411592374049880508,Pondlife,United Kingdom,London,REGIONAL,,,1,2,2023,2025,2
2364,5209077997540012132,Robi,France,West,REGIONAL,,,1,1,2023,2023,0
2365,793536840086140397,Sebastian Spring,Switzerland,All,REGIONAL,,,2,5,2016,2023,7
2366,7695600885912974089,T. Jacques,United Kingdom,London,REGIONAL,,,3,7,2023,2025,2
2367,1596700819141681330,Tywi,United Kingdom,Cardiff,REGIONAL,,,4,8,2022,2025,3
2368,7346146677602942973,Jos,United Kingdom,London,REGIONAL,,,1,1,2024,2024,0
2369,7994303143201744920,ADR (US),United States of America,New York City,REGIONAL,,,2,2,2024,2025,1
2370,549312947052618350,Ecks Etra,United Kingdom,North,REGIONAL,,,1,1,2024,2024,0
2371,3771800064030705058,Georgia,Indonesia,All,REGIONAL,,,3,5,2024,2026,2
2372,8507378398558699588,Max Le Louche,Netherlands,Amsterdam,REGIONAL,,,1,1,2024,2024,0
2373,7144283530372042548,Lokal,United Kingdom,Manchester,REGIONAL,,,1,1,2024,2024,0
2374,3166862160618816554,arnie,United Kingdom,North,REGIONAL,,,1,1,2024,2024,0
2375,4362551768451766757,Mehlor,United Kingdom,North,REGIONAL,,,1,2,2024,2024,0
2376,9221515864601489057,Pablo,United Kingdom,Scotland,REGIONAL,,,1,1,2024,2024,0
2377,3709947883853939887,Samuel Padden,United Kingdom,London,REGIONAL,,,1,1,2024,2024,0
2378,7760871596058618859,Crumpler,United Kingdom,London,REGIONAL,,,1,1,2025,2025,0
2379,6745741440047542788,Millian,United Kingdom,London,REGIONAL,,,1,1,2025,2025,0
2380,3866303872285790709,Alien Communications,United Kingdom,Edinburgh,REGIONAL,,,4,5,2024,2026,2
2381,6537859622524775586,Lucy B,Australia,Sydney,REGIONAL,,,1,1,2025,2025,0
2382,1870236892887617905,Paloma,Italy,North,REGIONAL,,,1,1,2025,2025,0
2383,4681770754353778388,Oliver Kristian,United Kingdom,Leeds,REGIONAL,,,1,1,2025,2025,0
2384,1243129620387387611,Redshift (2),United Kingdom,Newcastle,REGIONAL,,,1,1,2026,2026,0
2385,8342351736298401386,Yuksek,France,Paris,REGIONAL,,,3,6,2007,2019,12
2386,996620469485001004,Umek,Slovenia,All,TOP1000,,,2,3,2005,2008,3
2387,6293722775220672665,Electric Rescue,France,Paris,REGIONAL,,,1,23,2009,2024,15
2388,6688024214930273985,Scratch Perverts,United Kingdom,London,REGIONAL,,,1,1,2009,2009,0
2389,3822550492601929262,Scratch Bandits Crew,France,South East,REGIONAL,,,2,3,2009,2012,3
2390,8844536848657636391,Turzi,France,Paris,REGIONAL,,,2,2,2010,2016,6
2391,6254584407779880323,Julien De Castilho,France,Paris,REGIONAL,,,1,2,2012,2012,0
2392,8603684325463050110,LIMEWAX,Ukraine,All,REGIONAL,,,1,1,2012,2012,0
2393,7631907638726953462,Atari Teenage Riot,Germany,Berlin,REGIONAL,,,1,1,2012,2012,0
2394,8936346116812610332,Lucie Lebel,France,Paris,REGIONAL,,,1,1,2012,2012,0
2395,8788271350274150733,Or'l,France,Nantes,REGIONAL,,,1,4,2012,2023,11
2396,219853394850719737,Djoh Dellinger,France,West,REGIONAL,,,1,4,2013,2019,6
2397,8665139755582166218,James Tarba,France,West,REGIONAL,,,2,2,2013,2017,4
2398,3531296717377362290,Gauvin,France,West,REGIONAL,,,1,1,2013,2013,0
2399,3243731608504471169,Möd3rn,,,,,,1,8,2014,2018,4
2400,4214680175167667983,UVB 76,France,Paris,REGIONAL,,,2,2,2014,2021,7
2401,4498555122940734884,DJ Skurge,United States of America,Detroit,REGIONAL,,,1,3,2014,2015,1
2402,2375936621703020387,Yann Lean,France,Paris,REGIONAL,,,1,5,2015,2024,9
2403,4420820591088784799,Shekon,France,West,REGIONAL,,,1,1,2015,2015,0
2404,2224632750244950457,Molecule,United States of America,Houston,REGIONAL,,,3,3,2016,2022,6
2405,3075386456307526809,Pipholp,France,French Riviera,REGIONAL,,,1,4,2016,2020,4
2406,6540517839237069276,Moussa,France,Paris,REGIONAL,,,2,3,2016,2016,0
2407,8961696000907038666,LVH,France,West,REGIONAL,,,1,2,2016,2017,1
2408,9126021510153773693,Emmanuel Top,France,Paris,REGIONAL,,,1,2,2016,2018,2
2409,8728044590209320707,Bodycode,Germany,Berlin,REGIONAL,,,2,11,2007,2018,11
2410,6815447204264631456,Arno N'Joy,France,Central,REGIONAL,,,1,1,2017,2017,0
2411,7950259289404189000,Bajram Bili,France,Central,REGIONAL,,,2,2,2016,2017,1
2412,8081410028328926974,Soul Edifice,France,Paris,REGIONAL,,,1,3,2018,2018,0
2413,8370780613244359244,Kmyle,France,Paris,REGIONAL,,,1,10,2018,2023,5
2414,2881337924927004164,Numeric,Turkey,Istanbul,REGIONAL,,,1,2,2018,2018,0
2415,3650475676209522340,J Majik,United Kingdom,London,REGIONAL,,,1,1,2019,2019,0
2416,4488020639314515108,Bre.Tone,France,West,REGIONAL,,,1,1,2019,2019,0
2417,6778362685466170723,Marl K,France,West,REGIONAL,,,1,1,2019,2019,0
2418,6931026548712535124,Sterling Moss,United Kingdom,London,REGIONAL,,,1,2,2020,2022,2
2419,183088426070747734,Moteka,France,Marseille,REGIONAL,,,1,1,2022,2022,0
2420,5695957322435614837,Sainte Rita,France,Paris,REGIONAL,,,1,1,2022,2022,0
2421,2357315095122752208,Ghost in the Machine,Netherlands,All,REGIONAL,,,2,2,2017,2023,6
2422,1551434940936965654,To Van Kao,France,Paris,REGIONAL,,,1,1,2023,2023,0
2423,4623986051574151250,Matilda,United States of America,Michigan,REGIONAL,,,1,1,2024,2024,0
2424,7964355918659520216,Eva Loza,France,West,REGIONAL,,,1,1,2025,2025,0
2425,3061354251945217150,TSANGA,Germany,Berlin,REGIONAL,,,1,1,2026,2026,0
2426,7123005203564088693,Pardon My French,United Kingdom,West + Wales,REGIONAL,,,2,4,2013,2016,3
2427,7011610270243306059,Dreems,Armenia,All,REGIONAL,,,1,1,2016,2016,0
2428,8976509516382763857,Lexx,Switzerland,All,REGIONAL,,,1,7,2016,2025,9
2429,4694540208733402196,Telephones,Norway,All,TOP1000,,,2,6,2015,2023,8
2430,8389183189610467992,Thomas Von Party,Canada,Montreal,REGIONAL,,,1,1,2016,2016,0
2431,8596006481903160039,Joe Lye,United Kingdom,London,REGIONAL,,,1,2,2016,2017,1
2432,7629781878760074283,Johnny Hunter,United Kingdom,London,REGIONAL,,,1,1,2016,2016,0
2433,3885338115580944765,Ali Tillett,United Kingdom,London,REGIONAL,,,1,2,2016,2017,1
2434,3373029074670572086,Bill Brewster,United Kingdom,London,REGIONAL,,,4,14,2017,2026,9
2435,7784823687753672854,Petter Nordkvist,Sweden,All,REGIONAL,,,1,2,2017,2019,2
2436,3800398117222583400,Dean Smith,United Kingdom,Midlands,REGIONAL,,,1,7,2017,2025,8
2437,7700788797469610417,Lucid Stannard,United Kingdom,London,REGIONAL,,,2,3,2017,2019,2
2438,2769916087917137917,Rub N Tug,United States of America,New York City,REGIONAL,,,1,1,2018,2018,0
2439,8393755436255817530,Andy Blake,United Kingdom,London,REGIONAL,,,3,6,2016,2019,3
2440,4085922843453464455,Dicky Trisco,United Kingdom,London,REGIONAL,,,1,1,2018,2018,0
2441,4005929896434333910,Jamie Blanco,United Kingdom,London,REGIONAL,,,1,2,2018,2019,1
2442,1927580043259068612,Andy Whittaker,United Kingdom,London,REGIONAL,,,1,2,2019,2019,0
2443,3788347395934135538,Justin Cudmore,United States of America,New York City,REGIONAL,,,1,1,2019,2019,0
2444,8045051524937402113,Placid,United Kingdom,West + Wales,REGIONAL,,,2,3,2019,2026,7
2445,1859452627029903909,Felix Joy,United Kingdom,Bristol,REGIONAL,,,1,3,2022,2023,1
2446,3064548431685025333,Pharaoh Brunson,United Kingdom,North,REGIONAL,,,1,4,2022,2026,4
2447,3376461941776785146,SONNS,France,Paris,REGIONAL,,,2,5,2016,2024,8
2448,1630623757156658347,Longhair,Germany,Berlin,REGIONAL,,,2,2,2023,2024,1
2449,2938962211987664751,Mimi,Croatia,All,REGIONAL,,,2,6,2015,2025,10
2450,1237008542113219345,Loulou Ferrari,France,Paris,REGIONAL,,,1,1,2024,2024,0
2451,6330491810265202078,Andrija Mlacovic,Croatia,Zagreb,REGIONAL,,,1,2,2025,2026,1
2452,8707032581177389395,Corey Sizemore,United States of America,Los Angeles,REGIONAL,,,1,1,2025,2025,0
2453,5823779076472395310,Julie Wills,United Kingdom,Manchester,REGIONAL,,,1,1,2025,2025,0
2454,1630003400534892342,Tania Just,Denmark,All,REGIONAL,,,3,3,2025,2026,1
2455,793856511868600454,Thom Parris,United Kingdom,London,REGIONAL,,,1,1,2025,2025,0
2456,4216407346448598193,Ethan,United Kingdom,Northern Ireland,REGIONAL,,,1,1,2026,2026,0
2457,750206629057144776,Altern-8,United Kingdom,Midlands,REGIONAL,,,3,6,2013,2024,11
2458,6347242349899211960,Ben Boe,United Kingdom,London,REGIONAL,,,1,3,2014,2017,3
2459,2615086682317253252,Leah Floyeurs,United Kingdom,London,REGIONAL,,,5,14,2014,2026,12
2460,2240182486022897282,Photonz,Portugal,Lisbon,REGIONAL,,,1,4,2015,2018,3
2461,3519495417744552819,Remove Me,United Kingdom,London,REGIONAL,,,2,2,2015,2022,7
2462,5458504898562272986,Nick Craddock,United Kingdom,London,REGIONAL,,,3,3,2008,2017,9
2463,6535309163219490427,Gene Hunt,United States of America,Chicago,REGIONAL,,,2,2,2016,2016,0
2464,226581275304069794,Rough Draft,Canada,Montreal,REGIONAL,,,2,3,2017,2019,2
2465,5229172987389616262,Shandy,United Kingdom,West + Wales,REGIONAL,,,2,3,2012,2022,10
2466,3852570356426997516,aurhya11,United Kingdom,London,REGIONAL,,,1,1,2023,2023,0
2467,3563740704428533313,dan nicholls,United Kingdom,London,REGIONAL,,,3,4,2022,2026,4
2468,5495967478678496505,DJ Wawa,United States of America,New York City,REGIONAL,,,1,1,2023,2023,0
2469,7332341990242389601,AYAYA,United Kingdom,London,REGIONAL,,,1,1,2024,2024,0
2470,3917146366792797805,Jeneen,Palestine,All,REGIONAL,,,1,1,2024,2024,0
2471,4632204386287232261,inda Flo,United Kingdom,London,REGIONAL,,,3,3,2024,2026,2
2472,2537218682306200471,Louise Plus One,United Kingdom,London,REGIONAL,,,2,3,2024,2026,2
2473,2469883437984859033,Mun Sing,United Kingdom,West + Wales,REGIONAL,,,3,3,2024,2026,2
2474,2525055033796564501,Soho,Palestine,All,REGIONAL,,,2,8,2020,2026,6
2475,8983960261369398180,Manuol Bone,,,REGIONAL,,,1,1,2026,2026,0
2476,747565839018693168,Magic Tundra,Spain,Barcelona,REGIONAL,,,1,2,2019,2021,2
2477,2001414324727059406,Lydia Vilas,Spain,Barcelona,REGIONAL,,,1,3,2021,2022,1
2478,768469999414273016,Guim,Spain,Barcelona,REGIONAL,,,1,1,2022,2022,0
2479,4906335192892880546,MALENA,Argentina,Buenos Aires,REGIONAL,,,1,1,2023,2023,0
2480,2823394112467094053,Siesta.,Spain,Barcelona,REGIONAL,,,1,1,2025,2025,0
2481,1183644789685866504,8Kitoo,Spain,South,REGIONAL,,,1,1,2025,2025,0
2482,9029559544879621308,Living Code,Italy,Milan,REGIONAL,,,1,1,2026,2026,0
2483,3555986116559596342,M8NSE,Chile,Santiago,REGIONAL,,,1,1,2026,2026,0
2484,5939055238658682195,Matt Walsh,United Kingdom,London,REGIONAL,,,1,1,2026,2026,0
2485,3782481928504730212,Navar,Netherlands,All,REGIONAL,,,1,11,2013,2017,4
2486,1738082790528593835,Rob (NL),Netherlands,All,REGIONAL,,,1,2,2014,2016,2
2487,6752084319376009929,Estroe,Netherlands,Rotterdam,REGIONAL,,,1,2,2014,2015,1
2488,3896212810041581990,Marek Hemmann,Germany,Berlin,REGIONAL,,,3,7,2007,2015,8
2489,580069403512727039,Ion Ludwig,Germany,Berlin,TOP1000,,,4,14,2006,2024,18
2490,6232987229792754023,Love Over Entropy,Netherlands,Amsterdam,REGIONAL,,,4,4,2015,2024,9
2491,6834135929380452046,Bodem,Netherlands,All,REGIONAL,,,1,1,2015,2015,0
2492,4901239442383031947,Alex Celler,Greece,All,REGIONAL,,,1,1,2015,2015,0
2493,8486681412471232511,Danny Seidel,Netherlands,All,REGIONAL,,,1,1,2015,2015,0
2494,4093626866754736452,Frank Haag,Netherlands,Amsterdam,REGIONAL,,,3,8,2008,2018,10
2495,5875609425466883866,Ici Sans Merci,Netherlands,All,REGIONAL,,,2,5,2014,2017,3
2496,193852018273234897,Reza Athar,Netherlands,Amsterdam,REGIONAL,,,4,6,2011,2017,6
2497,7341929801532790674,Alex Picone,Italy,Venice,REGIONAL,,,1,1,2017,2017,0
2498,2426978460249784732,Obscure Shape,Germany,Stuttgart,REGIONAL,,,4,5,2017,2025,8
2499,1538301152719057155,Sad Girl,Netherlands,All,REGIONAL,,,1,1,2017,2017,0
2500,6033590567379043119,Serena Butler,Italy,Bologna,REGIONAL,,,1,1,2018,2018,0
2501,881413715007176520,Mathijs Smit,Netherlands,All,REGIONAL,,,1,3,2020,2025,5
2502,5397877265637208787,Lynne,Japan,Tokyo,REGIONAL,,,1,1,2025,2025,0
2503,5336324657776219105,Elisa Batti,Netherlands,Amsterdam,REGIONAL,,,1,1,2025,2025,0
2504,4688397637102161755,DJ Firetower,Netherlands,Amsterdam,REGIONAL,,,1,1,2025,2025,0
2505,7126147408179141596,SHAQUE,Germany,Berlin,REGIONAL,,,1,1,2025,2025,0
2506,3935993024798725328,Coldcut,United Kingdom,London,REGIONAL,,,2,2,2006,2020,14
2507,4839446147429895571,Gualter Vaz,France,South East,REGIONAL,,,1,1,2008,2008,0
2508,8490273937645218412,Radioclit,United Kingdom,London,REGIONAL,,,1,1,2009,2009,0
2509,6009721609607854702,Tom Joyce,France,Central,REGIONAL,,,1,1,2009,2009,0
2510,7996945111255277633,Lindstrom,Norway,All,TOP1000,,,1,3,2010,2013,3
2511,7649781844775401839,Freddypogo,France,South East,REGIONAL,,,1,4,2010,2012,2
2512,1735793415050883572,Lorn,United States of America,Chicago,REGIONAL,,,1,1,2011,2011,0
2513,6818009837039096149,Fritz Kalkbrenner,Germany,Berlin,REGIONAL,,,3,6,2011,2013,2
2514,5359316240108331540,Ryan Crosson,United States of America,Detroit,REGIONAL,,,3,5,2013,2015,2
2515,7100657266040897193,Anika,Germany,Berlin,REGIONAL,,,2,3,2013,2013,0
2516,8001046032250190018,K-X-P,Finland,All,REGIONAL,,,2,3,2013,2026,13
2517,3549449551497076369,The Modernist,Germany,Berlin,REGIONAL,,,1,1,2013,2013,0
2518,1245064331456275175,Teets,Mexico,Monterrey,REGIONAL,,,1,4,2013,2015,2
2519,5352516624094325084,Brandt Brauer Frick,Germany,Berlin,REGIONAL,,,2,3,2013,2014,1
2520,524666752042965776,In Aeternam Vale,France,South East,REGIONAL,,,1,3,2014,2021,7
2521,7684559600830714826,Andre Bratten,Norway,All,REGIONAL,,,1,2,2015,2017,2
2522,990903672684563266,Miimo,France,Lyon,REGIONAL,,,1,3,2015,2016,1
2523,169298352487165961,Tutti,France,Lyon,REGIONAL,,,1,1,2015,2015,0
2524,3353885550572840656,Maggy Smiss,France,Central,REGIONAL,,,2,2,2016,2024,8
2525,2042108292710770768,Pouvoir Magique,France,Paris,REGIONAL,,,1,1,2016,2016,0
2526,1975518315272807210,Agar Agar,France,Paris,REGIONAL,,,3,3,2017,2023,6
2527,3674206422679039288,Alex.Do,Germany,Berlin,REGIONAL,,,2,2,2016,2018,2
2528,9069547320014099633,Tshegue,France,Paris,REGIONAL,,,1,2,2018,2025,7
2529,1007644691630733962,Milenà,France,South East,REGIONAL,,,1,1,2018,2018,0
2530,7563731132589962146,Wayatt,France,Lyon,REGIONAL,,,1,4,2018,2025,7
2531,1313967069797621151,Ectomorph,United States of America,Detroit,REGIONAL,,,3,3,2018,2023,5
2532,7369667133934672529,MEUTE,Germany,Hamburg,REGIONAL,,,2,4,2019,2025,6
2533,67547328704824790,Jazar Crew,Palestine,All,REGIONAL,,,1,1,2019,2019,0
2534,8784163503266151131,F#X,Germany,Hamburg,REGIONAL,,,1,2,2020,2022,2
2535,5285728551203800592,Jessy Lanza,Canada,Toronto,TOP1000,,,6,6,2014,2022,8
2536,1618168878215943984,Shuya Okino,Japan,Tokyo,REGIONAL,,,2,2,2020,2022,2
2537,2985105862219940104,Praktika,France,Paris,REGIONAL,,,1,1,2021,2021,0
2538,6042643956277355646,Patxi,France,Lyon,REGIONAL,,,1,1,2021,2021,0
2539,8248428962047370138,Eva Geist,Germany,Berlin,REGIONAL,,,1,1,2021,2021,0
2540,3831718530140410315,Eiger Drums Propaganda,France,South East,REGIONAL,,,1,1,2021,2021,0
2541,4965824647780439729,KIRARA,South Korea,All,REGIONAL,,,1,1,2023,2023,0
2542,8304320136793982911,Promesses,France,Paris,REGIONAL,,,1,1,2023,2023,0
2543,8091943428367160682,Tim Karbon,France,Paris,REGIONAL,,,1,1,2023,2023,0
2544,5400215194621599704,Kaba,United Kingdom,London,REGIONAL,,,1,1,2024,2024,0
2545,245711448905301570,Eomac,Ireland,All,REGIONAL,,,1,1,2024,2024,0
2546,2487151260589529147,Mu540,Brazil,All,REGIONAL,,,1,1,2025,2025,0
2547,8321563878342936443,Mendi,Spain,Madrid,REGIONAL,,,1,1,2026,2026,0
2548,5735181406132346087,Bclip,Colombia,Bogotá,REGIONAL,,,1,1,2026,2026,0
2549,5533883210409491721,Rudan,United Kingdom,London,REGIONAL,,,1,6,2017,2024,7
2550,6300382718793992799,Futuro Tropicale,Italy,North,REGIONAL,,,1,9,2018,2025,7
2551,1581967794745706532,Unthone,Italy,North,REGIONAL,,,1,4,2019,2019,0
2552,5300363781691480059,Dan Mela,Italy,South,REGIONAL,,,1,1,2019,2019,0
2553,8806787590384537763,Onirik,Germany,Berlin,REGIONAL,,,2,2,2019,2022,3
2554,3447260618781898404,marielou,United States of America,San Francisco/Oakland,REGIONAL,,,1,3,2022,2023,1
2555,3870975749765177152,Monty Luke,United States of America,Los Angeles,REGIONAL,,,1,1,2023,2023,0
2556,5936538304734261704,Whodamanny,Italy,South,REGIONAL,,,2,2,2023,2026,3
2557,3356781538377033500,DJ Ray,Spain,South,REGIONAL,,,1,1,2024,2024,0
2558,549008231018666839,CEM3340,Italy,South,REGIONAL,,,1,1,2024,2024,0
2559,5164372962269862448,DJ Ralf,Italy,Central,REGIONAL,,,1,1,2024,2024,0
2560,4353158167129447861,ISHA,United Kingdom,London,REGIONAL,,,2,2,2024,2024,0
2561,8515264115509402152,LeoMas,Italy,North,REGIONAL,,,1,1,2025,2025,0
2562,867833028690967588,Flora Yin-Wong,United Kingdom,London,REGIONAL,,,2,3,2022,2025,3
2563,1751173506132399042,Acidalia,France,Central,REGIONAL,,,1,1,2025,2025,0
2564,1153050827123362545,MA RA,Italy,Naples,REGIONAL,,,1,1,2024,2024,0
2565,4939455210758492289,James McArdle,United Kingdom,North,REGIONAL,,,1,1,2013,2013,0
2566,6047124938440026592,Werkha,United Kingdom,North,REGIONAL,,,2,3,2013,2022,9
2567,378174415122143396,Rhythm,,,,,,2,3,2010,2021,11
2568,6833554777609118631,Sound,,,,,,2,3,2010,2021,11
2569,4570045353359553999,Karizma,United States of America,Maryland,TOP1000,,,2,3,2014,2019,5
2570,8374832266948468681,Candy Pollard,Germany,Stuttgart,REGIONAL,,,1,1,2014,2014,0
2571,982754337097754948,Opolopo,Sweden,All,REGIONAL,,,1,1,2014,2014,0
2572,8578130337590410143,Jabru,United Kingdom,London,REGIONAL,,,1,2,2014,2015,1
2573,9171297794678805752,Cern,Germany,Cologne,REGIONAL,,,1,2,2015,2015,0
2574,8897809537117171548,Cuisine Dub,Croatia,All,REGIONAL,,,1,2,2016,2017,1
2575,6862094486628933544,Wallauer,Germany,Berlin,REGIONAL,,,1,1,2018,2018,0
2576,601886279498213368,Kancheli,Georgia,Tbilisi,REGIONAL,,,1,2,2018,2018,0
2577,1134821113609609163,DJ Gilla,United Kingdom,Leeds,REGIONAL,,,2,2,2019,2025,6
2578,6214402007223002392,Kudan,United Kingdom,North,REGIONAL,,,3,4,2019,2023,4
2579,45786816725935246,Midge Thompson,United Kingdom,Leeds,REGIONAL,,,1,2,2019,2024,5
2580,3489383664142935252,Mike Stockell,United Kingdom,North,REGIONAL,,,1,1,2019,2019,0
2581,7884040555532133835,Kris Baha,Australia,Melbourne,REGIONAL,,,1,1,2021,2021,0
2582,8724126978249115299,Anderson (US),United States of America,Connecticut,REGIONAL,,,1,1,2024,2024,0
2583,181293591790708383,International Mac,France,Paris,REGIONAL,,,1,1,2024,2024,0
2584,5866195525636701471,Phil Evans,Germany,Rhineland-Palatinate,REGIONAL,,,1,1,2025,2025,0
2585,8507134104133453243,Tobias Lindén,Sweden,All,REGIONAL,,,2,46,2016,2025,9
2586,5184277733267112731,Pierre Marty (live),France,Montpellier,REGIONAL,,,1,1,2026,2026,0
2587,2633301829159245895,Transparent Sound,United Kingdom,London,REGIONAL,,,1,1,2026,2026,0
2588,9002937522735651287,marcelisms,Poland,All,REGIONAL,,,1,1,2026,2026,0
2589,3567787462229764378,Tobias Becker,Germany,Berlin,REGIONAL,,,1,5,2008,2012,4
2590,4001289113626104857,Italoboyz,Italy,Central,REGIONAL,,,1,1,2010,2010,0
2591,5411544192603011661,Mark Reeve,Germany,Frankfurt,REGIONAL,,,1,1,2012,2012,0
2592,431059321912965359,Thalstroem,Germany,Berlin,REGIONAL,,,2,3,2012,2014,2
2593,3202023595525016726,Sebo K,Germany,Berlin,REGIONAL,,,1,1,2013,2013,0
2594,8063740199314003767,Juliet Sikora,Germany,Dortmund / Essen,REGIONAL,,,1,6,2014,2019,5
2595,4274614834499392731,Dj Sonny,United Kingdom,London,REGIONAL,,,1,1,2015,2015,0
2596,3463804787627098624,Sebastian Habben,Germany,Cologne,REGIONAL,,,1,1,2019,2019,0
2597,3197969871787267573,Johannes Schuster,Germany,Cologne,REGIONAL,,,2,6,2019,2026,7
2598,125669628858343065,J.Manuel,Germany,Berlin,REGIONAL,,,1,1,2023,2023,0
2599,5528922640861688694,VHOOR,Brazil,All,REGIONAL,,,1,1,2024,2024,0
2600,6336670707132215520,Dychromatic,Ukraine,All,REGIONAL,,,1,1,2024,2024,0
2601,776546041446119327,lyzanne,Germany,Cologne,REGIONAL,,,1,4,2024,2025,1
2602,8034855470996679109,WILDERÍCH,Germany,Berlin,REGIONAL,,,1,2,2025,2025,0
2603,5101217882307316004,HUMAN  ERROR,Germany,Cologne,REGIONAL,,,1,1,2025,2025,0
2604,8462251100050865747,Linus Villa,Germany,Stuttgart,REGIONAL,,,1,2,2025,2025,0
2605,233962008729217278,Flavius (DE),Germany,Düsseldorf,REGIONAL,,,1,3,2025,2026,1
2606,5359948746423796364,Vagabund,Germany,Cologne,REGIONAL,,,1,2,2026,2026,0
2607,1614941357474452455,A.N.I.,Germany,Berlin,REGIONAL,,,1,1,2026,2026,0
2608,4601986447430661716,Alicia Hahn,Germany,Rhineland-Palatinate,REGIONAL,,,1,1,2026,2026,0
2609,7557947838338726421,ALI3N,Germany,Berlin,REGIONAL,,,2,2,2026,2026,0
2610,2471131206326488755,SATYS FYRE,Germany,Berlin,REGIONAL,,,1,1,2026,2026,0
2611,6036111564177818192,Estelle P,,,,,,1,1,2022,2022,0
2612,8950128788828636303,Window Kid,United Kingdom,Nottingham,REGIONAL,,,1,1,2022,2022,0
2613,9019567507941013918,Aly P,United Kingdom,Liverpool,REGIONAL,,,1,1,2026,2026,0
2614,6107017858172403132,Carly Foxx,United Kingdom,London,REGIONAL,,,2,4,2018,2023,5
2615,2594111607814404032,John Collins (US),United States of America,Detroit,REGIONAL,,,1,1,2022,2022,0
2616,1055137607087074624,Feelings,United Kingdom,London,REGIONAL,,,1,1,2022,2022,0
2617,1435386473418844784,Pancho (3),United Kingdom,London,REGIONAL,,,1,3,2022,2025,3
2618,5045381453815752940,elli,Greece,All,REGIONAL,,,1,1,2024,2024,0
2619,6350119213064131227,Holly Lester,United Kingdom,Northern Ireland,REGIONAL,,,2,15,2017,2026,9
2620,697686609448478324,Romaal Kultan,United Kingdom,London,REGIONAL,,,2,3,2022,2024,2
2621,2494381550725338801,Vandorta,United Kingdom,London,REGIONAL,,,3,5,2022,2025,3
2622,5111789919926105312,Balearic London,United Kingdom,London,REGIONAL,,,1,1,2024,2024,0
2623,6083002700892479989,Moretz,Brazil,Sao Paulo,REGIONAL,,,1,1,2025,2025,0
2624,730162915430394799,DORA,Romania,Bucharest,REGIONAL,,,1,1,2026,2026,0
2625,4485477113770693696,Doorly,United States of America,Los Angeles,REGIONAL,,,1,1,2016,2016,0
2626,1053188577040996978,Voyage Funktastique,Canada,Montreal,REGIONAL,,,1,1,2019,2019,0
2627,4420142888870229654,Closet Yi,South Korea,All,REGIONAL,,,1,1,2022,2022,0
2628,4993404418986929173,Mona Yim,United Kingdom,London,REGIONAL,,,3,4,2023,2025,2
2629,6819464347023512173,Nyra,United Kingdom,Sheffield,REGIONAL,,,4,6,2010,2026,16
2630,9162236960561268147,Bobby O'Donnell,United Kingdom,North,REGIONAL,,,1,11,2012,2026,14
2631,3807371125488246286,Jordan Plant,United Kingdom,North,REGIONAL,,,1,3,2012,2014,2
2632,8037742059677020203,Lee Curtiss,United States of America,Detroit,REGIONAL,,,2,2,2014,2015,1
2633,7223086568529494526,Matt Cooper,United Kingdom,North,REGIONAL,,,1,1,2014,2014,0
2634,113207191951506566,Andy Moor,United Kingdom,London,REGIONAL,,,1,1,2015,2015,0
2635,6724791508989724504,Leftwing,,,,,,1,1,2015,2015,0
2636,2600634205550227190,Dannic,Netherlands,Amsterdam,REGIONAL,,,1,1,2016,2016,0
2637,4224594174661238927,USSY,Japan,Tokyo,REGIONAL,,,1,2,2018,2019,1
2638,5413093774659578579,Elvin Zedo,United Kingdom,London,REGIONAL,,,1,1,2019,2019,0
2639,5387498361153327603,Spektre,United Kingdom,North,REGIONAL,,,1,1,2021,2021,0
2640,1052202337908368502,DXNBY,United Kingdom,Leeds,REGIONAL,,,2,2,2023,2025,2
2641,2214911814630436566,K Motionz,United Kingdom,London,REGIONAL,,,1,1,2024,2024,0
2642,4094087566780267629,Diffrent,Germany,Berlin,REGIONAL,,,3,4,2025,2026,1
2643,157190921579999291,Gerry Read,United Kingdom,London,REGIONAL,,,1,1,2019,2019,0
2644,6885277480417960226,Velvet Season,,,,,,1,1,2019,2019,0
2645,5131159966284584928,The Mighty Zaf,United Kingdom,London,REGIONAL,,,1,2,2019,2023,4
2646,1386335737119647244,Jamie Bennett,Australia,Melbourne,REGIONAL,,,1,2,2019,2022,3
2647,2562731504568116336,Dom Servini,United Kingdom,London,REGIONAL,,,1,2,2019,2026,7
2648,6151499948651594922,Scrimshire,United Kingdom,London,REGIONAL,,,1,2,2019,2022,3
2649,393484715812339233,R. Lyle,United Kingdom,North,REGIONAL,,,1,1,2019,2019,0
2650,1835344824866989234,J-Felix,United Kingdom,South + East,REGIONAL,,,1,1,2020,2020,0
2651,2185658251909259059,Anunaku,United Kingdom,London,REGIONAL,,,3,3,2020,2024,4
2652,7822642868703686030,Zeitgeist,United Kingdom,South + East,REGIONAL,,,1,1,2022,2022,0
2653,4653557207168479056,MIRASIA,Australia,Melbourne,REGIONAL,,,1,1,2022,2022,0
2654,5607616448685688831,Vanessa Freeman,United Kingdom,London,REGIONAL,,,1,2,2022,2024,2
2655,2281435715174145420,Laura Weaver,United Kingdom,Liverpool,REGIONAL,,,1,2,2022,2024,2
2656,8097012642524600828,Patrisha,United Kingdom,London,REGIONAL,,,1,1,2022,2022,0
2657,7091487454818577223,Club Winston,United Kingdom,London,REGIONAL,,,1,1,2022,2022,0
2658,5579861612833823699,John Gomez (BE),Belgium,All,REGIONAL,,,1,1,2023,2023,0
2659,3366321766018045264,Jerry Dammers,United Kingdom,Midlands,REGIONAL,,,1,1,2024,2024,0
2660,1377833796491636618,coldsweat,United States of America,Los Angeles,REGIONAL,,,1,1,2024,2024,0
2661,3220418065477400969,Naima Adams,United Kingdom,London,REGIONAL,,,1,1,2024,2024,0
2662,6142890236791651473,Sway Of The Verses,United Kingdom,London,REGIONAL,,,1,1,2024,2024,0
2663,8191209274003426323,Lil C,United Kingdom,London,REGIONAL,,,1,1,2025,2025,0
2664,1819253062613019308,Maria Hanlon,United Kingdom,London,REGIONAL,,,2,5,2022,2026,4
2665,529564853386320212,Dharma Collective,United Kingdom,Liverpool,REGIONAL,,,1,1,2025,2025,0
2666,3497144981657225852,James K (UK),United Kingdom,London,REGIONAL,,,1,1,2026,2026,0
2667,897896191044227618,Atjazz,United Kingdom,London,REGIONAL,,,1,1,2026,2026,0
2668,138551175453894761,Milad,Iran,All,REGIONAL,,,1,5,2021,2026,5
2669,3496450847256759748,Robbie Nick,United Kingdom,London,REGIONAL,,,1,1,2023,2023,0
2670,7731866784988019850,Oscar VG,United Kingdom,Leeds,REGIONAL,,,1,1,2025,2025,0
2671,185079903261393320,Skip Wooznam,United Kingdom,London,REGIONAL,,,1,1,2025,2025,0
2672,7115566234307452379,Typesun,United Kingdom,West + Wales,REGIONAL,,,1,1,2015,2015,0
2673,8470120162228055342,John Barera,United States of America,Massachusetts,REGIONAL,,,1,1,2015,2015,0
2674,1507307366602574449,Will Martin,United States of America,New York City,REGIONAL,,,1,1,2015,2015,0
2675,5489905166659604895,Yanis Piff,United Kingdom,West + Wales,REGIONAL,,,1,1,2015,2015,0
2676,8807158621383475068,Blazey Bodynod,United Kingdom,West + Wales,REGIONAL,,,1,2,2017,2017,0
2677,2584484597178157983,Jesse Perez,United States of America,Miami,REGIONAL,,,1,1,2017,2017,0
2678,1532185771877842056,Nicky Soft Touch,United Kingdom,West + Wales,REGIONAL,,,1,3,2017,2019,2
2679,608225776674112912,Galtier,Australia,Melbourne,REGIONAL,,,1,1,2017,2017,0
2680,7924388471782310882,Camo,,,,,,1,2,2018,2025,7
2681,9122885309367426891,Krooked,,,,,,1,2,2018,2025,7
2682,5363215897179962214,Lexxi,United Kingdom,Bristol,REGIONAL,,,1,1,2019,2019,0
2683,4126303357769880493,A Little Sound,United Kingdom,Bristol,REGIONAL,,,1,1,2025,2025,0
2684,7074042779302312577,Hang The DJs,United Kingdom,London,REGIONAL,,,1,1,2025,2025,0
2685,2206547653947045605,GiGGS,Colombia,All,REGIONAL,,,1,1,2025,2025,0
2686,8212491886162013115,DRIIA,United Kingdom,London,REGIONAL,,,1,1,2025,2025,0
2687,7774597992515068254,Arthi,United Kingdom,London,REGIONAL,,,2,2,2026,2026,0
2688,5959455845585963986,OGUZ,Turkey,All,REGIONAL,,,2,3,2024,2025,1
2689,8368141930507362471,CARV,Germany,Berlin,REGIONAL,,,2,2,2025,2025,0
2690,6337173324078893861,Crybaby,Australia,Melbourne,REGIONAL,,,1,1,2025,2025,0
2691,8303063659317562707,Atsuo the Pineapple Donkey,,,REGIONAL,,,3,3,2024,2026,2
2692,2341928104772012125,Obzerv,United Kingdom,London,REGIONAL,,,1,1,2019,2019,0
2693,5087409661383676404,Sockethead,United Kingdom,Manchester,REGIONAL,,,1,1,2021,2021,0
2694,2832344655651539937,Pessimist,United Kingdom,West + Wales,TOP1000,,,1,3,2022,2025,3
2695,7384690454138824999,Tardast,United Kingdom,Liverpool,REGIONAL,,,1,1,2022,2022,0
2696,1413496342489376136,susu laroche,United Kingdom,London,REGIONAL,,,1,5,2022,2025,3
2697,2190540287618864637,Memotone,United Kingdom,West + Wales,REGIONAL,,,1,6,2022,2026,4
2698,4201718808195391482,DJ Lyster,United Kingdom,North,REGIONAL,,,1,1,2022,2022,0
2699,7089952768783043011,Will Hofbauer,United Kingdom,London,REGIONAL,,,1,1,2022,2022,0
2700,9026487942547523778,Elijah Minnelli,United Kingdom,London,REGIONAL,,,1,6,2022,2026,4
2701,374774252141345020,Kinlaw,United Kingdom,South + East,REGIONAL,,,1,1,2023,2023,0
2702,4380596148803238082,marjai,United Kingdom,North,REGIONAL,,,1,6,2023,2026,3
2703,4428838194446213036,DJ Clent,United States of America,Chicago,REGIONAL,,,1,1,2024,2024,0
2704,8268991756769089280,Annabel Fraser,United Kingdom,North,REGIONAL,,,2,2,2025,2026,1
2705,5666177651049435906,Okkyung Lee,South Korea,All,REGIONAL,,,2,3,2017,2026,9
2706,3833511364913672540,Amber (NL),Netherlands,Amsterdam,REGIONAL,,,1,1,2026,2026,0
2707,2903764731626119662,Porn Sword Tobacco,Germany,Berlin,REGIONAL,,,1,1,2015,2015,0
2708,6742584339449175791,Kablam,Sweden,Stockholm,TOP1000,,,1,1,2015,2015,0
2709,3642220951997949355,Morton Subotnick,United States of America,Los Angeles,REGIONAL,,,1,1,2016,2016,0
2710,4960465416316563195,Grouper,United States of America,Portland,TOP1000,,,1,4,2017,2022,5
2711,3174122527387492799,Anna Zaradny,Poland,All,REGIONAL,,,1,1,2017,2017,0
2712,2333978909350215761,THANH,United States of America,New York City,REGIONAL,,,1,1,2017,2017,0
2713,4977046321798005612,Minais B,Denmark,Copenhagen,REGIONAL,,,1,1,2018,2018,0
2714,6701516473533895730,rip ME,Sweden,Stockholm,REGIONAL,,,1,4,2018,2023,5
2715,2425248516679593200,Ellen Arkbro,Sweden,Stockholm,REGIONAL,,,1,1,2018,2018,0
2716,8057681657827339700,Mokira,Sweden,All,REGIONAL,,,1,1,2018,2018,0
2717,4762848167260458746,Jessica Ekomane,France,Central,REGIONAL,,,1,1,2022,2022,0
2718,3747519079049146365,Felisha Ledesma,Sweden,Malmo,REGIONAL,,,1,3,2023,2025,2
2719,8182656315288186047,Hviledag,Denmark,Copenhagen,REGIONAL,,,1,2,2023,2023,0
2720,3126345333762186033,Aya (2),Japan,Kanto,REGIONAL,,,1,1,2024,2024,0
2721,684273961473464258,bela,South Korea,All,REGIONAL,,,1,1,2024,2024,0
2722,8641854061531279639,DJ Blech,Germany,Berlin,REGIONAL,,,1,1,2026,2026,0
2723,1841362790297012017,Infinity Ink,United Kingdom,London,REGIONAL,,,2,3,2013,2026,13
2724,8905575489552760885,Russ Yallop,United Kingdom,London,REGIONAL,,,2,3,2013,2023,10
2725,8843424532640764392,DANCE,,,,,,2,3,2014,2020,6
2726,4413709074207937408,Shadow Child,United Kingdom,South + East,REGIONAL,,,1,1,2014,2014,0
2727,6175746973270360750,Niko Schwind,Germany,Berlin,REGIONAL,,,1,1,2015,2015,0
2728,7645633921653683492,Spaceandtime,Netherlands,Amsterdam,REGIONAL,,,1,1,2016,2016,0
2729,2779593117118949727,Lorenzo Bartoletti,Italy,Central,REGIONAL,,,1,1,2017,2017,0
2730,229306959843261445,maurício lopes,Brazil,All,REGIONAL,,,1,1,2017,2017,0
2731,3487406847699845024,Pastor,Norway,All,REGIONAL,,,1,2,2017,2019,2
2732,8845787367701760518,Nachtbraker,Netherlands,Amsterdam,REGIONAL,,,1,3,2017,2018,1
2733,1615378362376589388,Tenzers,Netherlands,Amsterdam,REGIONAL,,,1,1,2017,2017,0
2734,2594540867391282101,Psyk,Spain,Madrid,TOP1000,,,2,3,2018,2025,7
2735,8547935944455479971,Linda Green,Brazil,Sao Paulo,REGIONAL,,,1,1,2018,2018,0
2736,3053627179867115057,Umho,Chile,All,REGIONAL,,,1,1,2018,2018,0
2737,7419969946934642126,Brenda (ES),Spain,Barcelona,REGIONAL,,,1,1,2019,2019,0
2738,8436909041831782768,BLOT,,,,,,1,1,2020,2020,0
2739,4601174758703648572,Cats On Crack,Singapore,All,REGIONAL,,,1,1,2020,2020,0
2740,8374508882660481175,Murthovic,India,Hyderabad,REGIONAL,,,1,1,2020,2020,0
2741,1251808031702863081,Sindhi Curry,India,Mumbai,REGIONAL,,,1,3,2022,2025,3
2742,8400922669210106008,Kino Todo,Israel,Tel Aviv,REGIONAL,,,1,1,2022,2022,0
2743,5816832879651539255,Axl Stace,India,Mumbai,REGIONAL,,,1,4,2023,2025,2
2744,3656691846302276550,Valentina Luz,Brazil,Sao Paulo,REGIONAL,,,1,2,2023,2024,1
2745,7744609998181207023,Anushka (IN),India,Bangalore,REGIONAL,,,1,1,2024,2024,0
2746,6080120036943952429,Heliosphere,India,Mumbai,REGIONAL,,,1,1,2024,2024,0
2747,7234846152583590260,TWIENA,Netherlands,Amsterdam,REGIONAL,,,5,12,2023,2026,3
2748,5738876028858141508,Coco Coquelicot,Netherlands,All,REGIONAL,,,4,6,2023,2025,2
2749,3643218627444722701,DRKNGHTS,Netherlands,Amsterdam,REGIONAL,,,1,1,2024,2024,0
2750,493126559343809141,Yòp,Netherlands,Amsterdam,REGIONAL,,,1,1,2024,2024,0
2751,7062999714963929080,G.S.T,India,Bangalore,REGIONAL,,,1,1,2025,2025,0
2752,935071832292261235,Flansie,Netherlands,Rotterdam,REGIONAL,,,1,1,2026,2026,0
2753,7544385674636780975,FS Green,Netherlands,Amsterdam,REGIONAL,,,2,2,2018,2026,8
2754,6897160591515925729,Kasper Bjørke,,,,,,1,5,2010,2017,7
2755,312730081024435400,Kenton Slash Demon,Denmark,Copenhagen,REGIONAL,,,1,3,2010,2017,7
2756,7042092201848859300,Taragana Pyjarama,Denmark,All,REGIONAL,,,1,1,2011,2011,0
2757,352479626837703448,Capablanca,Germany,Berlin,REGIONAL,,,2,3,2011,2025,14
2758,287028113446230980,Magic Touch,United States of America,Los Angeles,REGIONAL,,,1,1,2012,2012,0
2759,7388928868411722309,SCHAARUP,Denmark,Copenhagen,REGIONAL,,,1,3,2013,2023,10
2760,574447425537060849,Sexy Lazer,Iceland,All,REGIONAL,,,1,3,2013,2016,3
2761,4138919214884054641,Jean von Baden,Denmark,All,REGIONAL,,,1,2,2013,2023,10
2762,8134238842533112835,Philogresz,Turkey,Istanbul,REGIONAL,,,1,1,2015,2015,0
2763,4419381259438352643,Ena Cosovic,Denmark,All,REGIONAL,,,1,3,2015,2017,2
2764,5816267833510909319,Acud,Germany,Berlin,REGIONAL,,,1,5,2017,2019,2
2765,7425610042157293769,Ekali,Canada,Vancouver,REGIONAL,,,1,1,2018,2018,0
2766,3607511768381533896,Pauli Pocket,Germany,Berlin,TOP1000,,,4,4,2018,2025,7
2767,5397253102389459050,Subjected,,,REGIONAL,,,2,2,2015,2018,3
2768,8565476878541984174,Ghostface Killah,United States of America,New York City,REGIONAL,,,1,1,2018,2018,0
2769,491609735257279088,Oliver Huntemann,Germany,Hamburg,TOP1000,,,2,2,2008,2018,10
2770,6710687134581616330,Bongbeck,Germany,Berlin,REGIONAL,,,1,1,2019,2019,0
2771,4060580562086313842,Danny Howard,United Kingdom,London,REGIONAL,,,2,2,2019,2022,3
2772,5583052576062310362,Divad,Denmark,Copenhagen,REGIONAL,,,1,1,2022,2022,0
2773,184092648738127774,DJ LoveCatt,Denmark,Copenhagen,REGIONAL,,,1,2,2022,2023,1
2774,6602854744539683209,Téa,Denmark,Copenhagen,REGIONAL,,,2,3,2022,2023,1
2775,8281860888123647288,Anna Logic,Denmark,All,REGIONAL,,,1,1,2023,2023,0
2776,5268274396922477084,Eski,Denmark,Copenhagen,REGIONAL,,,1,1,2023,2023,0
2777,5009772689250359448,McAdam,Denmark,Copenhagen,REGIONAL,,,1,2,2023,2023,0
2778,8666067905993806061,Vixen,Bulgaria,Sofia,REGIONAL,,,1,2,2023,2023,0
2779,6517685363468300530,Anders HP,Denmark,Aarhus,REGIONAL,,,1,1,2023,2023,0
2780,8710128857125915606,Azpecialguest,Denmark,All,REGIONAL,,,1,1,2023,2023,0
2781,1547052453951886101,Audiofools,Denmark,Copenhagen,REGIONAL,,,1,1,2023,2023,0
2782,825636763839195846,Mollono.Bass,Germany,Berlin,REGIONAL,,,1,1,2024,2024,0
2783,851017826398261779,Temple Tears,France,Paris,REGIONAL,,,1,1,2024,2024,0
2784,8798625831307081397,Andrés Solar,Denmark,Copenhagen,REGIONAL,,,1,1,2025,2025,0
2785,9151876317418831500,pai-lin,Denmark,Copenhagen,REGIONAL,,,1,1,2025,2025,0
2786,8794766862453893701,Verena,Germany,Mannheim,REGIONAL,,,1,1,2026,2026,0
2787,7311923048877987355,MiniMalene (2),Denmark,Copenhagen,REGIONAL,,,1,1,2026,2026,0
2788,3422823046594850904,ANII,United Kingdom,London,REGIONAL,,,1,4,2022,2025,3
2789,6984484878361924207,Antonio De Angelis,United Kingdom,London,REGIONAL,,,1,1,2022,2022,0
2790,975701601579621470,Leo Lumezi,Kosovo,All,REGIONAL,,,1,3,2022,2024,2
2791,8580532738309638959,Laelo Black,United Kingdom,London,REGIONAL,,,2,2,2024,2025,1
2792,2821508867468523179,Carina Lawrence,Australia,Melbourne,REGIONAL,,,1,3,2024,2026,2
2793,5621445386385403750,Decksterity,United Kingdom,Midlands,REGIONAL,,,1,1,2025,2025,0
2794,6717239408490832582,Azzecca,United States of America,Illinois,REGIONAL,,,1,1,2025,2025,0
2795,7527333402275784574,Aaron Hibell,United Kingdom,London,REGIONAL,,,1,1,2026,2026,0
2796,1911420406694532878,Honey Slave,France,North,REGIONAL,,,1,1,2016,2016,0
2797,1916620239156391316,Vision Machine,Belgium,All,REGIONAL,,,1,2,2016,2017,1
2798,796208109610887296,Track Advisor,Tunisia,All,REGIONAL,,,1,2,2025,2026,1
2799,9053286305822574325,Faery,United Kingdom,Bristol,REGIONAL,,,1,1,2023,2023,0
2800,2913534301113375848,Josh Demello,United Kingdom,North,REGIONAL,,,1,1,2025,2025,0
2801,2928771447255920229,AK SPORTS,Australia,Sydney,REGIONAL,,,2,3,2025,2025,0
2802,8786568850949585949,Tetelepta,Netherlands,All,REGIONAL,,,2,2,2014,2017,3
2803,8062619326133092694,Thorgerdur,Iceland,All,REGIONAL,,,1,1,2019,2019,0
2804,9130546473504654093,Dasha Redkina,Russia,Moscow,TOP1000,,,1,1,2019,2019,0
2805,8625934936691124876,Cedric Dekowski,Germany,Frankfurt,REGIONAL,,,1,1,2019,2019,0
2806,8329825485298089850,Mehdi M,Algeria,All,REGIONAL,,,1,1,2023,2023,0
2807,6551685396921611955,Asad Rizvi,,,,,,1,2,2010,2012,2
2808,4376400556504894391,Kieran James,United Kingdom,London,REGIONAL,,,1,1,2010,2010,0
2809,1782282152849456324,Dan Farserelli,United Kingdom,London,REGIONAL,,,1,1,2010,2010,0
2810,6649344426897546754,Richard Todd,United Kingdom,London,REGIONAL,,,1,1,2011,2011,0
2811,6355967346492134684,Steve Nash,Germany,Berlin,REGIONAL,,,1,1,2011,2011,0
2812,7258055352199900619,Daryl Sutch,United Kingdom,London,REGIONAL,,,1,1,2014,2014,0
2813,1089647628803242944,Lawrence Daffurn,United Kingdom,London,REGIONAL,,,1,1,2023,2023,0
2814,1742866584761787931,Mike Stellar,Portugal,Lisbon,REGIONAL,,,2,5,2017,2025,8
2815,5182782148545511861,St Germain,France,Paris,REGIONAL,,,1,1,2018,2018,0
2816,8280413204877817123,Daria D,France,Paris,REGIONAL,,,1,1,2025,2025,0
2817,588850029793382245,Megatronic,United Kingdom,London,REGIONAL,,,2,2,2025,2026,1
2818,5458984885204249089,Anna Nova,Spain,East,REGIONAL,,,1,1,2019,2019,0
2819,5007066569536923460,Golden Virgo,Italy,South,REGIONAL,,,1,1,2019,2019,0
2820,970695381644270270,Betical,France,Central,REGIONAL,,,1,3,2023,2025,2
2821,7312982886870098626,Calao,Belgium,Brussels,REGIONAL,,,1,3,2023,2024,1
2822,1454889614291123262,Lucimille,Belgium,Brussels,REGIONAL,,,1,3,2023,2023,0
2823,6686239447749390330,Ritchie Santos,Belgium,Brussels,REGIONAL,,,1,1,2024,2024,0
2824,6283788526938460262,Norachi,Australia,Melbourne,REGIONAL,,,1,1,2019,2019,0
2825,2978348129213526299,Roy Mills,Australia,Melbourne,REGIONAL,,,1,1,2019,2019,0
2826,3427830778986468060,VALÉ,Germany,Berlin,REGIONAL,,,1,2,2017,2019,2
2827,8595598236666484044,Markus Mutzenbacher,Germany,Bavaria,REGIONAL,,,1,1,2019,2019,0
2828,3890908200901183124,PRSMC,Germany,Berlin,REGIONAL,,,1,1,2019,2019,0
2829,1637211040699676393,Tham,Germany,Berlin,REGIONAL,,,2,2,2020,2024,4
2830,8528183783450993548,Denis,Argentina,All,REGIONAL,,,1,1,2022,2022,0
2831,6326830513664399075,Yonti,Germany,Berlin,REGIONAL,,,1,5,2022,2023,1
2832,8850761255240163922,Ndrx,Georgia,Tbilisi,REGIONAL,,,1,1,2023,2023,0
2833,1874293163936734175,Sophie Phare,Georgia,Tbilisi,REGIONAL,,,1,1,2023,2023,0
2834,3617295336033519164,Okain,France,Paris,REGIONAL,,,1,1,2023,2023,0
2835,2290365097632558202,Lasse,Netherlands,Amsterdam,REGIONAL,,,2,3,2024,2026,2
2836,7727432568293749408,Shanne,Netherlands,Amsterdam,REGIONAL,,,1,3,2025,2026,1
2837,1304181736589576342,Aat (1),Netherlands,The Hague,REGIONAL,,,2,3,2025,2026,1
2838,1499668697188656799,Boss Priester,Netherlands,Rotterdam,REGIONAL,,,1,1,2026,2026,0
2839,1641951116018573537,Karmon,Netherlands,All,REGIONAL,,,1,1,2016,2016,0
2840,7236132544797569755,Olivier Giacomotto,France,Paris,REGIONAL,,,2,2,2008,2016,8
2841,4050289480934433341,Perfect Stranger,Israel,All,REGIONAL,,,1,1,2018,2018,0
2842,4386186371701079318,Baka,,,,,,1,1,2019,2019,0
2843,3018403007643159783,EARGASM GOD,Poland,Warsaw,REGIONAL,,,1,1,2024,2024,0
2844,1170050843063953381,NKT (1),France,Lyon,REGIONAL,,,1,1,2025,2025,0
2845,3985371517491814993,Stan Christ,Netherlands,The Hague,REGIONAL,,,1,1,2025,2025,0
2846,2683878418444681543,Tilly,United Kingdom,Bristol,REGIONAL,,,1,1,2024,2024,0
2847,3511163361743524333,Didier Dlb,Germany,Berlin,REGIONAL,,,1,1,2016,2016,0
2848,7154507273897683230,Em.Ma,Germany,Berlin,REGIONAL,,,1,1,2016,2016,0
2849,7952389675395249012,Aksamit,Poland,All,REGIONAL,,,1,1,2025,2025,0
2850,9055845170080776271,Ali Demir,Iceland,All,REGIONAL,,,1,1,2025,2025,0
2851,8311015369096027818,Caren Callas,Germany,Berlin,REGIONAL,,,1,1,2025,2025,0
2852,8205557598506083621,deafcandance,Poland,All,REGIONAL,,,1,1,2025,2025,0
2853,2990798331263535085,Holiday 80,Poland,All,REGIONAL,,,1,1,2025,2025,0
2854,4002614176510346073,Raidho,Poland,All,REGIONAL,,,1,1,2025,2025,0
2855,8786658562293760494,DJ Gregory,France,Paris,REGIONAL,,,1,1,2019,2019,0
2856,8710859339546257886,Simon Dunmore,United Kingdom,London,REGIONAL,,,1,9,2019,2023,4
2857,6394883519467005321,Alaia,,,,,,1,1,2019,2019,0
2858,7954920035422738053,Mark Farina,United States of America,Los Angeles,REGIONAL,,,2,2,2019,2025,6
2859,3792787767322666464,OFFAIAH,United Kingdom,London,REGIONAL,,,1,1,2019,2019,0
2860,1692477669956289478,Aston Martinez,Switzerland,Zurich,REGIONAL,,,1,1,2019,2019,0
2861,624722394633376640,Katie Goodman,United Kingdom,London,REGIONAL,,,1,2,2019,2019,0
2862,3619039894646986607,Tech Support,United Kingdom,London,REGIONAL,,,2,4,2019,2023,4
2863,2837345058668386553,Julie Mcknight,United States of America,Los Angeles,REGIONAL,,,1,1,2019,2019,0
2864,3908961565667670804,Full Intention,United Kingdom,London,REGIONAL,,,1,1,2019,2019,0
2865,1352840540690765602,Fantasm,United States of America,Los Angeles,REGIONAL,,,1,2,2025,2025,0
2866,2859451722399690575,CAAL,Spain,Ibiza,REGIONAL,,,1,1,2025,2025,0
2867,479197339615853233,Dirty Daddy Don,Canada,Toronto,REGIONAL,,,1,1,2021,2021,0
2868,8380716559817212564,vncnt 2.0,Germany,Hamburg,REGIONAL,,,1,1,2023,2023,0
2869,7233786457549115257,Elis,Germany,Berlin,REGIONAL,,,1,1,2022,2022,0
2870,1219434556371030203,Meg Ward,United Kingdom,North,REGIONAL,,,2,2,2022,2026,4
2871,7003303165887827606,Tibasko,United Kingdom,London,REGIONAL,,,2,3,2021,2023,2
2872,8520099790477453237,bangus,United Kingdom,London,REGIONAL,,,1,1,2023,2023,0
2873,4907725763949127952,Dyslecta,United Kingdom,North,REGIONAL,,,1,1,2023,2023,0
2874,6561468635572810197,Jakkob,United Kingdom,London,REGIONAL,,,1,1,2023,2023,0
2875,1842430259983131461,Lish,Israel,All,REGIONAL,,,2,2,2023,2025,2
2876,2617271672405185804,Melv,United Kingdom,Midlands,REGIONAL,,,2,2,2023,2023,0
2877,76092322609060506,Miss Fitz,Germany,Berlin,REGIONAL,,,1,2,2007,2007,0
2878,3519900347969753165,Jonah Sharp,United States of America,San Francisco/Oakland,REGIONAL,,,1,1,2008,2008,0
2879,5223053762480679592,Freund der Familie,Germany,Berlin,REGIONAL,,,1,7,2008,2015,7
2880,2978924535795392883,Chicago Skyway,United States of America,Chicago,REGIONAL,,,1,3,2011,2011,0
2881,5145823394352425387,Miles Sagnia,United Kingdom,South + East,REGIONAL,,,1,4,2011,2012,1
2882,8754361844033960248,Searchlight,United Kingdom,South + East,REGIONAL,,,1,1,2014,2014,0
2883,5772801774272421683,Darling Farah,United States of America,Detroit,REGIONAL,,,1,1,2014,2014,0
2884,8539380578995050920,Afrikan Sciences,United States of America,New York City,REGIONAL,,,1,2,2015,2017,2
2885,6006413002724843329,Hakim Murphy,United States of America,Chicago,REGIONAL,,,1,2,2015,2018,3
2886,4360437409506376253,Dr.Nojoke,Germany,Berlin,REGIONAL,,,1,1,2016,2016,0
2887,3161998820775969665,The Neighbourhood Character,Germany,Berlin,REGIONAL,,,1,2,2017,2019,2
2888,1456855935814306084,Tristan Arp,United States of America,Detroit,REGIONAL,,,1,2,2024,2026,2
2889,1614915827841790458,Balearic Eric,Germany,Bavaria,REGIONAL,,,1,3,2023,2026,3
2890,2755276270361899325,Kareem El Morr,Germany,Munich,REGIONAL,,,1,1,2023,2023,0
2891,2423046319868994225,11:68PM,Germany,Berlin,REGIONAL,,,1,1,2025,2025,0
2892,8692384521098185522,DJ Hill (2),Austria,Vienna,REGIONAL,,,1,2,2025,2026,1
2893,5168738634742026917,heronymus,,,REGIONAL,,,1,1,2025,2025,0
2894,7071523708681302087,Lara Fein,Germany,Berlin,REGIONAL,,,2,3,2025,2026,1
2895,8333477881494480738,Vinny Da Vinci,South Africa,All,REGIONAL,,,1,1,2025,2025,0
2896,6390484078313576656,PATRIK HOUR,Austria,Vienna,REGIONAL,,,1,1,2026,2026,0
2897,3230634430179022518,Rollo3000,Germany,Munich,REGIONAL,,,1,1,2026,2026,0
2898,8915679148578074463,Seba,Sweden,All,REGIONAL,,,1,1,2026,2026,0
2899,6785496317894458965,Souly,Germany,Hamburg,REGIONAL,,,1,1,2026,2026,0
2900,1348905095305032376,IKARIOS,Austria,All,REGIONAL,,,1,1,2026,2026,0
2901,5719839030673513267,solala,Austria,All,REGIONAL,,,1,1,2026,2026,0
2902,5381341029063533875,Hubble,,,REGIONAL,,,1,1,2018,2018,0
2903,6425885232046539048,Hodini,Germany,Cologne,REGIONAL,,,1,1,2018,2018,0
2904,8825045823678351358,Friendly Ghost,Germany,Berlin,REGIONAL,,,1,1,2019,2019,0
2905,4424635846460351940,Julius Gabriel,Germany,Berlin,REGIONAL,,,1,2,2019,2022,3
2906,5778490111277856182,Abelle,Russia,Moscow,REGIONAL,,,1,1,2022,2022,0
2907,786040537424961461,Gathaspar,Poland,All,REGIONAL,,,1,1,2022,2022,0
2908,7821673937929431259,Cez (1),France,Paris,REGIONAL,,,1,1,2022,2022,0
2909,3200094132127583251,Rouge Mécanique,France,Paris,REGIONAL,,,1,1,2023,2023,0
2910,2203485712846028752,Roderoe,Belgium,All,REGIONAL,,,1,1,2025,2025,0
2911,6028680750838452804,Carolf,Portugal,Lisbon,REGIONAL,,,1,1,2025,2025,0
2912,9045021191734593807,Que Sakamoto,Japan,Tokyo,REGIONAL,,,1,1,2025,2025,0
2913,6947627965272973688,Gonan,,,,,,1,1,2019,2019,0
2914,7261432382538239223,Murk,,,,,,1,1,2019,2019,0
2915,1312382922131851186,Athens of the North,,,,,,1,1,2019,2019,0
2916,5033999036742748697,Alfie Mallett,,,,,,1,1,2021,2021,0
2917,3047769651006169415,SARA,,,,,,1,1,2022,2022,0
2918,9219729686597671905,Baobei,,,,,,1,1,2024,2024,0
2919,4240233073228224080,Coe (1),,,,,,1,1,2024,2024,0
2920,4082542856185092608,Hannd,,,,,,1,1,2024,2024,0
2921,580714608718244761,Izzi,,,,,,1,2,2024,2026,2
2922,6033572876061944895,Mr Assister,,,,,,1,1,2024,2024,0
2923,5104771767530318722,Timoti,,,,,,1,1,2025,2025,0
2924,6808148005417597998,Julia SC,,,,,,1,1,2025,2025,0
2925,8448382708112469434,Pharma,,,,,,1,1,2025,2025,0
2926,6255017189564669565,Sleepy Jean,,,,,,1,1,2025,2025,0
2927,393930048794579139,Freja,,,,,,1,1,2026,2026,0
2928,8282454168838882774,nylobi,,,,,,1,1,2026,2026,0
2929,7307374497848992364,audt98,,,,,,1,1,2023,2023,0
2930,7485675544043657958,Berg,,,,,,1,2,2023,2024,1
2931,4543654665529839624,Cristel Ball,,,,,,1,1,2023,2023,0
2932,4218449891500446511,Edgar Ramiro,,,,,,1,2,2023,2026,3
2933,2919057385934276674,Kimchi,,,,,,1,1,2023,2023,0
2934,1226076721118553857,Jo FLM,,,,,,1,1,2024,2024,0
2935,7515205173422829262,Yucky,,,,,,1,1,2026,2026,0
2936,8251654153820266607,Long Island Sound,,,,,,2,3,2018,2026,8
2937,5915023421915512183,Priestland (2),,,,,,1,2,2025,2026,1
2938,992052209481471294,Kalani,,,,,,1,1,2026,2026,0
2939,5775028929338875990,Heiko Laux,Germany,Berlin,REGIONAL,,,2,2,2009,2026,17
2940,684596501097069826,Connor Wall,,,,,,1,1,2026,2026,0
2941,5938900613863449270,Backbone,,,,,,1,1,2026,2026,0
2942,7878102765835636815,Marit,,,,,,1,1,2025,2025,0
2943,4978791089159651925,Sascha Cawa,,,,,,1,1,2025,2025,0
2944,3942618097577928998,Benjamin Roeder,,,,,,1,1,2025,2025,0
2945,4781291237347108725,DJ Handy,,,,,,1,1,2025,2025,0
2946,1540895116645672002,SZCH,,,,,,1,1,2026,2026,0
2947,558279881365696363,Mazuko,,,,,,1,1,2026,2026,0
2948,6542531364242920532,spectr,,,,,,1,1,2025,2025,0
2949,2805401211965899168,Concepción Huerta,,,,,,1,1,2026,2026,0
2950,7129448021172866664,Heinali,,,,,,1,1,2026,2026,0
2951,4233377171831544776,Ryan Dallas,,,,,,1,4,2016,2023,7
2952,2426141057012723524,GIRL,,,,,,1,2,2016,2017,1
2953,7299710406455873908,JMX,,,,,,1,4,2016,2021,5
2954,620466651502261733,Twitch DJs,,,,,,1,6,2016,2026,10
2955,2578489552645978186,Sage,,,,,,1,1,2017,2017,0
2956,8148414628782855002,Hybrasil,,,,,,1,1,2017,2017,0
2957,459978067348438108,Mark Blair,,,,,,1,5,2018,2025,7
2958,1091475857187423874,Carlton Doom,,,,,,1,9,2018,2024,6
2959,5758793916519752440,Venus Dupree,,,,,,1,2,2019,2019,0
2960,6222544722244261136,Matheson,,,,,,1,3,2022,2026,4
2961,6342131574156625122,Alexis Taylor,,,,,,1,1,2023,2023,0
2962,5446611933377215431,DIEBYVEG,,,,,,1,1,2026,2026,0
2963,6501177073031698192,S.Sentif,,,,,,1,1,2026,2026,0
2964,6534981983576368455,Warmduscher,,,,,,1,1,2018,2018,0
2965,5858957863452249564,Jon Dasilva,,,,,,1,1,2025,2025,0
2966,8973780737242055872,Stacy Kidd,,,,,,1,1,2026,2026,0
2967,5948696477060793786,Niels van Mil,,,,,,1,2,2007,2011,4
2968,5547571614099848332,Der Dritte Raum,,,,,,1,1,2008,2008,0
2969,2260098839851304683,Julien Mier,,,,,,1,1,2011,2011,0
2970,3632917999652594906,Onionboy,,,,,,1,1,2011,2011,0
2971,2633797068372149163,André Hommen,,,,,,1,1,2011,2011,0
2972,4543425267456183594,Txoria,,,,,,1,1,2017,2017,0
2973,8112883717149988281,Kenneth Herder,,,,,,1,1,2018,2018,0
2974,7157510741644255519,Children of Valis,,,,,,1,3,2018,2021,3
2975,7676278461453485843,The Love Doctor,,,,,,1,1,2018,2018,0
2976,8017186528326926885,Andrade,,,,,,1,1,2018,2018,0
2977,5956969215059069025,Ultrastation,,,,,,1,1,2019,2019,0
2978,7847740650826217902,TARS,,,,,,1,1,2020,2020,0
2979,206051081636435873,Radiation 30376,,,,,,1,1,2021,2021,0
2980,9056036147353189897,Dilated Pupils,,,,,,1,1,2022,2022,0
2981,8116824323372264900,Stan Reijnen,,,,,,1,2,2024,2025,1
2982,1636317094806653287,Tsudi,,,,,,1,1,2025,2025,0
2983,8834860045401917528,Marju,,,,,,1,1,2019,2019,0
2984,224261098092923519,Mortar Devotions,,,,,,1,1,2022,2022,0
2985,5862415294334804782,CEB (FI),,,,,,1,3,2023,2026,3
2986,520423419361614892,Joni DJ,,,,,,1,6,2023,2026,3
2987,3432369193497575631,Glayden,,,,,,1,2,2024,2025,1
2988,8878947189624500680,Ojelma,,,,,,1,3,2025,2026,1
2989,1016899612051184052,Lil Tony,,,,,,1,1,2025,2025,0
2990,5265892985199367824,La DJ Bug,,,,,,1,1,2025,2025,0
2991,3277874124626829734,HiToshi,,,,,,1,1,2026,2026,0
2992,5737891756729208707,Chris Hope,Germany,Berlin,REGIONAL,,,1,1,2005,2005,0
2993,1527576910474323485,Mario Ranieri,Austria,All,REGIONAL,,,1,2,2008,2012,4
2994,372391744328225112,Koen Lebens,Netherlands,Amsterdam,REGIONAL,,,1,2,2009,2010,1
2995,4989679865207251885,Tim Wolff,Netherlands,Amsterdam,REGIONAL,,,1,8,2009,2017,8
2996,693023880833236824,Invite,Netherlands,Utrecht,REGIONAL,,,1,3,2009,2013,4
2997,7549619355498128712,Lutzenkirchen,Germany,Munich,REGIONAL,,,1,1,2010,2010,0
2998,4951953598393804417,Radial,Netherlands,Amsterdam,REGIONAL,,,1,1,2010,2010,0
2999,7788991021502959100,Candy Cox,Brazil,All,REGIONAL,,,1,4,2010,2015,5
3000,7023802449969646701,Pink Noise,Brazil,All,REGIONAL,,,1,1,2013,2013,0
3001,9000676931715102344,Manic Brothers,Sweden,Stockholm,REGIONAL,,,1,1,2013,2013,0
3002,4459921928543834383,The Avener,France,Paris,REGIONAL,,,1,1,2016,2016,0
3003,258954268646100211,under_score,United Kingdom,London,REGIONAL,,,1,1,2017,2017,0
3004,1292018600453750122,KETCH,Italy,Central,REGIONAL,,,1,1,2025,2025,0
3005,4820072755366592426,Chontane,Germany,Berlin,REGIONAL,,,1,1,2026,2026,0
3006,516194309869553832,Ornella,Portugal,Lisbon,REGIONAL,,,1,1,2026,2026,0
3007,244283973373672122,FunkinEven,United Kingdom,London,TOP1000,,,11,21,2012,2022,10
3008,1999988656102308238,Michael Jacques,Netherlands,Amsterdam,REGIONAL,,,2,14,2008,2013,5
3009,4264104322726574383,Homework,Netherlands,Amsterdam,REGIONAL,,,2,5,2011,2012,1
3010,1759462605972110503,Prosumer,United Kingdom,Scotland,TOP1000,,,16,55,2012,2026,14
3011,8968439126406750577,Steffi,Netherlands,All,TOP1000,,,21,40,2010,2026,16
3012,2658647767203539793,DJ Tennis,Italy,Central,TOP1000,,,25,57,2013,2026,13
3013,2934326516428610247,Tako,Netherlands,Amsterdam,REGIONAL,,,8,21,2013,2025,12
3014,2360786030041039634,Gesloten Cirkel,Germany,Berlin,REGIONAL,,,5,11,2015,2021,6
3015,1692726489278199421,Helena Hauff,Germany,Hamburg,TOP1000,,,35,98,2015,2026,11
3016,4583782546823173999,Ninos Du Brasil,United Kingdom,London,REGIONAL,,,3,5,2015,2023,8
3017,5918571327296222378,Objekt,,,TOP1000,,,30,77,2012,2026,14
3018,4006772639097243476,Soichi Terada,Japan,Tokyo,TOP1000,,,19,27,2016,2025,9
3019,4217927728294252272,751,Netherlands,The Hague,REGIONAL,,,2,3,2012,2017,5
3020,2563878752892789595,Agnes Aves,Romania,Bucharest,REGIONAL,,,1,1,2018,2018,0
3021,5891823920590016438,Vic Crezée,Netherlands,Amsterdam,REGIONAL,,,2,2,2018,2020,2
3022,3488738874416358188,Kamaal Williams,United Kingdom,London,REGIONAL,,,3,3,2018,2019,1
3023,4046768231608613027,Kléo,France,Central,REGIONAL,,,12,23,2018,2026,8
3024,4610315637202806961,Motor City Drum Ensemble,Germany,Stuttgart,TOP1000,,,27,82,2009,2026,17
3025,5307143613942125527,Mozhgan,United States of America,San Francisco/Oakland,TOP1000,,,7,12,2017,2023,6
3026,9018957388886850380,Nosedrip,Belgium,All,REGIONAL,,,17,46,2017,2026,9
3027,6138593341126802186,Radical HI-FI,Netherlands,Amsterdam,REGIONAL,,,5,9,2018,2022,4
3028,2091309664455663110,Kampire,Uganda,All,TOP1000,,,11,14,2019,2025,6
3029,5147004334243308437,Beautiful Swimmers,United States of America,Maryland,REGIONAL,,,7,16,2013,2019,6
3030,7702415161886944381,Lamellen,Netherlands,Amsterdam,REGIONAL,,,1,1,2019,2019,0
3031,2227280115088454345,Esa,South Africa,Cape Town,REGIONAL,,,9,15,2016,2025,9
3032,2715856112842956972,PARAMIDA,Germany,Berlin,REGIONAL,,,30,68,2016,2026,10
3033,8073224691403029440,Fafi Abdel Nour,Netherlands,Amsterdam,REGIONAL,,,26,56,2019,2026,7
3034,7073560680260568433,AliA,Belgium,All,REGIONAL,,,17,36,2018,2026,8
3035,345628609882996886,Identified Patient,Netherlands,Amsterdam,REGIONAL,,,17,56,2018,2026,8
3036,1658633246011985233,James Murphy,United States of America,New York City,TOP1000,,,2,2,2012,2020,8
3037,7081577396655928164,HanSom,Netherlands,Amsterdam,REGIONAL,,,9,19,2020,2024,4
3038,6716461806840973992,mad miran,Netherlands,Amsterdam,TOP1000,,,23,61,2018,2026,8
3039,7796305287088874433,The Vision,United Kingdom,London,REGIONAL,,,2,2,2019,2020,1
3040,3478402436182761623,Vladimir Ivkovic,Germany,Düsseldorf,TOP1000,,,22,49,2017,2026,9
3041,4421828051742273221,Yu Su,China,Beijing,TOP1000,,,22,43,2019,2026,7
3042,9179863042147451057,Eris Drew,United States of America,Chicago,TOP1000,,,41,102,2018,2026,8
3043,2824798860464747047,ninauploadz,Netherlands,Amsterdam,REGIONAL,,,2,2,2022,2022,0
3044,6802536160134776255,ojoo,,,,,,6,8,2022,2025,3
3045,7356348085017971293,Abiba Sokoto,Germany,Baden-Württemberg,REGIONAL,,,2,2,2026,2026,0
3046,7818702371899178502,SAIDAH,Netherlands,All,REGIONAL,,,13,16,2025,2026,1
3047,7595112880092758606,SICARIA,United Kingdom,London,REGIONAL,,,7,9,2023,2026,3
3048,8103641644860365503,Surusinghe,United Kingdom,London,REGIONAL,,,12,27,2022,2026,4
3049,286133319529655656,Issa Maïga,Belgium,All,REGIONAL,,,1,1,2017,2017,0
3050,9057935376844503659,DJ Qu,United States of America,New Jersey,TOP1000,,,6,6,2015,2023,8
3051,456643894084445231,Matisa,Italy,Milan,REGIONAL,,,9,12,2020,2026,6
3052,8695731418419539646,phanom,Belgium,Brussels,REGIONAL,,,3,5,2021,2024,3
3053,483971647597708193,Courtesy,Denmark,All,TOP1000,,,24,39,2018,2026,8
3054,1163645540440310218,DJ Gigola,Germany,Berlin,REGIONAL,,,19,31,2022,2026,4
3055,7764096481634117524,Forest Drive West,United Kingdom,London,REGIONAL,,,10,12,2019,2026,7
3056,1673641701432804493,D.Dan,United States of America,Seattle,REGIONAL,,,10,12,2022,2026,4
3057,3433336855721891540,Bjarki,Iceland,All,TOP1000,,,7,9,2017,2023,6
3058,8530665172252518527,DTM Funk,Belgium,Antwerp,REGIONAL,,,7,18,2019,2026,7
3059,2688936937781343046,Ellen Allien,Germany,Berlin,TOP1000,,,17,30,2007,2026,19
3060,1741403122197708512,SALOME,Georgia,Tbilisi,REGIONAL,,,16,23,2022,2026,4
3061,5711163999429830754,Assailants,United Kingdom,London,REGIONAL,,,1,1,2024,2024,0
3062,1052487116794281087,Helena Lauwaert,Belgium,All,REGIONAL,,,7,10,2023,2026,3
3063,8986156033262877947,Merve,Australia,Melbourne,REGIONAL,,,8,12,2019,2026,7
3064,3772063709429974619,Timmerman,Belgium,All,REGIONAL,,,5,13,2018,2026,8
3065,4977788869209102819,Askkin,Belgium,Brussels,REGIONAL,,,1,1,2024,2024,0
3066,3363078118266842731,DJ Spit,Germany,Berlin,REGIONAL,,,9,10,2022,2026,4
3067,243887403264991156,Beste Hira,Netherlands,Amsterdam,REGIONAL,,,9,12,2024,2026,2
3068,6631010511302631537,Sunju Hargun,Thailand,Bangkok,REGIONAL,,,4,5,2022,2026,4
3069,9108462522329562077,Beatrice M.,France,Paris,REGIONAL,,,17,25,2023,2026,3
3070,6027157300952936094,Vera Moro,Belgium,Brussels,REGIONAL,,,3,3,2024,2026,2
3071,6778167927684452560,A Strange Wedding,France,South East,REGIONAL,,,6,14,2022,2026,4
3072,643255010449696039,CAAG,Belgium,All,REGIONAL,,,1,1,2025,2025,0
3073,2723887497766664176,Voices From The Lake,Italy,Central,REGIONAL,,,8,15,2012,2026,14
3074,9218404871539361159,Bobbi Watson,,,REGIONAL,,,4,4,2024,2026,2
3075,1502018054860472476,Yanamaste,Georgia,Batumi,REGIONAL,,,10,15,2023,2026,3
3076,5770617083104586614,Colin Benders,Netherlands,Utrecht,REGIONAL,,,12,21,2017,2026,9
3077,3295011297441410823,Ina Kaysen,Belgium,All,REGIONAL,,,1,1,2026,2026,0
3078,1645809333532488716,Katatonic Silentio,Italy,Turin,REGIONAL,,,4,6,2018,2026,8
3079,659555330494891183,STERAC,Netherlands,Amsterdam,REGIONAL,,,10,18,2014,2026,12
3080,3068856693386158697,Violently Happy,Belgium,Brussels,REGIONAL,,,2,3,2024,2026,2
3081,324092258159480084,Wala,Belgium,Brussels,REGIONAL,,,1,1,2026,2026,0
3082,5529993235564971975,Ghost Dubs,Germany,Stuttgart,REGIONAL,,,1,1,2026,2026,0
3083,5047355420327620653,Jonquera,France,South East,REGIONAL,,,2,2,2023,2026,3
3084,3077225529784004442,Salma Rosa,Italy,Milan,REGIONAL,,,3,4,2025,2026,1
3085,8003719787256652522,Severja,Germany,Berlin,REGIONAL,,,2,2,2024,2026,2
3086,8670486715191100188,Gabbs,Italy,Central,REGIONAL,,,9,20,2022,2026,4
3087,4413535799860306874,Jean Mauj,Germany,Frankfurt,REGIONAL,,,2,3,2025,2025,0
3088,650031011728542153,Alex Savage,Ukraine,All,REGIONAL,,,1,1,2025,2025,0
3089,9086497631801848460,Alexia Glensy,Brazil,Sao Paulo,REGIONAL,,,8,15,2021,2026,5
3090,7647974539042401181,Andrei Ciubuc,Romania,All,REGIONAL,,,2,2,2024,2025,1
3091,5001143128467257944,Carl H,United Kingdom,North,REGIONAL,,,11,23,2014,2026,12
3092,6224019104953671383,Carmelina,Germany,Berlin,REGIONAL,,,1,2,2025,2026,1
3093,1241813945983514963,Pavliuk,Estonia,All,REGIONAL,,,1,1,2025,2025,0
3094,8171030707917342228,Junki Inoue,Japan,Tokyo,REGIONAL,,,10,19,2019,2026,7
3095,5576717138279769960,Marc.,Germany,Berlin,REGIONAL,,,1,2,2025,2026,1
3096,840574652359640856,Michael Melchner,Germany,Nürnberg,REGIONAL,,,2,2,2017,2025,8
3097,2730511826702144005,Patrick Klein,Germany,Berlin,REGIONAL,,,1,1,2025,2025,0
3098,7464167014244202668,Paul Kine,Turkmenistan,All,REGIONAL,,,1,2,2025,2026,1
3099,9136753410158922697,Fonte,Spain,South,REGIONAL,,,5,13,2020,2026,6
3100,4661072109346846699,Tiago Marques,Portugal,Lisbon,REGIONAL,,,3,3,2023,2025,2
3101,885666325090553644,Andrew James Gustav,United Kingdom,London,REGIONAL,,,5,6,2016,2025,9
3102,5625744423974849625,Carmelo,Germany,Berlin,REGIONAL,,,1,1,2025,2025,0
3103,4256205714647349819,22 (1),Tunisia,All,REGIONAL,,,1,1,2026,2026,0
3104,2638360819344975178,Alex Dima,Italy,North,REGIONAL,,,5,6,2024,2026,2
3105,5335883863231761792,Enrica Falqui,Italy,South,REGIONAL,,,6,8,2023,2026,3
3106,7218763444912590946,Christopher Lawrenz,Germany,Berlin,REGIONAL,,,1,1,2026,2026,0
3107,8041675763752939031,Jerome,,,,,,3,3,2026,2026,0
3108,1090813466762866244,Hannecart,Dominican Republic,All,REGIONAL,,,5,5,2025,2026,1
3109,7412990592705865806,Janina,Germany,Berlin,TOP1000,,,2,2,2019,2026,7
3110,2766140350228371598,Shakèd,Netherlands,Amsterdam,REGIONAL,,,3,3,2023,2026,3
3111,2752745931941394124,Sp33dy Julie (2),Greece,Athens,REGIONAL,,,1,1,2026,2026,0
3112,4545807790472673448,TIKIS,Greece,All,REGIONAL,,,1,1,2026,2026,0
3113,2631952631853390966,Ricardo Villalobos,Chile,All,TOP1000,,,12,36,2005,2026,21
3114,8687255564094367889,Flying Mojito Bros,United Kingdom,London,REGIONAL,,,1,2,2022,2022,0
3115,728406620661095748,Jaguar,United Kingdom,London,REGIONAL,,,4,6,2021,2023,2
3116,399310536841747896,Eliza Rose,United Kingdom,London,REGIONAL,,,20,33,2019,2026,7
3117,7222737704954747564,Raresh,Romania,All,TOP1000,,,21,30,2009,2026,17
3118,6412351926711288938,Wooka,France,West,REGIONAL,,,2,3,2023,2026,3
3119,4965705546641394926,Massimo Vivona,United States of America,Los Angeles,REGIONAL,,,1,1,2005,2005,0
3120,4153550754759529804,ANATTA,United States of America,Los Angeles,REGIONAL,,,1,1,2012,2012,0
3121,4343659134100833863,Fourmi Rouz,Mauritius,All,REGIONAL,,,1,2,2016,2017,1
3122,4418810897875821164,Yovav,,,REGIONAL,,,1,2,2018,2018,0
3123,3467504620271008915,Catnapp,Argentina,Buenos Aires,TOP1000,,,1,2,2018,2018,0
3124,175949065690627531,Ohrwert,Netherlands,All,REGIONAL,,,1,2,2018,2018,0
3125,841313106947241847,OOZE,United States of America,Detroit,REGIONAL,,,1,2,2018,2018,0
3126,3985493890020976793,Akvilina,,,,,,2,2,2019,2020,1
3127,4631152189702385613,Curses,United States of America,New York City,REGIONAL,,,10,13,2019,2026,7
3128,8413735246736525694,Piotr Cisak,Poland,All,REGIONAL,,,1,1,2019,2019,0
3129,1201990501711772239,Midimode,Russia,Moscow,REGIONAL,,,1,1,2019,2019,0
3130,5012576599342937812,Sibilë,Lithuania,All,REGIONAL,,,1,1,2022,2022,0
3131,3280039490608906231,dj srirachas,Lithuania,All,REGIONAL,,,1,1,2022,2022,0
3132,8691481663188534368,ABADIR,Egypt,All,REGIONAL,,,1,1,2023,2023,0
3133,5697145687106106902,Imre Kiss,Slovakia,All,REGIONAL,,,1,1,2023,2023,0
3134,8277752562906716876,KMRU,Kenya,All,REGIONAL,,,5,5,2022,2026,4
3135,3296049236301257752,Aurin,Hungary,Budapest,REGIONAL,,,1,2,2023,2024,1
3136,7838846294015038111,Alpha Tracks,Austria,Vienna,REGIONAL,,,1,2,2024,2026,2
3137,3475605894100778694,DJ Hyperdrive,Germany,Dortmund / Essen,REGIONAL,,,6,8,2023,2025,2
3138,1205497335592798666,Hanussen,Hungary,Budapest,REGIONAL,,,1,1,2024,2024,0
3139,2512441843444940176,Lacchesi,France,Paris,REGIONAL,,,4,5,2022,2026,4
3140,2193116301857033024,LDS,Germany,Baden-Württemberg,REGIONAL,,,3,3,2024,2025,1
3141,641358957915703709,bxrnadetth,Hungary,Budapest,REGIONAL,,,1,1,2025,2025,0
3142,6300327514514769804,Technokool,Hungary,Budapest,REGIONAL,,,1,2,2025,2026,1
3143,6310472981191713033,fllozz,Hungary,Budapest,REGIONAL,,,1,1,2026,2026,0
3144,9002527899334496907,Victor Polo,Spain,Madrid,REGIONAL,,,1,1,2018,2018,0
3145,3284732798654997299,Carlos Bru,Spain,East,REGIONAL,,,1,2,2018,2019,1
3146,374968911255915862,Hamish Cole,United Kingdom,London,REGIONAL,,,7,13,2014,2026,12
3147,232789422747052906,Sam Paradise,Germany,Kassel,REGIONAL,,,1,2,2019,2020,1
3148,929518493050881366,Apua,Austria,All,REGIONAL,,,3,12,2022,2026,4
3149,6189748838722304120,Marc Piñol,Spain,Barcelona,REGIONAL,,,3,5,2016,2023,7
3150,6612322171751079497,Ion Pananides,Spain,Barcelona,REGIONAL,,,2,8,2023,2026,3
3151,7358604431205605611,Santiago Ritacco,Spain,Canary Islands,REGIONAL,,,1,3,2024,2026,2
3152,4318248622385711213,JNJS,Spain,Ibiza,REGIONAL,,,2,3,2025,2026,1
3153,1040841576423622201,HearThug,Tunisia,All,REGIONAL,,,2,2,2023,2025,2
3154,4319189149932852011,Varis,Spain,East,REGIONAL,,,1,2,2025,2026,1
3155,7010813538088965003,E.LINA,Ukraine,Kyiv,REGIONAL,,,7,12,2024,2026,2
3156,6142280042019154328,Elise Jilian,Tunisia,All,REGIONAL,,,1,1,2025,2025,0
3157,3883270137384774050,Pan-J,Tunisia,All,REGIONAL,,,2,2,2025,2026,1
3158,3688288521611869875,Alice (3),Italy,Rome,REGIONAL,,,2,2,2026,2026,0
3159,4687557998781503821,Franco Cinelli,Argentina,All,REGIONAL,,,2,2,2019,2026,7
3160,7594042751911248879,FRAXA,Spain,Barcelona,REGIONAL,,,1,1,2026,2026,0
3161,9195499209591833496,Hessa,Spain,Madrid,REGIONAL,,,1,1,2026,2026,0
3162,3644221366326521645,Nate S.U,Australia,Sydney,REGIONAL,,,1,1,2026,2026,0
3163,6108623585030119645,Amaliah,United Kingdom,London,REGIONAL,,,24,51,2021,2026,5
3164,7571242461960571676,OMOLOKO,Brazil,All,REGIONAL,,,10,13,2020,2026,6
3165,8624874638266654387,Harald Uunk,Netherlands,The Hague,REGIONAL,,,3,4,2025,2025,0
3166,5464027064553170109,Jesse G,Germany,Frankfurt,REGIONAL,,,6,8,2024,2026,2
3167,5495835104011436512,Karotte,Germany,Frankfurt,REGIONAL,,,7,16,2005,2015,10
3168,9111889733229882605,Groove Armada,United Kingdom,London,REGIONAL,,,5,7,2007,2026,19
3169,9066864755814891635,Trentemøller,Denmark,All,REGIONAL,,,4,4,2007,2014,7
3170,7446432251755086738,Andrew Weatherall,United Kingdom,London,TOP1000,,,14,21,2006,2019,13
3171,6629165600874429951,Patrick Wolf,United Kingdom,London,REGIONAL,,,1,2,2007,2009,2
3172,7412798174344052361,Uffie,United States of America,New York City,REGIONAL,,,2,3,2007,2010,3
3173,4722183605387674274,Underworld,United Kingdom,London,TOP1000,,,6,10,2008,2025,17
3174,7370123040767192749,Nuno dos Santos,Netherlands,Utrecht,REGIONAL,,,9,31,2006,2026,20
3175,5874079427658028697,Digitalism,Germany,Berlin,TOP1000,,,3,3,2007,2013,6
3176,8110088398145978268,Booka Shade,Germany,Berlin,TOP1000,,,7,10,2006,2025,19
3177,4261331671032162208,Ane Brun,Sweden,All,REGIONAL,,,1,2,2008,2012,4
3178,5985721015053655656,Foals,,,,,,3,6,2008,2020,12
3179,6660870727113806865,Deformer,Netherlands,Rotterdam,REGIONAL,,,1,1,2008,2008,0
3180,1141135727340404204,Black Sun Empire,Netherlands,Utrecht,TOP1000,,,1,4,2008,2017,9
3181,1967635127107272341,Steve Aoki,United States of America,Los Angeles,REGIONAL,,,1,1,2008,2008,0
3182,9105635985981315523,Junkie XL,Netherlands,Amsterdam,REGIONAL,,,1,1,2008,2008,0
3183,5013921500086803890,Dj Promo,Netherlands,Amsterdam,REGIONAL,,,1,1,2008,2008,0
3184,5828366664762990420,Grace Jones,United Kingdom,London,TOP1000,,,3,3,2009,2019,10
3185,4415206565092791423,Little Boots,United Kingdom,London,REGIONAL,,,1,1,2009,2009,0
3186,1539593036523178615,Gang Gang Dance,United States of America,New York City,REGIONAL,,,2,2,2009,2011,2
3187,1565303437932306585,2000 and One,Netherlands,Amsterdam,REGIONAL,,,2,7,2005,2015,10
3188,3953116328121331294,Mr. Wix,Netherlands,Amsterdam,REGIONAL,,,1,1,2009,2009,0
3189,4740032490597711613,Buraka Som Sistema,Portugal,Lisbon,REGIONAL,,,3,4,2009,2014,5
3190,900573995800083943,La Roux,Germany,Berlin,REGIONAL,,,1,3,2009,2015,6
3191,936840308790232030,Juan Maclean,United States of America,New York City,TOP1000,,,2,4,2009,2010,1
3192,1286797107885669864,Die Antwoord,South Africa,Cape Town,REGIONAL,,,1,2,2010,2020,10
3193,2992426924385399783,Darkstar,United Kingdom,London,REGIONAL,,,2,2,2010,2016,6
3194,3651167325111759165,Hudson Mohawke,United Kingdom,Scotland,TOP1000,,,8,14,2007,2025,18
3195,5789468232260765342,Roska,United Kingdom,London,REGIONAL,,,5,12,2010,2026,16
3196,9079525056834519218,AFAR,Germany,Berlin,REGIONAL,,,1,1,2010,2010,0
3197,5397102993441816093,Magnetic Man,United Kingdom,London,REGIONAL,,,1,2,2010,2012,2
3198,1052415808395035057,Len Faki,Germany,Berlin,TOP1000,,,13,43,2008,2026,18
3199,8275547958663933704,Jónsi,Germany,Cologne,REGIONAL,,,1,1,2010,2010,0
3200,292493620757854057,Fake Blood,United Kingdom,London,REGIONAL,,,1,1,2011,2011,0
3201,6516223488961491879,Zombie Nation,United States of America,New York City,REGIONAL,,,1,1,2011,2011,0
3202,3277997394405543571,Jamie Woon,United Kingdom,London,REGIONAL,,,2,3,2011,2026,15
3203,1046108290186315142,Chris Liebing,Germany,Berlin,TOP1000,,,10,30,2010,2026,16
3204,1162666687755856284,Jamie xx,United Kingdom,London,TOP1000,,,8,15,2011,2022,11
3205,977405561166996296,piro,Netherlands,Amsterdam,REGIONAL,,,1,1,2012,2012,0
3206,8743482261519452973,Funtcase,United Kingdom,London,REGIONAL,,,2,6,2010,2012,2
3207,4127293194242307244,Addison Groove,United Kingdom,West + Wales,REGIONAL,,,6,20,2011,2025,14
3208,1374333161024250272,Came,Italy,Central,REGIONAL,,,1,1,2013,2013,0
3209,1182514407177649683,Marcel Fengler,Germany,Berlin,TOP1000,,,6,14,2011,2019,8
3210,1296440608172683634,MMM,Germany,Berlin,REGIONAL,,,1,1,2013,2013,0
3211,3078503796338638231,Bastille,United Kingdom,London,REGIONAL,,,1,2,2015,2017,2
3212,5804608058338481662,Howling,Germany,Berlin,REGIONAL,,,5,5,2015,2026,11
3213,5257672842271672819,Philip Glass,United States of America,Maryland,REGIONAL,,,2,2,2016,2020,4
3214,6974518686958906218,Cashmere Cat,Norway,All,REGIONAL,,,2,2,2015,2017,2
3215,6160273618217014141,Patti Smith,United States of America,Chicago,REGIONAL,,,1,1,2018,2018,0
3216,7936667672505327617,The Blaze,France,Paris,REGIONAL,,,3,5,2018,2026,8
3217,8018951936492985214,Charlotte de Witte,Belgium,All,TOP1000,,,11,26,2017,2026,9
3218,9215772797415512210,Jordan Rakei,United Kingdom,London,REGIONAL,,,7,7,2016,2023,7
3219,4657847811935070872,Nile Rodgers,United States of America,New York City,REGIONAL,,,2,2,2013,2018,5
3220,4150050972246682332,Koreless,United Kingdom,Scotland,REGIONAL,,,5,7,2012,2022,10
3221,6754808609108198886,Kiril Dimchev,Bulgaria,All,REGIONAL,,,1,2,2022,2023,1
3222,7552582118679089949,Linear Output,Bulgaria,All,REGIONAL,,,1,1,2022,2022,0
3223,5089985078467931739,S.O.N.S,France,Central,REGIONAL,,,4,6,2022,2026,4
3224,5032672919900385458,Alexandar Kyosev,Bulgaria,Sofia,REGIONAL,,,1,1,2022,2022,0
3225,1800591351674098563,Emil Doesn't Drive,Germany,Berlin,REGIONAL,,,1,1,2023,2023,0
3226,2754349512703588745,cccvvv,Bulgaria,Sofia,REGIONAL,,,1,2,2025,2026,1
3227,4553864553564280360,Random Factor,France,Paris,REGIONAL,,,3,3,2025,2026,1
3228,4467511408321647658,Jack Sparrow,United Kingdom,North,REGIONAL,,,4,24,2008,2022,14
3229,399443196024616244,Plastician,United Kingdom,South + East,REGIONAL,,,3,12,2009,2025,16
3230,3481476517160026168,Peverelist,United Kingdom,West + Wales,TOP1000,,,10,31,2009,2026,17
3231,3502153342546451775,Instra:mental,United Kingdom,London,REGIONAL,,,1,4,2009,2022,13
3232,9076751870336885448,Andreya Triana,United Kingdom,London,REGIONAL,,,1,1,2009,2009,0
3233,8582080475284836472,Jakes,United Kingdom,London,REGIONAL,,,2,11,2010,2022,12
3234,1288993867272012735,Chimpo,United Kingdom,North,REGIONAL,,,4,24,2010,2026,16
3235,1581522376353355693,Lofty,United Kingdom,London,REGIONAL,,,2,5,2010,2013,3
3236,2314564062365913810,Newham Generals,United Kingdom,London,REGIONAL,,,2,6,2011,2015,4
3237,7761734336317637755,Shiloh,Canada,Vancouver,REGIONAL,,,1,1,2011,2011,0
3238,2902662492338353476,Ikonika,United Kingdom,London,TOP1000,,,10,15,2011,2026,15
3239,7612088734991231762,Homeboy,Croatia,All,REGIONAL,,,4,8,2012,2018,6
3240,6671527685224463095,Consequence,Australia,Melbourne,REGIONAL,,,2,4,2012,2012,0
3241,4894131910583361626,Visionist,United Kingdom,London,REGIONAL,,,2,2,2012,2012,0
3242,7057101472346258796,Blacksmif,United Kingdom,London,REGIONAL,,,2,4,2012,2012,0
3243,8627643464678262025,Pinch,United Kingdom,South + East,TOP1000,,,8,23,2011,2026,15
3244,2971503371915571591,Navigator,United Kingdom,London,REGIONAL,,,1,1,2012,2012,0
3245,1926835510413484722,SP:MC,United Kingdom,London,REGIONAL,,,5,22,2012,2026,14
3246,3762959415229859256,Mickey Pearce,United Kingdom,London,REGIONAL,,,2,4,2012,2015,3
3247,2834922873470519168,LX one,United Kingdom,London,REGIONAL,,,2,5,2012,2022,10
3248,286605983888928139,LowQui,United Kingdom,London,REGIONAL,,,3,10,2012,2024,12
3249,6246933234982109802,Paleman,United Kingdom,North,REGIONAL,,,5,8,2013,2026,13
3250,214254476699463509,DJ Premier,United States of America,Houston,REGIONAL,,,1,1,2014,2014,0
3251,5025114890960693849,Dillinja,United Kingdom,London,TOP1000,,,4,6,2014,2024,10
3252,801591453145900309,Bishop Nehru,United States of America,New York City,REGIONAL,,,1,1,2014,2014,0
3253,8745741262376350201,Source Direct,United Kingdom,London,REGIONAL,,,4,6,2014,2024,10
3254,3564496914900313967,Toddla T,United Kingdom,North,REGIONAL,,,3,4,2015,2019,4
3255,1489283830761497186,P Money,United Kingdom,London,REGIONAL,,,3,6,2015,2021,6
3256,4769617846619024647,Mella Dee,United Kingdom,North,TOP1000,,,12,20,2015,2026,11
3257,6408399749092226912,Banton,United Kingdom,London,REGIONAL,,,2,3,2015,2022,7
3258,8490719368671968978,Boofy,United Kingdom,West + Wales,REGIONAL,,,2,4,2016,2022,6
3259,2839275880437224802,Sarah Farina,Germany,Berlin,REGIONAL,,,5,5,2016,2023,7
3260,4667502314853236907,Shy One,United Kingdom,London,REGIONAL,,,15,41,2016,2026,10
3261,9160933204148359798,Christian Vance,Australia,Melbourne,REGIONAL,,,1,1,2016,2016,0
3262,5316649902414503261,U-Khan,New Zealand,South Island,REGIONAL,,,1,1,2016,2016,0
3263,2094785042174007314,Friction,United Kingdom,South + East,TOP1000,,,2,3,2017,2019,2
3264,8691869304707583896,President T,United Kingdom,London,REGIONAL,,,1,3,2018,2019,1
3265,8127546188692280447,Walton,United Kingdom,North,REGIONAL,,,2,4,2018,2022,4
3266,1755612074102124605,DJ Hops,Germany,Berlin,REGIONAL,,,1,2,2018,2018,0
3267,5122456978277236729,Bryan Gee,United Kingdom,London,REGIONAL,,,3,7,2016,2026,10
3268,7720344279879442654,Juss B,United States of America,Alabama,REGIONAL,,,1,2,2018,2018,0
3269,7824827740035503479,Joe Raygun,United Kingdom,London,REGIONAL,,,1,1,2018,2018,0
3270,2026602604681727014,Lamont,United Kingdom,West + Wales,REGIONAL,,,1,1,2018,2018,0
3271,8850142939323978553,Nubya Garcia,United Kingdom,London,REGIONAL,,,5,9,2018,2023,5
3272,7832531560179817660,Manga Saint Hilare,United Kingdom,London,REGIONAL,,,1,4,2018,2026,8
3273,3356705208492889912,Jamie Rodigan,United Kingdom,London,REGIONAL,,,1,1,2018,2018,0
3274,3802604165906786832,Headland,New Zealand,South Island,REGIONAL,,,1,1,2019,2019,0
3275,6612568141010082154,Sub Basics,United Kingdom,London,REGIONAL,,,2,3,2019,2026,7
3276,8487460485101409453,Deep Tempo,United Kingdom,London,REGIONAL,,,1,2,2021,2022,1
3277,1072971019006986138,Sheba Q,United Kingdom,London,REGIONAL,,,1,2,2021,2022,1
3278,2555297323961114244,Zha (UK),United Kingdom,London,REGIONAL,,,1,4,2021,2025,4
3279,3428386605782503878,Tañ,United Kingdom,Leeds,REGIONAL,,,5,7,2022,2026,4
3280,8164251689219486033,V.I.V.E.K.,United Kingdom,London,REGIONAL,,,2,3,2019,2025,6
3281,5109267656403696242,Sumgii,United Kingdom,London,REGIONAL,,,1,1,2022,2022,0
3282,3965602571865494049,TMSV,Netherlands,Utrecht,REGIONAL,,,1,1,2022,2022,0
3283,6867478594022669189,Alley Cat,United Kingdom,London,REGIONAL,,,1,1,2022,2022,0
3284,5903371315690840805,DJ ADHD,United States of America,Miami,REGIONAL,,,1,2,2022,2023,1
3285,1718675299689123223,Dub Athlete,United Kingdom,Bristol,REGIONAL,,,1,2,2022,2025,3
3286,4199657887923129040,Duppy,United Kingdom,London,REGIONAL,,,1,2,2022,2026,4
3287,427581659320938779,Mizeyesis,United States of America,Boston,REGIONAL,,,1,1,2022,2022,0
3288,2002464196204773440,SB81,United Kingdom,Midlands,REGIONAL,,,1,1,2022,2022,0
3289,8223160122235291436,Dwarde,United Kingdom,London,REGIONAL,,,5,9,2023,2026,3
3290,5775260471978676937,Cartridge,Hungary,All,REGIONAL,,,1,1,2023,2023,0
3291,6719867608754390156,KIVI,Germany,Saarland,REGIONAL,,,1,2,2023,2025,2
3292,5054905490169342202,Sasha Steppa,United Kingdom,Bristol,REGIONAL,,,1,1,2023,2023,0
3293,8421745944903396802,Kele Le Roc,United Kingdom,London,REGIONAL,,,1,1,2023,2023,0
3294,7632193430777416609,Makoto,Japan,Tokyo,REGIONAL,,,1,1,2023,2023,0
3295,9201611097558333942,Introspekt,United States of America,Los Angeles,REGIONAL,,,11,16,2023,2026,3
3296,1787003906459138887,Nick León,United States of America,Miami,REGIONAL,,,9,13,2023,2026,3
3297,3546572828853607454,Samurai Breaks,United Kingdom,Bristol,REGIONAL,,,3,8,2024,2026,2
3298,2307234571943426050,Soul Mass Transit System,United Kingdom,Leeds,REGIONAL,,,11,14,2024,2026,2
3299,5619588979170794241,Nancy June,United Kingdom,London,REGIONAL,,,1,3,2024,2025,1
3300,7759276295213042911,Nasra,Germany,Berlin,REGIONAL,,,1,2,2024,2024,0
3301,306084257158588221,POLO LILLI,United Kingdom,Bristol,REGIONAL,,,1,1,2024,2024,0
3302,7656341216347538749,Rafiki (IN),India,Mumbai,REGIONAL,,,2,2,2024,2024,0
3303,3925249573174405128,REA (UK),United Kingdom,Bristol,REGIONAL,,,4,6,2024,2025,1
3304,3434422952898340676,Samtheman,United Kingdom,London,REGIONAL,,,1,1,2024,2024,0
3305,6425652176958451276,Fourth World Music,Poland,Warsaw,REGIONAL,,,1,1,2024,2024,0
3306,9033085218190011172,Buckley (UK),United Kingdom,Manchester,REGIONAL,,,1,1,2025,2025,0
3307,3142340093163379341,bullet tooth,United Kingdom,London,REGIONAL,,,4,4,2025,2026,1
3308,4174457058182569663,Ehua,Italy,Central,REGIONAL,,,11,15,2020,2026,6
3309,6928495119955646163,Shirley Temper,United Kingdom,London,REGIONAL,,,1,1,2025,2025,0
3310,8817404638212787427,THEMPRESS,United Kingdom,London,REGIONAL,,,5,12,2022,2026,4
3311,6450708678634872238,WOST,Colombia,Medellin,REGIONAL,,,1,1,2025,2025,0
3312,3809061755243383901,GUS (4),United Kingdom,Bristol,REGIONAL,,,1,1,2025,2025,0
3313,5204801119836227215,Jess Hands,United Kingdom,London,REGIONAL,,,5,10,2024,2026,2
3314,7851503577983947045,OS:MAN,United Kingdom,London,REGIONAL,,,2,2,2022,2025,3
3315,5260024156754427977,winona,United Kingdom,London,REGIONAL,,,1,1,2025,2025,0
3316,8076794872023343086,A.Fruit,Spain,Barcelona,REGIONAL,,,1,1,2026,2026,0
3317,780310622594658699,Siu Mata (2),France,Paris,REGIONAL,,,3,3,2025,2026,1
3318,226879806653635724,ASIAN BRAT,United Kingdom,London,REGIONAL,,,1,1,2026,2026,0
3319,8195459459069132749,Axle,United Kingdom,Bristol,REGIONAL,,,1,1,2026,2026,0
3320,41319212394886905,Barker,United Kingdom,South + East,REGIONAL,,,13,18,2020,2026,6
3321,1695851560791940306,D'Monk,United Kingdom,London,REGIONAL,,,1,1,2026,2026,0
3322,6915409916821589598,DAISY,United Kingdom,Liverpool,REGIONAL,,,3,3,2024,2026,2
3323,3716078948778243044,Denham Audio,United Kingdom,London,REGIONAL,,,2,2,2024,2026,2
3324,1169957541940368933,MIDRIB,United Kingdom,London,REGIONAL,,,1,1,2026,2026,0
3325,2567992660553869906,Paige Julia,New Zealand,Auckland,REGIONAL,,,1,1,2026,2026,0
3326,931937154330982982,Roll Deep,United Kingdom,London,REGIONAL,,,1,1,2026,2026,0
3327,1105148118973641062,State OFFF,Netherlands,Amsterdam,REGIONAL,,,3,7,2023,2026,3
3328,3810901659788723435,Yung.Raj,India,Mumbai,REGIONAL,,,1,1,2026,2026,0
3329,6016136782908998808,KOKO (IT),Italy,South,REGIONAL,,,1,11,2019,2024,5
3330,6039070282096829826,Sam Bangura,United Kingdom,London,REGIONAL,,,9,27,2016,2026,10
3331,5792428673745851351,Laurence,United Kingdom,London,REGIONAL,,,1,1,2019,2019,0
3332,3103067349772324408,MADVILLA,United States of America,California,REGIONAL,,,6,10,2021,2026,5
3333,594875125565204907,Lulah Francs,Spain,Ibiza,REGIONAL,,,7,19,2021,2026,5
3334,5412477149938633367,Paige Tomlinson,United Kingdom,Liverpool,REGIONAL,,,7,16,2021,2026,5
3335,6537016397342931018,Marina Trench,France,Paris,REGIONAL,,,3,5,2019,2023,4
3336,8122660068006337292,Adryiano,,,REGIONAL,,,2,2,2019,2021,2
3337,4920951735515878821,Mike Millrain,United Kingdom,London,REGIONAL,,,1,1,2021,2021,0
3338,1561240908432163047,Duowe,United Kingdom,London,REGIONAL,,,2,3,2021,2024,3
3339,6706893184864897725,Heléna Star,United Kingdom,London,REGIONAL,,,14,27,2021,2026,5
3340,4270441132353712520,Julian Anthony,Netherlands,All,REGIONAL,,,7,13,2022,2026,4
3341,5627257542675187504,Fideles,Italy,South,REGIONAL,,,6,11,2019,2025,6
3342,5132527872623536593,Appetite,United States of America,Chicago,REGIONAL,,,1,1,2023,2023,0
3343,4087758452430088695,LOVEFOXY,Germany,Berlin,REGIONAL,,,6,9,2023,2025,2
3344,6174358452331565061,Jaye Ward,United Kingdom,London,REGIONAL,,,12,44,2018,2026,8
3345,4026269301110448305,Wilfy D,United Kingdom,Bristol,REGIONAL,,,2,5,2018,2026,8
3346,6759085046670190084,Jeremy Sylvester,United Kingdom,London,REGIONAL,,,5,5,2022,2026,4
3347,1747995797519849503,Makèz,Netherlands,Amsterdam,REGIONAL,,,5,9,2024,2025,1
3348,3912999350478013388,LEV (UK),United Kingdom,London,REGIONAL,,,3,3,2023,2026,3
3349,6168535342360640241,Kellie Allen,United Kingdom,London,REGIONAL,,,2,32,2022,2026,4
3350,2705018142169195373,Yass,,,,,,4,4,2024,2026,2
3351,7841086612292100152,Mali,,,,,,4,4,2024,2026,2
3352,5727501795243151975,Cameron Jack,United Kingdom,London,REGIONAL,,,1,1,2025,2025,0
3353,7755945653203358272,Lewis Carroll,United Kingdom,London,REGIONAL,,,1,3,2025,2026,1
3354,6162336233571563607,Robert James,United Kingdom,London,REGIONAL,,,6,12,2011,2025,14
3355,5614324203486498885,FINKY,United Kingdom,London,REGIONAL,,,3,5,2025,2026,1
3356,3336638302140766206,George Mensah,United Kingdom,London,REGIONAL,,,3,5,2025,2026,1
3357,8588433248316785693,El Cassar,United Kingdom,London,REGIONAL,,,2,2,2025,2025,0
3358,8142829511923097177,FLETCH,United Kingdom,Manchester,REGIONAL,,,1,1,2026,2026,0
3359,3475256574709928219,HALFPINT,United Kingdom,London,REGIONAL,,,1,1,2026,2026,0
3360,7533686370826185473,The Trip,United Kingdom,London,REGIONAL,,,8,8,2025,2026,1
3361,4789952675822464458,Enzo is Burning,United Kingdom,London,REGIONAL,,,2,2,2026,2026,0
3362,1069091225983307384,Fleur Shore,United Kingdom,Midlands,REGIONAL,,,3,7,2023,2026,3
3363,4525434337546990234,EVIE UK,United Kingdom,London,REGIONAL,,,4,4,2023,2026,3
3364,3758834675883520339,Micah Baxter,United Kingdom,South + East,REGIONAL,,,2,2,2026,2026,0
3365,8219070455949843472,Lastvuska,France,Paris,REGIONAL,,,3,73,2018,2026,8
3366,9166442096495538172,Mic Mac,France,Paris,REGIONAL,,,1,6,2018,2022,4
3367,2274661635411887025,Madcat,France,Paris,REGIONAL,,,1,1,2018,2018,0
3368,2732561587933593222,À l'eau Djs,France,South West,REGIONAL,,,1,2,2018,2019,1
3369,2736316633064886899,Emma Isabella,Sweden,All,REGIONAL,,,1,2,2019,2020,1
3370,460500015846181407,Louis Dauvergne,France,East,REGIONAL,,,1,1,2019,2019,0
3371,1801866270839375199,Les Yeux Orange,France,Paris,REGIONAL,,,1,1,2020,2020,0
3372,4107311260356449502,Pastel,France,Paris,REGIONAL,,,2,4,2021,2024,3
3373,3549584208229141794,ephem (FR),France,Paris,REGIONAL,,,1,1,2021,2021,0
3374,4640662442783795908,Bella Sarris,Sweden,Stockholm,TOP1000,,,8,9,2014,2026,12
3375,9028318955318374426,Gwenan,United Kingdom,West + Wales,TOP1000,,,10,17,2016,2026,10
3376,5252777893163599135,Legowelt,Netherlands,The Hague,TOP1000,,,16,32,2011,2026,15
3377,7878829138543852054,Roi Perez,Germany,Berlin,TOP1000,,,24,50,2017,2026,9
3378,236546817664025666,Andy Garvey,Australia,Sydney,REGIONAL,,,5,6,2019,2026,7
3379,7032442175990369824,Gauvain,France,Paris,REGIONAL,,,1,1,2023,2023,0
3380,5804974409669035561,OK EG,Australia,Melbourne,REGIONAL,,,6,7,2019,2026,7
3381,1304373593707464888,GTI,France,Nantes,REGIONAL,,,3,8,2020,2026,6
3382,7174178120521343225,Juniore (FR),France,South West,REGIONAL,,,1,1,2024,2024,0
3383,2121492712151760503,RIGO,,,REGIONAL,,,2,4,2021,2026,5
3384,8882611066570321237,Holy Coco,Belgium,Brussels,REGIONAL,,,1,1,2025,2025,0
3385,1137755279837174559,Tryphème,France,Lyon,REGIONAL,,,2,2,2021,2025,4
3386,8702505896463232709,CallBackSami,France,Lyon,REGIONAL,,,2,3,2025,2026,1
3387,8536683325811766050,Blu:sh,France,Paris,REGIONAL,,,1,1,2025,2025,0
3388,339844705032502376,TSUNIMAN,Switzerland,All,REGIONAL,,,8,18,2022,2026,4
3389,3001713224328976615,.VRIL,Germany,Lower Saxony,TOP1000,,,9,10,2022,2026,4
3390,3221584890905258786,B. McQueen,France,Paris,REGIONAL,,,1,2,2026,2026,0
3391,2510987939259842758,Maquis Son Sistèm,France,South East,REGIONAL,,,2,3,2023,2026,3
3392,7409765716831409589,Meggy,Germany,Berlin,REGIONAL,,,2,2,2015,2019,4
3393,8513558737157210696,Marvin Hey,Germany,Berlin,REGIONAL,,,1,1,2015,2015,0
3394,3902436176038246920,Marwan Sabb,France,Paris,REGIONAL,,,1,2,2015,2016,1
3395,384212701204975712,Matthias Horn,Germany,Berlin,REGIONAL,,,1,1,2015,2015,0
3396,3347372520751843920,Mila Dietrich,France,Marseille,REGIONAL,,,1,2,2016,2016,0
3397,6704494531019191199,Soulmind,Germany,Berlin,REGIONAL,,,1,1,2016,2016,0
3398,3547186787672679775,CLFT Militia,France,South East,REGIONAL,,,2,5,2012,2016,4
3399,2818697123544973677,Carsten Conrad,Germany,Berlin,REGIONAL,,,1,1,2017,2017,0
3400,3726845241816229440,Raphael Hofman,Germany,Berlin,REGIONAL,,,1,2,2017,2026,9
3401,2451088642342596335,A.Silentio,France,Lyon,REGIONAL,,,1,1,2017,2017,0
3402,3414003032186590129,De Santi,France,Lyon,REGIONAL,,,2,2,2017,2018,1
3403,748737401661008268,Olivia Mendez,France,Lyon,REGIONAL,,,6,7,2017,2026,9
3404,5038941625626302290,M.Rux,Germany,Berlin,REGIONAL,,,1,1,2017,2017,0
3405,7224132916108487978,Lude (2),France,Strasbourg,REGIONAL,,,1,1,2025,2025,0
3406,4951710231343843179,Inox Traxx,,,REGIONAL,,,4,4,2025,2025,0
3407,1365116718770490817,STU (FR),France,East,REGIONAL,,,1,1,2025,2025,0
3408,2231280484700905171,Crâne de Poule,France,Paris,REGIONAL,,,2,2,2025,2026,1
3409,6805657925380800522,Lyss,France,Paris,REGIONAL,,,1,1,2025,2025,0
3410,7182630258331519919,luçïd,France,Paris,REGIONAL,,,1,1,2025,2025,0
3411,6134013894633002994,Leo Von Zbeul,France,Paris,REGIONAL,,,1,1,2025,2025,0
3412,6046099903849307366,Jean-Paul Groove,Belgium,Brussels,REGIONAL,,,1,1,2025,2025,0
3413,4796741692934063231,Thea (BG),Bulgaria,All,REGIONAL,,,1,1,2026,2026,0
3414,5086311638611166588,SELESSA T.,France,Central,REGIONAL,,,1,1,2026,2026,0
3415,5676449897697523592,Ross (1),United States of America,Chicago,REGIONAL,,,1,1,2026,2026,0
3416,175667133658803695,Rosa Luxemburg,Switzerland,All,REGIONAL,,,1,1,2026,2026,0
3417,8406147478005814865,REV/,France,Paris,REGIONAL,,,1,1,2026,2026,0
3418,3280319411862884825,Jana Falcon,Germany,Berlin,REGIONAL,,,3,4,2023,2026,3
3419,8186560132518402762,HiHat,Germany,Cologne,REGIONAL,,,2,2,2022,2026,4
3420,3558111952816354997,DJ Fucks Himself,Germany,Berlin,REGIONAL,,,1,1,2026,2026,0
3421,8650699628160235821,Foreign Material,France,Central,REGIONAL,,,1,1,2026,2026,0
3422,2467992761262095959,Dotdat,India,Other regions,REGIONAL,,,1,1,2026,2026,0
3423,2215695120154961278,Brutal Experiences,France,Paris,REGIONAL,,,1,1,2026,2026,0
3424,4709796000297473276,Amanita,Italy,Bologna,REGIONAL,,,1,1,2026,2026,0
3425,2755055668434724848,P.O (1),France,French Riviera,REGIONAL,,,1,1,2026,2026,0
3426,8909591279448805762,Léon (2),France,East,REGIONAL,,,1,1,2026,2026,0
3427,3597397660457491649,HOCHIWAH,Belgium,Brussels,REGIONAL,,,1,1,2026,2026,0
3428,1705043048096870789,ANZU,Japan,Tokyo,REGIONAL,,,1,1,2026,2026,0
3429,2872866860911067854,Alienata,Germany,Berlin,TOP1000,,,5,9,2018,2024,6
3430,2401184074504265900,Strange Boutique,Netherlands,Amsterdam,REGIONAL,,,3,3,2018,2018,0
3431,6973370687185716373,Perill,Netherlands,All,REGIONAL,,,1,1,2019,2019,0
3432,1098213728841965855,Nori,Japan,Tokyo,REGIONAL,,,1,1,2019,2019,0
3433,1005550958215383874,Black Cadmium,Netherlands,Rotterdam,REGIONAL,,,5,8,2021,2025,4
3434,2944280390734358758,Blue Hour,United Kingdom,South + East,REGIONAL,,,1,1,2023,2023,0
3435,9199267359760477791,TWR72,Netherlands,Amsterdam,REGIONAL,,,3,3,2012,2023,11
3436,7226096851211967749,The Blessed Madonna,United States of America,Chicago,TOP1000,,,14,28,2021,2026,5
3437,6489550304797087453,AGY3NA,Germany,Berlin,REGIONAL,,,7,27,2022,2025,3
3438,299384757432353200,Andrew (NL),Netherlands,The Hague,REGIONAL,,,1,1,2025,2025,0
3439,5523295276346703916,MALUGI,Germany,Berlin,REGIONAL,,,9,13,2023,2026,3
3440,812365168406346606,Liso (1),Netherlands,The Hague,REGIONAL,,,1,1,2025,2025,0
3441,419037676928272813,Optimo (Espacio),United Kingdom,North,TOP1000,,,16,31,2016,2026,10
3442,8930384098136256562,Hayley Zalassi,United Kingdom,Glasgow,REGIONAL,,,1,1,2024,2024,0
3443,5554579904421383402,Colleen 'Cosmo' Murphy,United Kingdom,London,REGIONAL,,,5,14,2019,2026,7
3444,2979007363556250595,Dame Area,Spain,Barcelona,REGIONAL,,,5,5,2023,2026,3
3445,1530606877230394132,Bikini Body,United Kingdom,Edinburgh,REGIONAL,,,2,3,2025,2026,1
3446,5494876185979159017,Sebastian Rodgers,United Kingdom,Glasgow,REGIONAL,,,1,1,2026,2026,0
3447,4504918403032442840,Bonzai Bonner,United Kingdom,Scotland,REGIONAL,,,2,4,2021,2026,5
3448,1791660550168908364,Reeshy,United Kingdom,Leeds,REGIONAL,,,5,5,2024,2025,1
3449,8747790023325059745,Colin Chiddle,United Kingdom,London,REGIONAL,,,3,3,2023,2026,3
3450,4434292948836654217,Trixie (UK),United Kingdom,London,REGIONAL,,,3,4,2025,2026,1
3451,8132376564998526369,Juan Sanchez,Netherlands,Amsterdam,REGIONAL,,,3,4,2010,2018,8
3452,8541663769053419512,Adam X,Germany,Berlin,TOP1000,,,2,2,2014,2019,5
3453,4354465495756971039,Tommy Four Seven,United Kingdom,London,TOP1000,,,6,8,2014,2024,10
3454,4990655169707568247,Carlos Valdes,Netherlands,Amsterdam,REGIONAL,,,22,43,2008,2026,18
3455,828443924739288781,Prunk,Netherlands,Amsterdam,REGIONAL,,,4,76,2012,2026,14
3456,3016298783357237463,Hector,Mexico,Monterrey,TOP1000,,,3,3,2015,2019,4
3457,2125975731874506640,Carlo Lio,Canada,Toronto,TOP1000,,,2,3,2012,2018,6
3458,2690721604337766991,Reeko,Spain,North,REGIONAL,,,2,3,2011,2017,6
3459,1183496798892487632,Jonas Kopp,Argentina,Buenos Aires,TOP1000,,,2,3,2014,2018,4
3460,5439227694538429603,Rod Malmok,Netherlands,Amsterdam,REGIONAL,,,2,2,2017,2018,1
3461,5716397320713806207,Markantonio,Italy,South,REGIONAL,,,2,4,2012,2018,6
3462,5614524673362708163,Mirella Kroes,Netherlands,Amsterdam,TOP1000,,,5,6,2013,2023,10
3463,6067995837453773971,Noir,Denmark,All,REGIONAL,,,3,8,2013,2018,5
3464,6015073781210993793,Mitch de Klein,Netherlands,Utrecht,REGIONAL,,,2,4,2019,2026,7
3465,1669281177974522803,Marcus Worgull,Germany,Cologne,REGIONAL,,,7,9,2012,2022,10
3466,763386181333272903,Anna Reusch,Germany,Frankfurt,REGIONAL,,,1,2,2024,2024,0
3467,4296343115883915117,Massano,United Kingdom,Liverpool,REGIONAL,,,2,4,2024,2026,2
3468,2245324232049569693,Rose Ringed,Netherlands,Amsterdam,REGIONAL,,,2,4,2024,2026,2
3469,1960614973341988099,Jaap Ligthart,Netherlands,Amsterdam,REGIONAL,,,1,1,2024,2024,0
3470,3814282565955907194,Collé,Netherlands,All,REGIONAL,,,3,4,2019,2024,5
3471,1624377695309905082,Hozho,Portugal,All,REGIONAL,,,1,1,2024,2024,0
3472,3413801061036632435,KAS:ST,France,Paris,TOP1000,,,8,11,2018,2024,6
3473,7014101909219372658,Innellea,Germany,Munich,TOP1000,,,6,15,2020,2026,6
3474,4959539823726935421,SUPERSTRINGS,Netherlands,All,REGIONAL,,,3,5,2024,2026,2
3475,7376661009460626448,Thysma,Netherlands,Amsterdam,REGIONAL,,,1,1,2025,2025,0
3476,6042915502694449478,Amber Broos,Belgium,Antwerp,REGIONAL,,,3,6,2025,2026,1
3477,4537921284286965755,Jennifer Loveless,Australia,Melbourne,REGIONAL,,,22,37,2022,2026,4
3478,8509683892918175064,Rayzir,Netherlands,Amsterdam,REGIONAL,,,1,2,2025,2025,0
3479,7475667633837382133,VE/RA,Netherlands,Eindhoven,REGIONAL,,,2,3,2025,2026,1
3480,8947875676747703209,Township Rebellion,Germany,Baden-Württemberg,REGIONAL,,,1,1,2025,2025,0
3481,9058448096045048839,Spacer Woman,Turkey,Istanbul,REGIONAL,,,3,4,2025,2026,1
3482,2637602348643581955,Ely Oaks,Austria,All,REGIONAL,,,1,1,2026,2026,0
3483,4778721408767040133,Roy Ayers,United States of America,Los Angeles,REGIONAL,,,5,6,2008,2019,11
3484,8292828564562499356,Zakia,United Kingdom,London,REGIONAL,,,8,19,2019,2024,5
3485,1730268416861840485,CASisDEAD,United Kingdom,London,REGIONAL,,,5,6,2016,2026,10
3486,2566497775687293235,NIKS,United Kingdom,London,REGIONAL,,,18,41,2021,2026,5
3487,5179233988164277290,Ron Trent,United States of America,Chicago,TOP1000,,,7,16,2013,2026,13
3488,6359914077676883391,TDJ,Canada,Quebec City,REGIONAL,,,2,3,2024,2025,1
3489,1701193842432991627,TOXE,Sweden,All,TOP1000,,,3,4,2023,2024,1
3490,6637082732083691192,TOCCORORO,Spain,North,REGIONAL,,,3,4,2024,2026,2
3491,6885605559921152431,Sama' Abdulhadi,Palestine,All,TOP1000,,,12,26,2020,2026,6
3492,2287242803980603249,Margo XS,United States of America,Michigan,REGIONAL,,,1,1,2026,2026,0
3493,1419093410283040743,Jan Blomqvist,Germany,Berlin,TOP1000,,,6,14,2017,2026,9
3494,9180245006202148610,Jesus Martino,Spain,Ibiza,REGIONAL,,,1,1,2019,2019,0
3495,8151102668903478991,Josu Aramburu,Spain,North,REGIONAL,,,1,1,2020,2020,0
3496,4989980045032697466,DJ Holographic,United States of America,Detroit,REGIONAL,,,11,20,2020,2025,5
3497,7222208894753336331,Jimi Jules,Switzerland,All,REGIONAL,,,10,25,2021,2026,5
3498,6822354048722354061,Paula Temple,United Kingdom,North,TOP1000,,,10,26,2016,2024,8
3499,4868976240324044271,Bas Amro,Netherlands,All,REGIONAL,,,2,2,2017,2019,2
3500,5007139611755125903,Brian James,Malta,All,REGIONAL,,,1,1,2024,2024,0
3501,8449275461738501871,Desirée Falessi,Argentina,Buenos Aires,REGIONAL,,,1,2,2024,2025,1
3502,5279672655601268679,Owen Jay,Malta,All,REGIONAL,,,2,4,2022,2026,4
3503,3793639060564325643,Slick Steve,Malta,All,REGIONAL,,,2,3,2022,2024,2
3504,4755591733449252708,Lamache,Germany,Berlin,TOP1000,,,4,5,2019,2025,6
3505,1646381149089436574,Mike Shannon,Canada,Toronto,TOP1000,,,1,1,2025,2025,0
3506,1626816996486505599,Georgia Girl,United Kingdom,London,REGIONAL,,,3,3,2025,2025,0
3507,2638740434044197623,Human Safari,Malta,All,REGIONAL,,,2,9,2022,2026,4
3508,4367463590368996015,Macelli,Malta,All,REGIONAL,,,1,1,2026,2026,0
3509,399712977046853284,Andhim,Germany,Cologne,TOP1000,,,6,20,2012,2023,11
3510,880820859521426147,Goldfox,Belgium,All,REGIONAL,,,1,1,2017,2017,0
3511,4363062495476060122,Raw District,Belgium,All,REGIONAL,,,3,4,2015,2017,2
3512,5016389065680835590,Perel,Germany,Berlin,TOP1000,,,8,10,2018,2024,6
3513,2398281712862999594,Adriatique,Switzerland,All,TOP1000,,,9,41,2015,2026,11
3514,8490953477286572969,Polo,,,,,,3,5,2018,2024,6
3515,7724501286472548774,Axel Haube,Belgium,Antwerp,REGIONAL,,,1,3,2019,2022,3
3516,6531740601699573815,Dorfmeister,,,,,,3,6,2020,2024,4
3517,6009588589593870286,Deer Jade,Switzerland,Geneva,REGIONAL,,,7,16,2019,2026,7
3518,7182966041802803261,Il Quadro di Troisi,Italy,Rome,REGIONAL,,,3,3,2021,2024,3
3519,4818504915072440880,Evigt Mörker,Sweden,Stockholm,REGIONAL,,,2,2,2022,2022,0
3520,3739043012739426939,Phrex,Switzerland,All,REGIONAL,,,3,6,2018,2023,5
3521,1349993418949763029,Wolfram,Austria,All,REGIONAL,,,2,4,2022,2025,3
3522,6432837501692121257,Felix Rupprecht,Germany,Frankfurt,REGIONAL,,,2,7,2022,2026,4
3523,2982457638765889587,Roman Rauch,Austria,All,REGIONAL,,,1,1,2022,2022,0
3524,6049127882877031583,Forbidden Fruit,Belgium,All,REGIONAL,,,1,1,2022,2022,0
3525,6016234595746294121,Sofia Kourtesis,Peru,All,REGIONAL,,,12,23,2021,2026,5
3526,7610185690311963426,Mandana,Belgium,All,REGIONAL,,,5,7,2017,2025,8
3527,7311561188357883646,TEZIBEL,Austria,Vienna,REGIONAL,,,2,4,2023,2026,3
3528,9076862039991720236,Aili,Belgium,All,REGIONAL,,,1,1,2023,2023,0
3529,2961527871962407892,Vitess,France,Paris,REGIONAL,,,4,5,2019,2026,7
3530,1020163569855205555,||||||||||||||||||||,Germany,Leipzig,REGIONAL,,,1,1,2024,2024,0
3531,5065038797536545661,Alex Kassian,Germany,Berlin,REGIONAL,,,14,29,2023,2026,3
3532,3591930516672707928,Asian Sal,Belgium,Brussels,REGIONAL,,,1,2,2024,2025,1
3533,7896230400428008059,BAVR,Belgium,Antwerp,REGIONAL,,,1,2,2024,2025,1
3534,6910116197067911980,BADSISTA,Brazil,Sao Paulo,REGIONAL,,,13,17,2022,2026,4
3535,1694753857240822281,Galcher Lustwerk,United States of America,Cleveland,TOP1000,,,3,3,2014,2024,10
3536,7135736461609883114,Spirite,Canada,Montreal,REGIONAL,,,1,2,2024,2024,0
3537,3086252957577603398,Neel,Italy,Central,TOP1000,,,8,17,2012,2026,14
3538,4211528872793062095,Bas Dobbelaer,Netherlands,Amsterdam,REGIONAL,,,4,7,2023,2025,2
3539,3741773083916841251,Mac Declos,France,Paris,REGIONAL,,,10,13,2018,2026,8
3540,322562923423031645,Alycia Bezgo,Belgium,Brussels,REGIONAL,,,4,6,2025,2026,1
3541,6552853239176634929,Dj Babatr,Venezuela,All,REGIONAL,,,6,7,2025,2026,1
3542,4667250250553240033,KEVIN KOFII,Belgium,Antwerp,REGIONAL,,,1,1,2025,2025,0
3543,831329545926761156,Khadija (DE),Germany,Berlin,REGIONAL,,,2,2,2022,2025,3
3544,6948394366453265461,Nedda Sou,Netherlands,Amsterdam,REGIONAL,,,8,12,2021,2026,5
3545,893842801237424981,Oko Stellar,Belgium,Antwerp,REGIONAL,,,2,2,2025,2025,0
3546,5651585438183244461,She The DJ,Belgium,All,REGIONAL,,,3,4,2024,2025,1
3547,8926360337419050332,STACE,United Kingdom,London,REGIONAL,,,1,1,2025,2025,0
3548,3912175701560908780,Yentl.,Belgium,All,REGIONAL,,,3,5,2023,2026,3
3549,8875380644022745648,ZAG ERLAT,United Kingdom,London,REGIONAL,,,2,3,2023,2025,2
3550,3798269182664715759,Chloé Caillet,United States of America,Miami,REGIONAL,,,14,24,2022,2026,4
3551,6469496479953810232,Kyle Starkey,United Kingdom,Liverpool,REGIONAL,,,8,14,2025,2026,1
3552,7089569175853155938,Disjoli,Belgium,Brussels,REGIONAL,,,2,2,2025,2026,1
3553,2985522590297780015,ONEY,Sweden,Gothenburg,REGIONAL,,,2,2,2026,2026,0
3554,7882990205599929377,HENGE,United Kingdom,Manchester,REGIONAL,,,2,2,2019,2026,7
3555,4847569813195496398,swim,United Kingdom,London,REGIONAL,,,1,1,2026,2026,0
3556,4730860333686735387,Unchosen,Lithuania,Vilnius,REGIONAL,,,1,1,2024,2024,0
3557,8043184876527390038,Janeret,France,Paris,TOP1000,,,4,7,2017,2024,7
3558,1516798423135678755,Roli,Slovenia,All,REGIONAL,,,2,2,2019,2021,2
3559,7391271847615869241,Schrauff,Slovenia,All,REGIONAL,,,1,1,2021,2021,0
3560,8448526730220675943,Simm.,Slovenia,All,REGIONAL,,,1,3,2021,2025,4
3561,7890181427567678558,Adonov,Slovenia,All,REGIONAL,,,1,2,2022,2023,1
3562,3324056948723327852,Bronski,Croatia,All,REGIONAL,,,1,1,2022,2022,0
3563,6062049725555715169,Lakmi,Slovenia,All,REGIONAL,,,1,5,2022,2026,4
3564,7974933449686845531,Jerpa,Slovenia,All,REGIONAL,,,1,1,2022,2022,0
3565,9073189325498095292,Vitomil,Slovenia,All,REGIONAL,,,1,4,2023,2026,3
3566,7743210991612493559,Lottie (SI),Slovenia,All,REGIONAL,,,1,5,2024,2026,2
3567,3888781791709653881,Lerro,Slovenia,All,REGIONAL,,,1,3,2024,2026,2
3568,2460630602271796473,maša (SI),Slovenia,All,REGIONAL,,,4,14,2024,2026,2
3569,1708412039488027824,Bruno Curtis,New Zealand,South Island,REGIONAL,,,1,1,2024,2024,0
3570,4372390114108622411,DJ MARIA.,Japan,Kansai,REGIONAL,,,7,7,2025,2026,1
3571,4355829625719761279,Hitam,Netherlands,Amsterdam,REGIONAL,,,2,2,2024,2025,1
3572,1927591875448154469,Marie Pravda,Czech Republic,All,REGIONAL,,,1,1,2025,2025,0
3573,1925559741030382385,Tunik,Argentina,Buenos Aires,REGIONAL,,,2,3,2023,2025,2
3574,3112584425083701073,Antonio Zuza,Croatia,Zagreb,REGIONAL,,,1,1,2025,2025,0
3575,2016234406322113751,Matthew Neequaye,,,REGIONAL,,,7,18,2021,2026,5
3576,8674099812270379477,Pure Science,United Kingdom,London,REGIONAL,,,1,1,2026,2026,0
3577,5413432803747894248,DJ Kilo,United Kingdom,London,REGIONAL,,,2,2,2019,2024,5
3578,7578439939186902900,Clarisa Kimskii,United States of America,Washington DC,REGIONAL,,,1,2,2025,2026,1
3579,3170503225146802203,Najel Monteiro,Netherlands,Rotterdam,REGIONAL,,,1,1,2025,2025,0
3580,8638241975314061463,Nikos (live),Netherlands,Rotterdam,REGIONAL,,,1,1,2025,2025,0
3581,2004426025035258425,Dirty Channels,Italy,North,REGIONAL,,,3,17,2019,2026,7
3582,8305822931908342751,Ruby Savage,Netherlands,Amsterdam,REGIONAL,,,7,19,2018,2026,8
3583,4488483880166236804,N-Gynn,United Kingdom,London,REGIONAL,,,2,2,2021,2022,1
3584,2883969727616039418,Dam Swindle,Netherlands,Amsterdam,TOP1000,,,7,11,2021,2025,4
3585,1977063894945968373,Grace Sands,United Kingdom,London,REGIONAL,,,13,24,2021,2026,5
3586,287920836683713450,Kristy Harper,United Kingdom,London,REGIONAL,,,4,9,2019,2025,6
3587,4409484577562509750,Theon Bower,United Kingdom,London,REGIONAL,,,3,7,2022,2024,2
3588,2647171427151008713,Village Cuts,United Kingdom,London,REGIONAL,,,2,2,2024,2025,1
3589,4046585452761919563,Little Gay Brother,United Kingdom,London,REGIONAL,,,2,11,2018,2026,8
3590,1214441112312999599,Jasmine Infiniti,United States of America,New York City,REGIONAL,,,1,3,2021,2021,0
3591,1315210364307856591,Cakes Da Killa,United States of America,New York City,REGIONAL,,,3,5,2021,2025,4
3592,557013439781439296,Proteus,United Kingdom,London,REGIONAL,,,2,4,2019,2022,3
3593,9004699816480686319,Butch Queen,United Kingdom,West + Wales,REGIONAL,,,1,2,2021,2021,0
3594,7669471508105745542,High Hoops,United Kingdom,Manchester,REGIONAL,,,5,20,2018,2024,6
3595,6028058296258118838,Polanski,United Kingdom,London,REGIONAL,,,2,3,2021,2022,1
3596,2622391858211883463,Reece Spooner,United Kingdom,London,REGIONAL,,,5,10,2021,2025,4
3597,1483518447635873111,Super Drama,United Kingdom,London,REGIONAL,,,2,4,2021,2023,2
3598,7562883365591205438,Zaleel,United Kingdom,Manchester,REGIONAL,,,1,4,2021,2023,2
3599,7567915389492679794,LEZZER QUEST,United Kingdom,Scotland,REGIONAL,,,2,5,2021,2022,1
3600,8064535490538263796,BIIANCO,United Kingdom,London,REGIONAL,,,2,2,2023,2026,3
3601,3798475749829232699,Ruthlss,United Kingdom,London,REGIONAL,,,5,8,2023,2025,2
3602,9221110716370831219,Choronzon,United Kingdom,London,REGIONAL,,,1,1,2023,2023,0
3603,8675257379453963704,DJ Gaylord,United Kingdom,Brighton,REGIONAL,,,1,1,2023,2023,0
3604,1933793397948560654,GIN_,United Kingdom,London,REGIONAL,,,1,1,2023,2023,0
3605,5515739849845488410,NSFW,Netherlands,Amsterdam,REGIONAL,,,1,2,2023,2024,1
3606,8934581592737231761,Spinks,United Kingdom,Brighton,REGIONAL,,,1,2,2023,2024,1
3607,4018410793801767144,Talia A. Darling,United Kingdom,London,REGIONAL,,,2,2,2023,2025,2
3608,8677057003407169944,Alfie,United Kingdom,London,REGIONAL,,,1,1,2024,2024,0
3609,7462003283523750507,Aquamarine,United Kingdom,London,REGIONAL,,,4,6,2024,2026,2
3610,1281564854773044100,Wes Baggaley,United Kingdom,London,REGIONAL,,,6,8,2019,2026,7
3611,4745036201625821098,Bull Horris,Ireland,Dublin,REGIONAL,,,1,1,2024,2024,0
3612,8340417080494074302,Christian J,United Kingdom,London,REGIONAL,,,1,1,2024,2024,0
3613,6742309705669800261,DJ FUNGHOUL,United Kingdom,London,REGIONAL,,,1,1,2024,2024,0
3614,7728791782408903243,L Plates,United Kingdom,Brighton,REGIONAL,,,1,1,2024,2024,0
3615,2398935006290812799,passer (UK),United Kingdom,London,REGIONAL,,,1,1,2024,2024,0
3616,1977964992905243554,triximo,United Kingdom,London,REGIONAL,,,2,2,2024,2024,0
3617,5720305388063456942,HEZEN,France,Paris,REGIONAL,,,1,2,2025,2026,1
3618,5017969595822325087,Rhyzine,Ireland,Dublin,REGIONAL,,,1,1,2025,2025,0
3619,8359117932701647549,Sarah Sommers,Germany,Berlin,REGIONAL,,,1,1,2025,2025,0
3620,6492460439324293847,Culoe De Song,South Africa,Johannesburg,TOP1000,,,3,3,2015,2017,2
3621,1788649954365464901,Shaun Reeves,United States of America,Michigan,TOP1000,,,3,3,2014,2016,2
3622,4376467775237640392,Driss Skali,Canada,Montreal,REGIONAL,,,1,2,2016,2018,2
3623,9078981161861017044,Yasmean,Morocco,All,REGIONAL,,,1,1,2016,2016,0
3624,9186074531196491858,M.A.O.U.,Morocco,All,REGIONAL,,,1,1,2018,2018,0
3625,4968845668611360855,Behrouz,United States of America,Miami,REGIONAL,,,1,2,2021,2021,0
3626,6469360098812503723,Butterflies,,,,,,5,6,2017,2021,4
3627,9049459297494003648,Xinobi,Portugal,Lisbon,REGIONAL,,,2,3,2021,2025,4
3628,5850733741809004039,Zerø,Italy,Central,REGIONAL,,,2,2,2016,2019,3
3629,1053656753921459877,Inner Zone,United Kingdom,London,REGIONAL,,,5,10,2021,2026,5
3630,2769959137240010559,Fio Fa,,,REGIONAL,,,3,4,2022,2023,1
3631,4353296071286978349,Bobby.,United Kingdom,London,REGIONAL,,,6,17,2019,2026,7
3632,404365387656525549,Kessler,United Kingdom,Northern Ireland,REGIONAL,,,4,13,2019,2025,6
3633,2762868717037843673,Krust,United Kingdom,West + Wales,REGIONAL,,,3,4,2019,2025,6
3634,1947507372078091390,Phoebe Valentine,United Kingdom,London,REGIONAL,,,4,6,2021,2023,2
3635,800002198615997740,T Dunn,United Kingdom,London,REGIONAL,,,7,8,2022,2023,1
3636,2502047384793148370,Moktar,Australia,Melbourne,REGIONAL,,,4,5,2023,2025,2
3637,3277320631253351933,Dr Dubplate,United Kingdom,London,REGIONAL,,,5,6,2025,2026,1
3638,3140146752942714406,DeWalta,Germany,Berlin,TOP1000,,,4,5,2015,2022,7
3639,3229067292306668182,Nightmares on Wax,United Kingdom,North,REGIONAL,,,12,18,2016,2026,10
3640,8255511529853128691,Rui Vargas,Portugal,Lisbon,REGIONAL,,,4,10,2018,2026,8
3641,438306216154364718,Solee,Germany,Stuttgart,REGIONAL,,,2,2,2014,2019,5
3642,1306390893659791110,Vanita,Switzerland,All,REGIONAL,,,1,1,2019,2019,0
3643,5655707324758131737,Genii,Netherlands,Amsterdam,REGIONAL,,,1,3,2022,2025,3
3644,80955330932599991,Arabella Memdouh,Netherlands,Amsterdam,REGIONAL,,,2,3,2023,2026,3
3645,1869030924444134399,Fleur du Bonheur,Netherlands,All,REGIONAL,,,1,1,2023,2023,0
3646,3883225320873262850,YDESIRE,Netherlands,Amsterdam,REGIONAL,,,1,1,2023,2023,0
3647,2150476286238850970,Lysah,Netherlands,All,REGIONAL,,,3,3,2024,2026,2
3648,3719964458455610513,RDS,Netherlands,Amsterdam,REGIONAL,,,2,2,2022,2025,3
3649,5008480151142738480,Retromigration,Germany,Heidelberg,REGIONAL,,,6,8,2023,2026,3
3650,7438545944259773889,Moxes,Netherlands,All,REGIONAL,,,5,9,2024,2026,2
3651,1658626103264531208,Pépé Bradock,France,Paris,REGIONAL,,,2,2,2010,2015,5
3652,4015397431172784914,Will Saul,United Kingdom,London,REGIONAL,,,3,4,2013,2016,3
3653,3880937997761183682,DARIUS,United States of America,Los Angeles,REGIONAL,,,1,1,2016,2016,0
3654,7865232669670343297,AWWZ,Spain,Barcelona,REGIONAL,,,1,2,2016,2019,3
3655,5919481825877991256,Lanoire,Spain,Barcelona,REGIONAL,,,1,1,2017,2017,0
3656,1809151863048993472,Louisahhh,United States of America,Los Angeles,TOP1000,,,2,4,2013,2024,11
3657,2447247785919793777,Etienne De Crecy,France,Paris,REGIONAL,,,2,2,2012,2017,5
3658,7193200742610115415,Eli,,,,,,2,4,2017,2022,5
3659,4529141070904969401,Mine Mía,Cuba,All,REGIONAL,,,1,1,2018,2018,0
3660,6521623269787950609,Fabio Florido,Italy,Central,REGIONAL,,,4,5,2015,2018,3
3661,581968651615251567,C.H.I.C.H.I.,France,West,REGIONAL,,,1,1,2018,2018,0
3662,2469925550490935884,Zonzo,Italy,South,REGIONAL,,,2,4,2018,2021,3
3663,5268564587424522409,Lyonel,Spain,Barcelona,REGIONAL,,,1,1,2018,2018,0
3664,2992666802913935977,Tini Gessler,Germany,Nürnberg,TOP1000,,,2,4,2018,2025,7
3665,8558387263205314140,Loco Dice,Tunisia,All,TOP1000,,,7,21,2007,2025,18
3666,1931288628098016693,Nolah,Spain,Barcelona,REGIONAL,,,1,2,2018,2019,1
3667,3859099115063482258,Terr,Brazil,All,TOP1000,,,6,10,2018,2023,5
3668,2507647407098294414,Tronus,Spain,Barcelona,REGIONAL,,,1,1,2019,2019,0
3669,6937592371560191921,Nuria Ghia,Spain,Barcelona,REGIONAL,,,1,1,2019,2019,0
3670,3326543544677345998,Golden Medusa,Germany,Berlin,REGIONAL,,,1,1,2019,2019,0
3671,633840963070497619,Fatboy Slim,United Kingdom,South + East,TOP1000,,,4,10,2016,2025,9
3672,5838121960404608764,Carlo Simula,Italy,Central,REGIONAL,,,1,1,2019,2019,0
3673,9166663278615982200,Deborah De Luca,Italy,South,TOP1000,,,2,7,2019,2026,7
3674,7420362578411454636,Phillip Jondo,Germany,North Rhine-Westphalia,REGIONAL,,,7,13,2018,2024,6
3675,6835543755758165378,Jorge Gamarra,Uruguay,All,REGIONAL,,,1,1,2019,2019,0
3676,4395627689766443983,LVCHA,Colombia,Cali,REGIONAL,,,2,2,2019,2019,0
3677,3319907087201486139,Phosky,Spain,Barcelona,REGIONAL,,,2,5,2019,2023,4
3678,203521711937787315,Baba Sy,Spain,Barcelona,REGIONAL,,,1,1,2020,2020,0
3679,5823370373270745359,B4mba,Spain,Barcelona,REGIONAL,,,1,1,2020,2020,0
3680,5314804935425341492,Avar Garden,Spain,South,REGIONAL,,,1,1,2022,2022,0
3681,6301525445209844799,Nicole Moudaber,United Kingdom,London,TOP1000,,,5,10,2012,2026,14
3682,6281134943066326217,Claudia Tejeda,Spain,South,REGIONAL,,,1,1,2022,2022,0
3683,1217839846413917123,CLARAA,France,Lyon,REGIONAL,,,1,2,2022,2022,0
3684,6248529761857353990,Arnau Obiols,Spain,Barcelona,REGIONAL,,,3,7,2018,2024,6
3685,8708487867300812021,Rosana Nun,Spain,Ibiza,REGIONAL,,,1,1,2022,2022,0
3686,6341814184799456490,Hernan Cattaneo,Argentina,All,TOP1000,,,1,8,2022,2025,3
3687,7609053889177448779,Fatima Hajji,Spain,Madrid,TOP1000,,,2,13,2011,2026,15
3688,6826451029567885924,Brieela,Venezuela,All,REGIONAL,,,2,7,2022,2026,4
3689,144446418615499567,Jazz K,France,Paris,REGIONAL,,,1,1,2023,2023,0
3690,4865611986968977935,Hardt Antoine,United Kingdom,London,REGIONAL,,,2,8,2023,2026,3
3691,7310305814961774260,Satori,Netherlands,All,TOP1000,,,6,17,2015,2023,8
3692,957194789250667478,Damiano von Erckert,Germany,Cologne,REGIONAL,,,9,14,2014,2023,9
3693,9155007944220365098,LICA,Portugal,All,REGIONAL,,,1,1,2023,2023,0
3694,5708367469257187638,Idris Elba,United Kingdom,London,REGIONAL,,,1,1,2023,2023,0
3695,4169905525843481067,Hugo Rolan,Spain,North,REGIONAL,,,1,1,2023,2023,0
3696,7133942821566217485,Anna Tur,Spain,Ibiza,TOP1000,,,2,3,2023,2026,3
3697,8738989025906471257,Raúl Pacheco,Spain,Barcelona,REGIONAL,,,1,1,2023,2023,0
3698,3297251435875874865,Piem,Spain,Barcelona,REGIONAL,,,1,1,2023,2023,0
3699,7394787825214879895,BIIA,Portugal,All,REGIONAL,,,3,3,2024,2026,2
3700,8687248367368887630,Bassel Darwish,Spain,Barcelona,REGIONAL,,,1,1,2024,2024,0
3701,1083225675313395413,Hayden James,Australia,Sydney,REGIONAL,,,1,1,2024,2024,0
3702,5782077062816211942,John Digweed,,,,,,1,1,2024,2024,0
3703,3812867678839085232,Yozy,Uruguay,All,REGIONAL,,,1,1,2024,2024,0
3704,4917502442966605417,Pablo Fierro,Spain,South,REGIONAL,,,1,1,2024,2024,0
3705,8583484752469938575,Cucut,Spain,Barcelona,REGIONAL,,,1,1,2024,2024,0
3706,4775451060112083735,Isa Enes,Portugal,Lisbon,REGIONAL,,,1,1,2024,2024,0
3707,799541607912945191,Franky Wah,United Kingdom,North,REGIONAL,,,2,2,2024,2026,2
3708,753287006844005368,AADJA,Canada,Toronto,REGIONAL,,,1,1,2024,2024,0
3709,4139085350841747642,Aleroj,Colombia,Bogotá,REGIONAL,,,1,1,2024,2024,0
3710,141589235531944802,Chustek,Argentina,All,REGIONAL,,,1,1,2024,2024,0
3711,1625235454915425162,Jonathan Kaspar,Germany,Cologne,REGIONAL,,,2,2,2021,2024,3
3712,2694158890041722901,ALISA FILATOVA,Ukraine,All,REGIONAL,,,1,4,2025,2026,1
3713,5387456435235000891,Lola Kay,Germany,Berlin,REGIONAL,,,2,4,2022,2025,3
3714,4971681425484024406,Jungle (UK),United Kingdom,London,REGIONAL,,,5,6,2023,2025,2
3715,4770848424346960530,Deep Dish,United States of America,Washington DC,REGIONAL,,,1,1,2025,2025,0
3716,1316639791790987147,Naommi,Brazil,All,REGIONAL,,,1,1,2025,2025,0
3717,1848587077072904321,John Monkman,United Kingdom,London,REGIONAL,,,1,1,2025,2025,0
3718,4017698799458923703,REXER,Spain,Barcelona,REGIONAL,,,2,2,2025,2026,1
3719,8899711253240965793,Eric Prydz,Sweden,All,REGIONAL,,,1,1,2026,2026,0
3720,7897997899511854243,Lupe Republic,Argentina,Buenos Aires,REGIONAL,,,1,1,2026,2026,0
3721,1277945572275075639,servei,Spain,Barcelona,REGIONAL,,,1,8,2023,2025,2
3722,1010539358055939484,Drea,Switzerland,All,REGIONAL,,,1,1,2025,2025,0
3723,6296257627699609401,PSL,Germany,Berlin,REGIONAL,,,1,1,2025,2025,0
3724,134453652428199627,Akazie,Spain,North,REGIONAL,,,1,1,2025,2025,0
3725,6746657841977333768,Marianella,Spain,Barcelona,REGIONAL,,,2,2,2025,2025,0
3726,8099879356302094100,JayVi,Spain,Madrid,REGIONAL,,,1,1,2025,2025,0
3727,2610694585608579205,Bekkler,Germany,Berlin,REGIONAL,,,1,1,2025,2025,0
3728,2580486680345618779,Warrior Queen,Jamaica,All,REGIONAL,,,2,2,2026,2026,0
3729,5026250712404870505,Rocco.fx,Argentina,All,REGIONAL,,,1,1,2026,2026,0
3730,8969624342916209347,Mike Slott,United States of America,New York City,REGIONAL,,,2,2,2007,2012,5
3731,615456564014548163,Aardvarck,Netherlands,Amsterdam,REGIONAL,,,1,6,2007,2015,8
3732,8654190639664435625,Dimi Angelis,Netherlands,Amsterdam,REGIONAL,,,1,4,2008,2026,18
3733,7405361304081634258,Lupe,Netherlands,Amsterdam,REGIONAL,,,1,1,2008,2008,0
3734,5029784062885176496,Dennis Ruyer,Netherlands,Amsterdam,REGIONAL,,,1,1,2009,2009,0
3735,5859693744632033016,Brent Roozendaal,Netherlands,Amsterdam,REGIONAL,,,3,21,2008,2017,9
3736,8111128878806790404,Erin,Netherlands,Amsterdam,REGIONAL,,,1,1,2009,2009,0
3737,8002331110862440300,Awanto 3,Netherlands,Amsterdam,REGIONAL,,,5,16,2010,2018,8
3738,5300849415003471689,HouseOfHouse,United Kingdom,Scotland,REGIONAL,,,1,1,2010,2010,0
3739,7867238605486688035,Jayson Miro,Saint Martin,All,REGIONAL,,,1,1,2010,2010,0
3740,7350306863088628281,James T. Cotton,United States of America,Detroit,REGIONAL,,,1,1,2010,2010,0
3741,176062541852231943,Berend Kirch,Netherlands,Amsterdam,REGIONAL,,,1,1,2011,2011,0
3742,3972413861494365419,Presk,Netherlands,Utrecht,REGIONAL,,,3,3,2011,2015,4
3743,2128412988583751614,Jaime Frias,Netherlands,Amsterdam,REGIONAL,,,2,3,2011,2017,6
3744,204635747535735262,Alex Under,Spain,Madrid,REGIONAL,,,2,4,2008,2012,4
3745,5952668472211040773,Mikey Nice,Netherlands,Amsterdam,REGIONAL,,,1,1,2012,2012,0
3746,3694792844739234140,Samuli Kemppi,Finland,All,REGIONAL,,,1,1,2012,2012,0
3747,5867371150655174433,Magic Mountain High,,,REGIONAL,,,2,12,2012,2019,7
3748,8591362820335159602,Kobosil,Germany,Berlin,TOP1000,,,13,32,2014,2026,12
3749,2129581951319705224,Inga Copeland,United Kingdom,London,REGIONAL,,,1,1,2014,2014,0
3750,8072966597973609375,Nerone,Spain,Barcelona,REGIONAL,,,1,2,2015,2015,0
3751,6147225409284378766,AKIRAM EN,Japan,Tokyo,REGIONAL,,,2,2,2016,2025,9
3752,8919960422113431841,DJ Healthy,Japan,Tokyo,REGIONAL,,,2,2,2016,2025,9
3753,5030633491751081220,BMG,United States of America,Detroit,REGIONAL,,,1,1,2016,2016,0
3754,6207106574251236013,Aux 88,United States of America,Detroit,REGIONAL,,,3,4,2014,2019,5
3755,3544956147075826270,DJ Kensei,Japan,Tokyo,REGIONAL,,,1,1,2016,2016,0
3756,3753328252564625923,Max Essa,Japan,Tokyo,REGIONAL,,,1,1,2016,2016,0
3757,8450772817313353754,Das Ding,Netherlands,Rotterdam,REGIONAL,,,1,1,2017,2017,0
3758,7442067045107017639,DāM FunK,United States of America,Los Angeles,TOP1000,,,2,4,2017,2019,2
3759,1031730601816305196,Aïsha Devi,,,TOP1000,,,5,5,2013,2025,12
3760,5400625731232012897,Charlotte Bendiks,Norway,All,TOP1000,,,3,4,2018,2023,5
3761,5971678669159983565,Detroit In Effect,United States of America,Detroit,REGIONAL,,,4,11,2018,2026,8
3762,8095348562273146423,Khidja,Romania,All,TOP1000,,,4,5,2017,2022,5
3763,9151623495821129656,Mariel Ito,United States of America,Miami,REGIONAL,,,3,3,2018,2019,1
3764,1238518198433495978,Afrodeutsche,United Kingdom,Manchester,TOP1000,,,9,13,2019,2021,2
3765,4358557217469909132,Alessandro Adriani,Italy,Rome,REGIONAL,,,3,3,2018,2019,1
3766,3356276628103191706,Black Merlin,United Kingdom,London,REGIONAL,,,1,1,2019,2019,0
3767,842701904206519495,Nitzer Ebb,United Kingdom,South + East,REGIONAL,,,2,2,2019,2019,0
3768,7411444817773560698,Olivia,Poland,All,TOP1000,,,1,3,2019,2024,5
3769,5286544108282120073,Shinichi Atobe,Japan,Tokyo,REGIONAL,,,1,1,2019,2019,0
3770,1026640747574992287,The Exaltics,Germany,Jena,REGIONAL,,,3,5,2018,2022,4
3771,7443382447798938539,Ugandan Methods,Germany,Berlin,REGIONAL,,,1,1,2019,2019,0
3772,331030751251034013,DJ Leoni,Netherlands,Amsterdam,REGIONAL,,,3,6,2020,2023,3
3773,1838902149701134760,Sofay,United Kingdom,Scotland,REGIONAL,,,3,5,2019,2022,3
3774,697896601914662818,Tom Noble,United States of America,New York City,REGIONAL,,,2,3,2020,2021,1
3775,778589767915646605,Victor Kiswell,France,Paris,REGIONAL,,,1,1,2020,2020,0
3776,6371742485218245507,Aquarian,Canada,Toronto,REGIONAL,,,1,3,2020,2022,2
3777,542106540998871566,Trepanado,Brazil,Sao Paulo,REGIONAL,,,1,1,2020,2020,0
3778,6710499284350851145,Elena Sizova,Belarus,All,TOP1000,,,1,2,2020,2021,1
3779,6954898941309704877,Front 242,Belgium,Brussels,REGIONAL,,,1,1,2020,2020,0
3780,4029870734046258701,Lee Gamble,United Kingdom,London,TOP1000,,,5,9,2015,2024,9
3781,4119112854022141962,RHR,Brazil,All,REGIONAL,,,10,16,2018,2026,8
3782,7237961087924837614,Moor Mother,United States of America,Pennsylvania,REGIONAL,,,2,2,2018,2020,2
3783,8801389551435038246,DJ Corridor,Netherlands,Amsterdam,REGIONAL,,,2,2,2021,2021,0
3784,69077769373885145,Wardy,United Kingdom,Scotland,REGIONAL,,,1,1,2022,2022,0
3785,3994035686661965903,Mosaic Man,Netherlands,Amsterdam,REGIONAL,,,2,2,2022,2022,0
3786,3916091529194246829,Deez,Mongolia,All,REGIONAL,,,6,8,2022,2024,2
3787,3528210517332440378,Salomé (CA),Canada,Montreal,REGIONAL,,,1,1,2023,2023,0
3788,7304664639224501977,Higher Intelligence Agency,United Kingdom,Midlands,REGIONAL,,,4,5,2023,2025,2
3789,189397676269859849,Poly Chain,Ukraine,Kyiv,REGIONAL,,,3,4,2023,2024,1
3790,424685542031119411,Charlie Bones,United Kingdom,London,REGIONAL,,,6,11,2015,2026,11
3791,1921926673025706481,Akanbi,United States of America,New York City,REGIONAL,,,3,4,2023,2025,2
3792,4579578959018311409,LazerGazer,Syria,All,REGIONAL,,,3,4,2023,2025,2
3793,5820646004763971324,Mohajer,Sweden,All,REGIONAL,,,1,1,2023,2023,0
3794,931636478646903139,Simone de Kunovich,Italy,Venice,REGIONAL,,,4,30,2019,2026,7
3795,7136355267109106769,Sepehr,United States of America,San Francisco/Oakland,REGIONAL,,,3,8,2024,2026,2
3796,7024115573466409596,Moin,,,REGIONAL,,,3,3,2024,2025,1
3797,638904756494464407,Oklou,France,Paris,REGIONAL,,,3,5,2021,2024,3
3798,6208379949710455017,Swayzak,United Kingdom,London,REGIONAL,,,3,3,2010,2024,14
3799,1474388930592364692,Stev Zar,Australia,Melbourne,REGIONAL,,,1,1,2024,2024,0
3800,4095650399788773104,RDVSK,Germany,Mecklenburg-Vorpommern,REGIONAL,,,2,2,2024,2025,1
3801,8434337234393606417,Karina Schneider,Germany,Berlin,REGIONAL,,,2,2,2025,2026,1
3802,1189582939643612784,DJK,United Kingdom,South + East,REGIONAL,,,1,1,2025,2025,0
3803,8211687024741689728,Angelo Perna,Italy,South,REGIONAL,,,1,1,2025,2025,0
3804,8221114685717006073,Courtney Bailey,Japan,Tokyo,REGIONAL,,,2,3,2025,2026,1
3805,1666849412315192039,Dino Sabatini,Germany,Berlin,REGIONAL,,,2,2,2018,2026,8
3806,8918599797474751262,Francois K,United States of America,New York City,TOP1000,,,5,8,2008,2026,18
3807,5035704643206276166,x3butterfly,United States of America,New York City,REGIONAL,,,3,3,2025,2026,1
3808,5579126096940129767,Zarina,United States of America,Atlanta,REGIONAL,,,1,1,2026,2026,0
3809,769580123721497322,Niebla,Colombia,Bogotá,REGIONAL,,,1,1,2026,2026,0
3810,5447398214422881049,Kasra V,,,REGIONAL,,,4,7,2018,2025,7
3811,2204271123079567782,Garnett,Netherlands,Amsterdam,REGIONAL,,,3,3,2023,2023,0
3812,6651582576381489773,GAYANCE,Canada,Montreal,REGIONAL,,,5,8,2023,2025,2
3813,6517793407298829491,DITA (ID),Indonesia,Bali,REGIONAL,,,2,2,2025,2025,0
3814,6833478179184192240,Moodprint,Belgium,All,REGIONAL,,,1,1,2018,2018,0
3815,1311500998963902249,KUKII,,,REGIONAL,,,2,2,2019,2026,7
3816,1164998573197799006,Alex Sourbis,Belgium,Brussels,REGIONAL,,,1,3,2022,2025,3
3817,651082350247017695,HMT Hard Cru,United Kingdom,London,REGIONAL,,,2,2,2022,2022,0
3818,8221118580580711355,Sagat,Belgium,Brussels,REGIONAL,,,2,3,2022,2025,3
3819,5104144004638298430,DJ ATHOME,Italy,Sicily,REGIONAL,,,1,4,2022,2025,3
3820,6751404739185894767,Eternal Love,Italy,Milan,REGIONAL,,,5,15,2022,2026,4
3821,3626639704524643932,Peachlyfe,Denmark,Copenhagen,REGIONAL,,,3,3,2023,2024,1
3822,1503682550557126407,Jam City,United Kingdom,London,REGIONAL,,,1,1,2023,2023,0
3823,1691966937682113856,Liyo,Belgium,All,REGIONAL,,,1,1,2023,2023,0
3824,1547079764083188881,Lisa More,France,Paris,REGIONAL,,,4,4,2023,2026,3
3825,4052050607660481623,iced lattina,Portugal,Lisbon,REGIONAL,,,1,3,2023,2024,1
3826,8280462584831467220,Kendal,France,South West,REGIONAL,,,5,6,2023,2026,3
3827,1310573210878702917,Snad,United States of America,Pennsylvania,REGIONAL,,,2,2,2024,2025,1
3828,387069092816634176,Pjay,United States of America,New York City,REGIONAL,,,1,1,2025,2025,0
3829,2006750675610880266,Jan Maria G,Belgium,Brussels,REGIONAL,,,1,1,2025,2025,0
3830,3174824944491349799,C.K,Denmark,All,REGIONAL,,,3,3,2025,2026,1
3831,5906550880567326759,Jasmin (UK),United Kingdom,London,REGIONAL,,,2,2,2025,2026,1
3832,703085790515369721,Patrick Holland,Canada,Montreal,TOP1000,,,1,1,2026,2026,0
3833,5115545550919229615,Low End Activist,United Kingdom,West + Wales,REGIONAL,,,3,3,2022,2026,4
3834,7253165535384169341,Stacey Hotwaxx Hale,United States of America,Detroit,REGIONAL,,,1,1,2026,2026,0
3835,1640083900871453493,Francis99,Belgium,Brussels,REGIONAL,,,1,1,2026,2026,0
3836,659282746251220232,v midi,Belgium,All,REGIONAL,,,1,1,2026,2026,0
3837,6492720245421585361,Giulia Gutterer,Italy,North,REGIONAL,,,1,1,2026,2026,0
3838,7207073561610341830,Rayko,Spain,Madrid,REGIONAL,,,1,2,2016,2016,0
3839,4577658691712546675,Harvey Sutherland,Australia,Melbourne,TOP1000,,,7,8,2016,2023,7
3840,4448657270474975547,Luke Solomon,United Kingdom,London,REGIONAL,,,6,12,2016,2023,7
3841,4489275199619647151,Dele Sosimi,United Kingdom,London,REGIONAL,,,4,5,2018,2025,7
3842,4900253149027541466,404 eros,United Kingdom,London,REGIONAL,,,4,11,2021,2025,4
3843,5122709113216346579,Groove Chronicles,United Kingdom,London,REGIONAL,,,1,2,2022,2022,0
3844,4721023197322748123,LMajor,United Kingdom,London,REGIONAL,,,2,3,2022,2026,4
3845,4909556068468950345,Nowt,United Kingdom,London,REGIONAL,,,1,1,2022,2022,0
3846,7037966244295402506,Hollick,United Kingdom,London,REGIONAL,,,1,1,2023,2023,0
3847,3776250472731767336,Sarahtonin,United Kingdom,London,REGIONAL,,,6,9,2024,2026,2
3848,5419357130198491656,Cheb Mimo,United Kingdom,London,REGIONAL,,,1,1,2024,2024,0
3849,2326952409888369167,Facta,,,,,,8,14,2019,2026,7
3850,1029278940304468948,Chester Hayes,United Kingdom,London,REGIONAL,,,1,1,2025,2025,0
3851,1826190650164740175,MARINI,United Kingdom,London,REGIONAL,,,2,2,2024,2025,1
3852,3497751962029094116,Oscar Farrell,United Kingdom,London,REGIONAL,,,2,3,2025,2026,1
3853,5707538562282779948,Midnight Runner,United Kingdom,London,REGIONAL,,,3,4,2023,2025,2
3854,1310102104397387108,Karl Karlson,United Kingdom,London,REGIONAL,,,4,9,2018,2025,7
3855,8137606203152725283,SAVSSOUNDS,United Kingdom,London,REGIONAL,,,1,1,2025,2025,0
3856,6869553290852795670,source:link,France,Paris,REGIONAL,,,1,1,2025,2025,0
3857,299066036347229611,Nyksan,Colombia,Bogotá,REGIONAL,,,2,2,2024,2025,1
3858,8932183231178556873,Serenda,United Kingdom,London,REGIONAL,,,2,2,2025,2026,1
3859,2341416416418405935,Zeds Dead,Canada,Toronto,REGIONAL,,,1,2,2010,2011,1
3860,1477843035372885126,Dan Jordan,United Kingdom,West + Wales,REGIONAL,,,1,12,2010,2025,15
3861,3180459802354567070,Angie Walter,United Kingdom,South + East,REGIONAL,,,1,1,2011,2011,0
3862,4235481712693417519,Iain Taylor,United Kingdom,North,REGIONAL,,,1,1,2011,2011,0
3863,1540324797221571167,Pelski,United Kingdom,London,REGIONAL,,,2,3,2011,2018,7
3864,7052919627107419453,Monkey Safari,Germany,Rhineland-Palatinate,TOP1000,,,3,4,2011,2025,14
3865,312355112387790512,Cosmonauts,United Kingdom,London,REGIONAL,,,1,1,2011,2011,0
3866,4302149194328819517,Tom Frank,United Kingdom,North,REGIONAL,,,1,2,2011,2012,1
3867,6858488737296214533,Zoo Look,United Kingdom,London,REGIONAL,,,1,3,2011,2015,4
3868,8304178803011073831,Picture House,United Kingdom,London,REGIONAL,,,1,2,2011,2012,1
3869,8751480131475446047,Wildkats,United Kingdom,London,REGIONAL,,,1,2,2012,2012,0
3870,5855920718521529374,Groj,Canada,Montreal,REGIONAL,,,2,2,2012,2013,1
3871,6793574851974639263,Butler,,,,,,1,2,2012,2013,1
3872,7024680981070718077,Rob Amboule,United Kingdom,London,REGIONAL,,,1,8,2013,2025,12
3873,4618815153619131073,Leitmotif,United Kingdom,London,REGIONAL,,,1,1,2013,2013,0
3874,5377370420340810173,Inja,United Kingdom,London,REGIONAL,,,3,3,2014,2021,7
3875,4166390516792366815,Gang Colours,United Kingdom,London,REGIONAL,,,1,1,2014,2014,0
3876,2761325947428362136,Krywald,,,,,,1,1,2014,2014,0
3877,2641686749757435991,Sisterhood,United Kingdom,London,REGIONAL,,,1,2,2014,2015,1
3878,4905192074556064442,Mr Paul,United Kingdom,North,REGIONAL,,,2,3,2014,2017,3
3879,9016507307219534474,An.Art,France,Paris,REGIONAL,,,1,1,2015,2015,0
3880,2873677856373476664,Good Block,United Kingdom,London,REGIONAL,,,1,1,2015,2015,0
3881,482973358477761940,Detboi,Ireland,All,REGIONAL,,,1,1,2016,2016,0
3882,5905020890998583486,Drymbago,United Kingdom,West + Wales,REGIONAL,,,2,2,2016,2023,7
3883,2100980913064005365,HKE,United Kingdom,London,REGIONAL,,,1,1,2016,2016,0
3884,2478036510488145638,Max Graef,Germany,Brandenburg,REGIONAL,,,3,3,2015,2017,2
3885,2665836068297711030,Swift,,,,,,3,13,2016,2019,3
3886,1833923216956293638,Anchorsong,Japan,Tokyo,REGIONAL,,,1,1,2017,2017,0
3887,7746463785877427099,Geddes,United Kingdom,London,REGIONAL,,,1,1,2018,2018,0
3888,2997741936682559783,Andrew Hill,United Kingdom,North,REGIONAL,,,4,10,2016,2023,7
3889,727679609136016040,A-Future,United Kingdom,Midlands,REGIONAL,,,2,4,2019,2022,3
3890,4173449281354733876,Vyvyan,United States of America,New York City,REGIONAL,,,1,1,2022,2022,0
3891,78644238790230389,Kevin Cutts,United Kingdom,South + East,REGIONAL,,,1,1,2022,2022,0
3892,6212368873954290066,Kirsti,United Kingdom,London,REGIONAL,,,4,4,2019,2022,3
3893,4655612739430583686,Nath,,,,,,1,4,2022,2025,3
3894,6879072534969039186,Lupini,United Kingdom,Liverpool,REGIONAL,,,6,8,2022,2026,4
3895,3262263662064604371,Mark Hume,United Kingdom,London,REGIONAL,,,1,3,2022,2025,3
3896,1498182749464037008,Arno,Germany,North Rhine-Westphalia,REGIONAL,,,1,1,2023,2023,0
3897,2588853871050157837,Kujo,Lebanon,Beirut,REGIONAL,,,1,1,2023,2023,0
3898,6738142244970713923,Lisa Oakes,United Kingdom,West + Wales,REGIONAL,,,1,2,2023,2025,2
3899,610769783148949227,nath (UK),United Kingdom,London,REGIONAL,,,1,2,2023,2024,1
3900,561853573475473266,tIJN,United Kingdom,North,REGIONAL,,,1,3,2023,2025,2
3901,7812699284892961268,A LOVE FROM OUTER SPACE,United Kingdom,London,REGIONAL,,,2,4,2019,2025,6
3902,5954121409549946904,Louie Fresco,Uzbekistan,All,REGIONAL,,,1,1,2024,2024,0
3903,7325933141550075043,A.Morgan,United Kingdom,North,REGIONAL,,,1,1,2024,2024,0
3904,7049870427182123786,Fairhurst,United Kingdom,West + Wales,REGIONAL,,,2,3,2022,2025,3
3905,7177912656341423460,Zak,,,REGIONAL,,,1,1,2024,2024,0
3906,3309524992465008888,James Glover,United Kingdom,North,REGIONAL,,,1,2,2024,2025,1
3907,4542005079777692344,Lowree,United Kingdom,Glasgow,REGIONAL,,,1,1,2024,2024,0
3908,3320995277828936397,Chris Did,United Kingdom,London,REGIONAL,,,1,1,2025,2025,0
3909,5842731833758870089,Stu Todd,United Kingdom,Scotland,REGIONAL,,,1,1,2025,2025,0
3910,6497220109225327117,The Sleeper,Serbia,All,REGIONAL,,,1,1,2010,2010,0
3911,1481173967889675781,Commuter,France,Paris,REGIONAL,,,1,2,2010,2012,2
3912,5182006026247166673,Maxime Dangles,France,South East,REGIONAL,,,2,15,2009,2023,14
3913,4578159762495406043,Baadman,France,West,REGIONAL,,,1,1,2011,2011,0
3914,2467691903432214801,Para One,France,Paris,REGIONAL,,,2,3,2012,2022,10
3915,2211131074639998003,Thrasher,Netherlands,Rotterdam,REGIONAL,,,2,5,2012,2026,14
3916,5919338030717642803,Arnaud,France,Central,REGIONAL,,,2,7,2012,2016,4
3917,2610508983368408049,Superpoze,France,Paris,REGIONAL,,,1,3,2012,2026,14
3918,1539418208058826659,DJ Sneak,Canada,Toronto,TOP1000,,,1,1,2012,2012,0
3919,7719299540709979286,Coldgeist,France,West,REGIONAL,,,1,1,2013,2013,0
3920,1605990542051620617,Daïf,France,Paris,REGIONAL,,,1,2,2013,2024,11
3921,2235543670368621008,Spitzer,France,South East,REGIONAL,,,2,7,2008,2013,5
3922,1804955460396350437,Combe,France,West,REGIONAL,,,3,6,2014,2023,9
3923,7536385486945957546,Jankola,France,West,REGIONAL,,,1,1,2014,2014,0
3924,6623903391184929021,Aufgang,Germany,Berlin,REGIONAL,,,2,2,2009,2014,5
3925,9041121790271198117,SCNTST,Germany,Munich,REGIONAL,,,1,1,2014,2014,0
3926,4823351687299437602,Carlos Nilmmns,,,,,,1,1,2015,2015,0
3927,1573440124743179798,Voiceless,United Kingdom,North,REGIONAL,,,1,1,2015,2015,0
3928,4187704008112692320,AZF,France,Paris,REGIONAL,,,2,4,2016,2018,2
3929,6760548029306673857,Alex Smoke,United Kingdom,London,REGIONAL,,,2,2,2006,2016,10
3930,1974776359150318111,Manuel-M,France,Paris,REGIONAL,,,1,1,2016,2016,0
3931,1173660273487489425,JD Twitch,United Kingdom,Scotland,REGIONAL,,,3,3,2014,2022,8
3932,7382780261595401653,Jacque(s),,,,,,1,1,2017,2017,0
3933,7079783493859661590,Malke,Brazil,All,REGIONAL,,,2,2,2013,2018,5
3934,2123096575755038282,TRMA,France,Paris,REGIONAL,,,1,1,2018,2018,0
3935,4662984469286009546,Kiddy Smile,France,Paris,REGIONAL,,,4,6,2018,2022,4
3936,2141383765660268170,Abstrack,Hungary,All,REGIONAL,,,1,2,2019,2019,0
3937,840378893681278331,Lorenzo Lacchesi,,,,,,2,2,2022,2024,2
3938,2054032460040549538,After X,Ecuador,All,REGIONAL,,,1,1,2022,2022,0
3939,261790716865051264,mystery kid,France,West,REGIONAL,,,1,1,2023,2023,0
3940,6978792411203620462,Canblaster,France,North,REGIONAL,,,1,2,2024,2025,1
3941,1352375068857608600,Ika Sile,France,Paris,REGIONAL,,,1,1,2024,2024,0
3942,8150399148781671957,Discolowcost,France,West,REGIONAL,,,1,1,2024,2024,0
3943,3640700944012314747,Domenic,,,,,,3,6,2016,2025,9
3944,6156094699684138796,Dirtytalk,United Kingdom,West + Wales,REGIONAL,,,3,7,2015,2026,11
3945,712180200280401536,Alex From Tokyo,France,Paris,REGIONAL,,,1,1,2016,2016,0
3946,5309437858456639447,Fantastic Man,,,REGIONAL,,,6,17,2014,2026,12
3947,2237262958085422080,Jay L,United Kingdom,West + Wales,REGIONAL,,,1,1,2016,2016,0
3948,708555705848643249,Mount Liberation Unlimited,Sweden,All,REGIONAL,,,3,5,2016,2022,6
3949,6375559713317592959,Chris Farrell,United Kingdom,West + Wales,REGIONAL,,,5,9,2013,2024,11
3950,3689506202387011619,Orkun Bozdemir,Turkey,Istanbul,REGIONAL,,,1,1,2016,2016,0
3951,7263252205143200657,Ed Mazur,United States of America,San Francisco/Oakland,REGIONAL,,,1,1,2016,2016,0
3952,2243229035269359690,Samanta Fox,Germany,Berlin,REGIONAL,,,1,2,2017,2017,0
3953,3931000130542667356,Balearic Mike,United Kingdom,North,REGIONAL,,,1,5,2017,2019,2
3954,5655918335995147053,Simon Morell,United Kingdom,London,REGIONAL,,,1,2,2017,2018,1
3955,6757629427344272563,Cyranotaurus Cortex,,,REGIONAL,,,1,4,2018,2019,1
3956,8378411930204411518,Rupes,United Kingdom,London,REGIONAL,,,3,10,2014,2021,7
3957,1771362846095360166,Kenneth Bager,Denmark,All,REGIONAL,,,2,2,2012,2018,6
3958,5670778349353630246,Kofi Tarris,United Kingdom,West + Wales,REGIONAL,,,1,1,2018,2018,0
3959,5515492326488312389,Jackie House,United States of America,San Francisco/Oakland,REGIONAL,,,1,1,2018,2018,0
3960,7323723392849666430,Chris Duckenfield,United Kingdom,North,REGIONAL,,,2,2,2018,2019,1
3961,4691884856232006876,The Maghreban,United Kingdom,London,REGIONAL,,,1,2,2019,2019,0
3962,2998797380137781986,Golesworthy,United Kingdom,West + Wales,REGIONAL,,,3,6,2014,2019,5
3963,3429294897961621045,Oren Marzam,,,REGIONAL,,,1,1,2019,2019,0
3964,8979509883234083704,Sharif Laffrey,United States of America,Detroit,REGIONAL,,,1,1,2019,2019,0
3965,8153573450742328306,Andy Bainbridge,United Kingdom,London,REGIONAL,,,1,1,2022,2022,0
3966,6685090258338816509,Elvin T,United States of America,Pennsylvania,REGIONAL,,,1,1,2022,2022,0
3967,9139033622865306294,Piers Harrison,United Kingdom,London,REGIONAL,,,2,4,2022,2025,3
3968,4396126717503804847,DJ Absolutely Shit,United Kingdom,North,REGIONAL,,,1,2,2023,2026,3
3969,8728026176348180848,Justin Robertson,United Kingdom,London,REGIONAL,,,2,2,2019,2023,4
3970,4345129036873716236,ALF CHAMPION,Mexico,Monterrey,REGIONAL,,,1,1,2024,2024,0
3971,4762419642995599702,Grenco,Croatia,All,REGIONAL,,,2,4,2024,2026,2
3972,996297424942260711,JDH,United States of America,New York City,REGIONAL,,,1,2,2024,2025,1
3973,1662722157452716472,Marion Hawkes,United Kingdom,Northern Ireland,REGIONAL,,,2,9,2019,2025,6
3974,1918295906109289547,Fold,United Kingdom,London,REGIONAL,,,1,1,2026,2026,0
3975,9019353741302209120,Justin Strauss,United States of America,New York City,REGIONAL,,,1,1,2026,2026,0
3976,2927285629310071018,Powder (DE),Germany,Berlin,REGIONAL,,,2,2,2025,2026,1
3977,5830937457846251653,Elgato,United Kingdom,London,REGIONAL,,,2,9,2011,2016,5
3978,3630098095906670471,Chris Woodward,United Kingdom,London,REGIONAL,,,1,2,2013,2013,0
3979,7007208888647198425,Local Group,United Kingdom,London,REGIONAL,,,2,11,2014,2024,10
3980,1624044552113445944,Aidy West,United Kingdom,Midlands,REGIONAL,,,1,5,2014,2019,5
3981,2264490523740585265,Matt Pond,United Kingdom,South + East,REGIONAL,,,3,7,2014,2019,5
3982,2184498164733830351,Rick Nicholls,United Kingdom,North,REGIONAL,,,2,4,2012,2017,5
3983,2808098534358183328,Our Mutual Friend,United Kingdom,London,REGIONAL,,,2,2,2015,2017,2
3984,3148372200715218034,Doc Sleep,United States of America,Washington State,REGIONAL,,,1,1,2022,2022,0
3985,5468633971912069173,Abena,United Kingdom,Manchester,REGIONAL,,,1,1,2022,2022,0
3986,3386549491133076790,Ben hauke,United Kingdom,London,REGIONAL,,,1,1,2022,2022,0
3987,2079057019267595724,Josh Corbett,United Kingdom,London,REGIONAL,,,1,1,2023,2023,0
3988,613478169277615395,DJ PRIYA,United Kingdom,London,REGIONAL,,,1,1,2024,2024,0
3989,3159183278168346925,L Daze,United Kingdom,Midlands,REGIONAL,,,2,3,2024,2025,1
3990,2233300073324588614,Luca (4),United States of America,San Francisco/Oakland,REGIONAL,,,1,1,2024,2024,0
3991,4447339816788540355,Nay Nay (2),United Kingdom,Midlands,REGIONAL,,,1,1,2024,2024,0
3992,3912528254757561807,Lucient,Spain,Barcelona,REGIONAL,,,2,9,2018,2026,8
3993,7329343470649336663,DJ Rupture,United States of America,New York City,REGIONAL,,,1,1,2018,2018,0
3994,4324520227065271434,Vera Rubin,Spain,Barcelona,REGIONAL,,,1,1,2018,2018,0
3995,7694159325539974573,JMII,Spain,Barcelona,REGIONAL,,,2,3,2018,2020,2
3996,7078833368311830536,Josep Xortó,Spain,Barcelona,REGIONAL,,,1,2,2021,2021,0
3997,1674163161263457204,Omvra,Italy,Sicily,REGIONAL,,,1,1,2022,2022,0
3998,3260450276675275359,SURUU,Spain,Barcelona,REGIONAL,,,1,1,2023,2023,0
3999,7801297017342496114,Marta Mer,Spain,Barcelona,REGIONAL,,,1,1,2023,2023,0
4000,8407018694993291369,Colored Craig,United States of America,Los Angeles,REGIONAL,,,2,2,2025,2026,1
4001,270739777273173341,E-bony,,,REGIONAL,,,1,1,2025,2025,0
4002,3821051157433627724,Nueve Vidas (2),Colombia,All,REGIONAL,,,1,1,2026,2026,0
4003,7871530920144809843,Sofy Suars,Bolivia,All,REGIONAL,,,1,1,2026,2026,0
4004,7850075556758884708,Dennis Bovell,Barbados,All,REGIONAL,,,3,5,2019,2026,7
4005,5254040271180527689,Mr James,United Kingdom,London,REGIONAL,,,3,4,2022,2026,4
4006,7831275405783232093,Mytron,United Kingdom,London,REGIONAL,,,1,1,2026,2026,0
4007,469132854377841056,Mark Antoni,Netherlands,Eindhoven,REGIONAL,,,2,2,2013,2014,1
4008,8362316000723192989,Roy Habets,Netherlands,All,REGIONAL,,,1,1,2014,2014,0
4009,8251576871188136600,Daze Maxim,Germany,Düsseldorf,REGIONAL,,,1,1,2014,2014,0
4010,4718026375496399620,Audio Werner,Germany,Berlin,TOP1000,,,3,5,2015,2022,7
4011,7526384402071593219,Sandeep,Netherlands,Rotterdam,REGIONAL,,,2,3,2014,2015,1
4012,512671504800474417,Ruede Hagelstein,Germany,Berlin,TOP1000,,,2,2,2014,2015,1
4013,5654271878831671411,UlsT,Netherlands,All,REGIONAL,,,1,13,2015,2022,7
4014,4015463667819445736,Guillaume,,,,,,1,1,2015,2015,0
4015,7345831758135505803,Yetti Meißner,Germany,Berlin,REGIONAL,,,1,1,2016,2016,0
4016,2984599477726873507,Manamana,Germany,Leipzig,REGIONAL,,,3,5,2015,2022,7
4017,5668721829153454987,Pär Grindvik,Sweden,All,REGIONAL,,,2,2,2016,2017,1
4018,9038573004753652807,Pavo,Netherlands,Amsterdam,REGIONAL,,,1,2,2018,2019,1
4019,2333144006815001426,Analog Kitchen,Netherlands,Rotterdam,REGIONAL,,,1,1,2022,2022,0
4020,2971596082260600283,Deets,Netherlands,All,REGIONAL,,,2,3,2024,2025,1
4021,3780669246052220545,ONID,Netherlands,All,REGIONAL,,,1,2,2025,2026,1
4022,4715989090356861889,Noach,Netherlands,Amsterdam,REGIONAL,,,3,3,2023,2025,2
4023,7512734870447519687,Tom Moon,United Kingdom,London,REGIONAL,,,1,1,2023,2023,0
4024,2101176489915169719,Richard Davis,Germany,Berlin,REGIONAL,,,2,2,2006,2010,4
4025,1132924577434751082,John Lord Fonda,France,Paris,REGIONAL,,,1,1,2006,2006,0
4026,5289707684613239648,Reinhard Voigt,Germany,Cologne,REGIONAL,,,2,4,2006,2014,8
4027,2436417727432755880,DJ Love,United States of America,Houston,REGIONAL,,,1,1,2006,2006,0
4028,7452006702435671536,Beastie Boys,United States of America,New York City,REGIONAL,,,1,1,2007,2007,0
4029,5321291481434761991,Tiefschwarz,Germany,Berlin,REGIONAL,,,1,2,2007,2014,7
4030,4077784388016279513,Tobias Thomas,Germany,Cologne,REGIONAL,,,3,3,2007,2017,10
4031,4315793197390826292,John Thomas,France,Paris,REGIONAL,,,1,1,2008,2008,0
4032,1901405283286263510,Sasse,Germany,Berlin,REGIONAL,,,1,1,2009,2009,0
4033,4930664451021842852,Labaaz,Switzerland,All,REGIONAL,,,1,1,2009,2009,0
4034,6094997063688295701,Tortoise,United States of America,Chicago,REGIONAL,,,1,1,2011,2011,0
4035,1197239031832650381,Boogymann,France,East,REGIONAL,,,1,1,2011,2011,0
4036,8714356211382243489,DJ Shadow,United States of America,Los Angeles,REGIONAL,,,1,1,2011,2011,0
4037,6460170554004310204,PVT,United Kingdom,London,REGIONAL,,,1,1,2011,2011,0
4038,7343211528444960524,Fujiya,,,,,,1,1,2011,2011,0
4039,1195456510703671786,Carte Blanche,Switzerland,All,REGIONAL,,,1,4,2013,2013,0
4040,8066653038407378230,Black Strobe,France,Paris,REGIONAL,,,1,1,2013,2013,0
4041,5441296021951297330,Wavesonik,France,Lyon,REGIONAL,,,1,4,2013,2018,5
4042,5589874256109151550,Dolfeels,France,South East,REGIONAL,,,1,2,2013,2013,0
4043,927743678300382556,Ark,France,Paris,REGIONAL,,,1,1,2013,2013,0
4044,364324710708301577,Oneohtrix Point Never,United States of America,New York City,TOP1000,,,1,1,2014,2014,0
4045,2524894289359894664,Fulgeance,France,West,REGIONAL,,,1,1,2014,2014,0
4046,875369573078381197,Golden Teacher,United Kingdom,London,REGIONAL,,,1,1,2014,2014,0
4047,2698380400023702722,Jules,,,,,,1,2,2014,2014,0
4048,5324048649654856135,Pascal Hetzel,Germany,Berlin,REGIONAL,,,1,1,2014,2014,0
4049,4535892227550287369,Waxist,France,Paris,REGIONAL,,,1,2,2015,2015,0
4050,2777557549760696860,Genius of Time,Sweden,All,REGIONAL,,,2,2,2015,2018,3
4051,5994673358288056271,Chassol,France,Paris,REGIONAL,,,1,2,2015,2016,1
4052,6716768097836175785,Ogris Debris,Austria,All,REGIONAL,,,1,1,2016,2016,0
4053,6613186343107358931,Calling Marian,France,Paris,REGIONAL,,,1,1,2017,2017,0
4054,8846871210259039045,Mohammed Vicente,France,Lyon,REGIONAL,,,1,2,2018,2026,8
4055,6823466909135034565,J.A.K.A.M.,Japan,Tokyo,REGIONAL,,,1,1,2018,2018,0
4056,5080045247820232519,Hervé AK,France,Lyon,REGIONAL,,,1,1,2018,2018,0
4057,5292019230110704858,Mutant Beat Dance,United States of America,Chicago,REGIONAL,,,1,1,2019,2019,0
4058,8213043032142945093,Nika Son,Germany,Hamburg,REGIONAL,,,1,1,2019,2019,0
4059,1908578434911512756,Glenn Underground,United States of America,Chicago,REGIONAL,,,2,2,2019,2026,7
4060,2343091505479852349,Anja Sugar,France,Central,REGIONAL,,,1,1,2019,2019,0
4061,4869457308195389530,The Balek Band,France,West,REGIONAL,,,1,2,2020,2023,3
4062,7616677380062478100,Teto Preto,Brazil,All,REGIONAL,,,2,3,2017,2022,5
4063,1053674093312682917,Authentically Plastic,Uganda,All,REGIONAL,,,2,2,2020,2025,5
4064,4419571579707767578,Alex Autajon,,,,,,1,1,2021,2021,0
4065,835220677326457284,Warzou,France,Lyon,REGIONAL,,,1,1,2021,2021,0
4066,2084978520605027082,Hajj,France,Paris,REGIONAL,,,2,2,2019,2021,2
4067,3448019706044511676,GBoi,,,,,,2,2,2020,2021,1
4068,3722397874187782268,Malo Lacroix,France,Lyon,REGIONAL,,,2,2,2022,2022,0
4069,7464310676711024707,Amazondotcom,United States of America,Los Angeles,REGIONAL,,,1,1,2022,2022,0
4070,6188156276448820932,Guiss Guiss Bou Bess,Senegal,All,REGIONAL,,,1,1,2023,2023,0
4071,6264873229733246957,Mosi,Italy,Milan,REGIONAL,,,1,1,2023,2023,0
4072,4294559599612004034,Master c-fu,France,South East,REGIONAL,,,2,2,2024,2026,2
4073,1533994902921006326,Ale Hop,Peru,All,REGIONAL,,,1,1,2024,2024,0
4074,4219674970184192579,bambi (DE),Germany,Dresden,REGIONAL,,,2,2,2024,2024,0
4075,3666238476246203193,Baalti,,,REGIONAL,,,1,1,2026,2026,0
4076,5232126362541689609,Edna Martinez,Colombia,All,REGIONAL,,,1,1,2026,2026,0
4077,616703024451909616,Daniel Dutts,United States of America,New York City,REGIONAL,,,1,1,2026,2026,0
4078,1185322336338968355,Michael J. Blood,United Kingdom,Manchester,REGIONAL,,,2,2,2025,2026,1
4079,1539361308192043304,Neb Spook,United Kingdom,London,REGIONAL,,,2,3,2023,2026,3
4080,228633637905214602,Konx-om-Pax,United Kingdom,Scotland,REGIONAL,,,1,1,2018,2018,0
4081,7392853771344796863,Clark Cvk,Italy,South,REGIONAL,,,1,1,2018,2018,0
4082,186545984324145054,Midnight Conversation,Italy,South,REGIONAL,,,1,1,2019,2019,0
4083,7585492243238458626,Okee Ru,Italy,South,REGIONAL,,,1,3,2019,2026,7
4084,4713027955001739081,Turbojazz,Italy,North,REGIONAL,,,2,2,2023,2024,1
4085,1500003758348517144,RUIZ OSC1,Colombia,Bogotá,REGIONAL,,,1,1,2025,2025,0
4086,6735616000479841393,Kenia,Spain,Madrid,REGIONAL,,,2,2,2024,2026,2
4087,3590137730092746183,Carlo Martino,Italy,South,REGIONAL,,,1,1,2024,2024,0
4088,5127812968728518869,Domenico Rosa,Italy,South,REGIONAL,,,2,2,2023,2025,2
4089,3671581455655813107,Stereocalypse,Italy,North,REGIONAL,,,1,1,2025,2025,0
4090,4200878331803551569,Warren Xclnce,United Kingdom,London,REGIONAL,,,1,1,2013,2013,0
4091,4920827870810781632,Frank B,Ireland,All,REGIONAL,,,1,1,2013,2013,0
4092,447224214196569019,Glimpse,United Kingdom,London,REGIONAL,,,3,5,2007,2013,6
4093,7241626142218611101,Vessel,United Kingdom,Bristol,REGIONAL,,,1,1,2013,2013,0
4094,8961664605664434955,Anthony 'Shake' Shakir,United States of America,Detroit,TOP1000,,,1,1,2014,2014,0
4095,7716256686313594822,Miss Sunshine,Croatia,All,REGIONAL,,,1,3,2014,2016,2
4096,6284043173941940753,Jay Simon,United States of America,Washington DC,REGIONAL,,,1,1,2014,2014,0
4097,5903481730022447163,Brand New Wayo,United Kingdom,London,REGIONAL,,,1,1,2015,2015,0
4098,1608254155987601820,FIT Siegel,United States of America,Detroit,REGIONAL,,,1,1,2016,2016,0
4099,7171390136034804230,IG Culture,United Kingdom,London,REGIONAL,,,2,4,2016,2022,6
4100,8995328603472484171,Shane Linehan,Ireland,All,REGIONAL,,,1,1,2016,2016,0
4101,6743416667219245739,Ata Kak,Ghana,All,REGIONAL,,,2,2,2016,2017,1
4102,6681869897595615552,Parris Mitchell,United States of America,Chicago,REGIONAL,,,1,1,2017,2017,0
4103,3970356547028811631,Steve Spacek,United Kingdom,London,REGIONAL,,,2,3,2018,2020,2
4104,5945996439579447173,WLC (BE),Belgium,Ghent,REGIONAL,,,1,2,2018,2019,1
4105,8013431071931315686,Lebawski,Belgium,All,REGIONAL,,,1,2,2018,2018,0
4106,6278135386329978022,CPSmith,United Kingdom,North,REGIONAL,,,1,1,2018,2018,0
4107,6145876665629715099,Funk Bast*rd,Singapore,All,REGIONAL,,,1,1,2018,2018,0
4108,5514207192880463510,Marco Weibel,,,REGIONAL,,,1,1,2018,2018,0
4109,7959716209864949542,Teslasonic,Italy,Central,REGIONAL,,,1,1,2018,2018,0
4110,229565378135381519,Yuri,Japan,Kansai,REGIONAL,,,2,2,2019,2023,4
4111,2014810127345062106,Borys,Ukraine,All,REGIONAL,,,1,2,2023,2023,0
4112,3720873740295027402,Loren,United States of America,Detroit,REGIONAL,,,3,5,2021,2026,5
4113,635295456877242587,Travis or Alice,Ukraine,Kyiv,REGIONAL,,,1,1,2023,2023,0
4114,1857946510140407361,Picasso,United Kingdom,London,REGIONAL,,,3,3,2024,2026,2
4115,9145462189038860015,Keen,United States of America,Pennsylvania,REGIONAL,,,1,2,2024,2026,2
4116,1704319713982666339,Professor Roth,United Kingdom,South + East,REGIONAL,,,2,3,2024,2026,2
4117,1520029431888316859,Carl Finlow,France,Paris,REGIONAL,,,3,3,2023,2025,2
4118,3600195266705056027,Colin Dale,United Kingdom,London,REGIONAL,,,2,2,2024,2025,1
4119,581088491122999309,Timur Basha,Ukraine,All,REGIONAL,,,1,1,2025,2025,0
4120,1352200422381783971,Tommy Pickles,United Kingdom,London,REGIONAL,,,1,1,2025,2025,0
4121,7605203187757842592,Wendy Bkz,France,Paris,REGIONAL,,,2,2,2024,2025,1
4122,4265456747016266368,Phil Warner,United Kingdom,North,REGIONAL,,,1,2,2025,2025,0
4123,4080124207274430405,Unjack*,,,REGIONAL,,,1,1,2025,2025,0
4124,3693701129556836938,Dav,Croatia,All,REGIONAL,,,2,2,2025,2026,1
4125,5432823939329447047,harrison guyett,United Kingdom,London,REGIONAL,,,2,3,2025,2026,1
4126,3537053638134778600,Loren Heer,United Kingdom,London,REGIONAL,,,1,1,2026,2026,0
4127,1421779933115285983,Tania Atyabi,United Kingdom,North,REGIONAL,,,1,1,2026,2026,0
4128,3869330949302161428,DiV4,Poland,All,REGIONAL,,,1,1,2026,2026,0
4129,2156184418846559319,Cess,Germany,Hamburg,REGIONAL,,,1,1,2010,2010,0
4130,2073264887415052320,Marcel Janovsky,Germany,Cologne,REGIONAL,,,2,10,2007,2019,12
4131,4916484562893429854,Daniel Wilde,Germany,Berlin,REGIONAL,,,1,1,2011,2011,0
4132,9064379645934141792,Mick Benjamins,Netherlands,All,REGIONAL,,,1,2,2012,2013,1
4133,4100342700212144383,Alan Fitzpatrick,United Kingdom,West + Wales,TOP1000,,,4,12,2012,2025,13
4134,1631413786476230288,Marc Faenger,Germany,Düsseldorf,REGIONAL,,,2,2,2013,2016,3
4135,2330557379187427312,Pusch,United Kingdom,Scotland,REGIONAL,,,1,1,2015,2015,0
4136,5059935571905943116,Julian Bomm,Germany,Dortmund / Essen,REGIONAL,,,1,8,2015,2025,10
4137,5697143157704889810,Stikdorn,Germany,Cologne,REGIONAL,,,1,2,2018,2019,1
4138,1088558656224258081,Tube,,,,,,1,1,2018,2018,0
4139,856500089958161727,Flo Mrzdk,Germany,Dortmund / Essen,REGIONAL,,,1,1,2019,2019,0
4140,6317199094271096543,909 Schneider,Germany,Dortmund / Essen,REGIONAL,,,1,2,2022,2023,1
4141,8877313335299182749,Neon Graveyard,Germany,Cologne,REGIONAL,,,1,3,2023,2025,2
4142,621951585414578635,Sedaction,Germany,Dortmund / Essen,REGIONAL,,,1,7,2023,2026,3
4143,7293718599560891851,Miss Bashful,Germany,Berlin,REGIONAL,,,1,1,2023,2023,0
4144,7727699870526085394,SLIC Unit,Germany,Berlin,REGIONAL,,,1,3,2024,2026,2
4145,7349699932923294365,Krackk,Germany,Dortmund / Essen,REGIONAL,,,1,3,2024,2025,1
4146,1668257995284776719,Sabu!,Germany,Berlin,REGIONAL,,,1,2,2024,2024,0
4147,6840211673997313388,HOTBOI2300,Germany,Cologne,REGIONAL,,,1,1,2024,2024,0
4148,2347864757551527643,Elotrance,Germany,Nürnberg,REGIONAL,,,1,1,2025,2025,0
4149,2017534076754964584,SHOKI287,Germany,Berlin,REGIONAL,,,1,1,2025,2025,0
4150,7316256860655006787,Cosanne,Germany,Dortmund / Essen,REGIONAL,,,1,1,2025,2025,0
4151,7204676447186449912,DJ SPORTSCHUH,Germany,Berlin,REGIONAL,,,1,3,2025,2026,1
4152,5476845912279376841,Carmen Electro,Finland,Helsinki,REGIONAL,,,1,1,2026,2026,0
4153,2183678694850513515,Schrotthagen,Germany,Munich,REGIONAL,,,1,1,2026,2026,0
4154,7417061292720811037,JL.,France,Paris,REGIONAL,,,1,1,2019,2019,0
4155,7980444937095057593,Kizoku,Morocco,All,REGIONAL,,,1,1,2019,2019,0
4156,3767970747511255037,Muelsa,France,Paris,REGIONAL,,,1,1,2019,2019,0
4157,3130465935819839979,Taieb Chékir,France,Paris,REGIONAL,,,1,1,2019,2019,0
4158,5862429850643703806,Anaya,Sweden,All,REGIONAL,,,1,1,2022,2022,0
4159,9169273179818359595,Means&3rd,United Kingdom,North,REGIONAL,,,2,2,2022,2024,2
4160,3669426307445527381,Muddy Feet,United Kingdom,Manchester,REGIONAL,,,1,1,2022,2022,0
4161,7315628167542222529,Octavian,France,North,REGIONAL,,,2,2,2018,2018,0
4162,7473360967029411693,Giovanna,United Kingdom,North,REGIONAL,,,2,3,2018,2022,4
4163,4102955710297816303,Bassman,United Kingdom,London,REGIONAL,,,1,1,2019,2019,0
4164,1433445030680789131,LNS,Canada,Vancouver,TOP1000,,,2,2,2018,2019,1
4165,7258988393803031500,D' Noff,Greece,All,REGIONAL,,,1,1,2018,2018,0
4166,4269606642528221709,Kala,United States of America,Portland,REGIONAL,,,2,2,2018,2026,8
4167,1498762201044734532,Ollie Shapiro,United Kingdom,London,REGIONAL,,,1,1,2019,2019,0
4168,7571930674222431122,Daisybelle,United Kingdom,London,REGIONAL,,,3,5,2019,2025,6
4169,3756204130967041782,DJBB,United Kingdom,London,REGIONAL,,,2,2,2019,2025,6
4170,8388135505699052320,Kapote,Germany,Berlin,REGIONAL,,,2,2,2023,2026,3
4171,4899771070266356322,Pellegrino,Italy,South,REGIONAL,,,1,1,2026,2026,0
4172,6525085411161935844,Jhobei,United Kingdom,London,REGIONAL,,,2,4,2022,2026,4
4173,8737868736202179393,Emi Koto,Spain,Madrid,REGIONAL,,,1,1,2026,2026,0
4174,2465373413538673506,Mei Ling Young,China,Hong Kong,REGIONAL,,,1,1,2026,2026,0
4175,6937329774501474190,Kouslin,United Kingdom,London,REGIONAL,,,1,1,2024,2024,0
4176,117416100067686783,Rohan Rakhit,United Kingdom,London,REGIONAL,,,3,5,2023,2025,2
4177,6788179935433091857,Xica Soul,United States of America,Los Angeles,REGIONAL,,,1,1,2024,2024,0
4178,1333975427940968173,Beirut Groove Collective,United Kingdom,London,REGIONAL,,,1,2,2024,2026,2
4179,6480710744476116378,DJ Cosworth,United Kingdom,South + East,REGIONAL,,,2,2,2025,2025,0
4180,6925448224217283380,DJ Deep Heat,United Kingdom,Sheffield,REGIONAL,,,1,1,2025,2025,0
4181,4081066952943772127,Jezebelle,United Kingdom,London,REGIONAL,,,2,2,2025,2026,1
4182,6268520948058635748,Kalli,United Kingdom,South + East,REGIONAL,,,1,1,2025,2025,0
4183,4872439098265915536,noodle,United Kingdom,London,REGIONAL,,,1,1,2025,2025,0
4184,208553135376755844,PAX,United Kingdom,Midlands,REGIONAL,,,1,1,2025,2025,0
4185,8071572112277574081,Wigs,United Kingdom,London,REGIONAL,,,1,1,2025,2025,0
4186,6365354141461971365,!NN,Italy,North,REGIONAL,,,1,1,2026,2026,0
4187,6165302210775089325,Jared,United Kingdom,London,REGIONAL,,,1,1,2026,2026,0
4188,7985621861085600428,Marcus Marr,United Kingdom,London,REGIONAL,,,1,1,2017,2017,0
4189,7246448528928610676,Arlo Parks,United Kingdom,London,REGIONAL,,,2,2,2019,2021,2
4190,4294314730959664841,Greentea Peng,United Kingdom,London,REGIONAL,,,2,3,2020,2021,1
4191,1068022713446065000,Tina Edwards,United Kingdom,London,REGIONAL,,,3,6,2020,2024,4
4192,4079509380329598011,Dejector,United Kingdom,London,REGIONAL,,,1,1,2024,2024,0
4193,4234220250433993610,Hutch,United Kingdom,London,REGIONAL,,,1,1,2024,2024,0
4194,4440926472173226857,Lily London,United Kingdom,London,REGIONAL,,,1,1,2024,2024,0
4195,7227934729650103180,Felipe Gordon,Colombia,Bogotá,REGIONAL,,,1,1,2024,2024,0
4196,2101339463465846634,Adam F,United Kingdom,London,REGIONAL,,,2,2,2012,2026,14
4197,3101434694525328601,Robert Cary,United Kingdom,London,REGIONAL,,,1,1,2012,2012,0
4198,3139393733359182781,Transit Mafia,United Kingdom,Midlands,REGIONAL,,,1,2,2013,2015,2
4199,41501250721781388,Richy Ahmed,United Kingdom,London,TOP1000,,,3,11,2012,2019,7
4200,4379677306662601743,Visionquest,United States of America,Detroit,REGIONAL,,,2,2,2014,2015,1
4201,4840266584767280720,Farrow,United Kingdom,North,REGIONAL,,,1,3,2015,2016,1
4202,3535394065100006888,Duke Dumont,United Kingdom,London,REGIONAL,,,1,1,2015,2015,0
4203,8447327332591813396,Josh Butler,United Kingdom,North,REGIONAL,,,2,3,2015,2019,4
4204,7840746978673499243,Cristoph,United Kingdom,North,REGIONAL,,,2,3,2015,2016,1
4205,4120386317278565007,Gas House Kids,United Kingdom,North,REGIONAL,,,1,2,2015,2017,2
4206,9075141660912920041,Toni Varga,Spain,Barcelona,REGIONAL,,,1,1,2016,2016,0
4207,8369040000837754647,Black,,,,,,1,1,2017,2017,0
4208,8016000583330520703,Joe Burns,United Kingdom,North,REGIONAL,,,1,1,2017,2017,0
4209,657947549839719250,Macky Gee,United Kingdom,South + East,REGIONAL,,,1,1,2019,2019,0
4210,1294685216572148783,Will Clarke,United Kingdom,Bristol,REGIONAL,,,1,1,2021,2021,0
4211,7262147309777605517,Sofi,United Kingdom,Glasgow,REGIONAL,,,1,1,2021,2021,0
4212,2679579623610910579,Disfreq,Ireland,All,REGIONAL,,,1,1,2023,2023,0
4213,546675476388871261,Balrog,United Kingdom,Leeds,REGIONAL,,,1,1,2023,2023,0
4214,2996846347769627289,Instinct,United Kingdom,London,REGIONAL,,,1,1,2024,2024,0
4215,3734260762972984202,Morgan Seatree,United Kingdom,Manchester,REGIONAL,,,2,3,2025,2026,1
4216,865786744574320918,Kev Beadle,United Kingdom,London,REGIONAL,,,2,4,2012,2023,11
4217,2140396756614239484,LACEY,United Kingdom,Bristol,REGIONAL,,,1,2,2019,2023,4
4218,1985720415543970956,Matthew Halsall,United Kingdom,Manchester,REGIONAL,,,1,3,2019,2024,5
4219,4482413668458443098,Blackwax,United Kingdom,Scotland,REGIONAL,,,1,1,2019,2019,0
4220,2410910922538107119,Shunaji,Italy,Rome,REGIONAL,,,1,1,2019,2019,0
4221,5298617728048067168,Dreamer,Romania,All,REGIONAL,,,1,1,2020,2020,0
4222,4325016304797076924,Handson Family,United Kingdom,London,REGIONAL,,,1,2,2022,2023,1
4223,6169334856670102811,Mimm,Australia,Melbourne,REGIONAL,,,1,1,2022,2022,0
4224,469341453561317902,Selassie TBC,United Kingdom,London,REGIONAL,,,2,3,2022,2026,4
4225,4165153367380129483,Trout,Colombia,Bogotá,REGIONAL,,,1,1,2022,2022,0
4226,4988737791588639467,Hipsters Don't Dance,United Kingdom,London,REGIONAL,,,2,2,2022,2023,1
4227,6016982022707308320,Serocee,United Kingdom,London,REGIONAL,,,2,3,2018,2023,5
4228,1250858220298174291,GAROËSS,United Kingdom,Bristol,REGIONAL,,,1,1,2023,2023,0
4229,8635434627888729454,30/70,Australia,Melbourne,REGIONAL,,,1,1,2023,2023,0
4230,3226776391757270801,Tom Skinner,United Kingdom,South + East,REGIONAL,,,1,1,2023,2023,0
4231,5644687140239887892,Kae Tempest,United Kingdom,London,TOP1000,,,1,1,2024,2024,0
4232,532001854122912771,Cotonete,France,Paris,REGIONAL,,,1,1,2024,2024,0
4233,8864279378670672272,DJ Narciso,Portugal,Lisbon,REGIONAL,,,2,2,2023,2024,1
4234,571029008227759372,Michael Diamond,United Kingdom,London,REGIONAL,,,1,1,2024,2024,0
4235,5568871964496613033,Dani Roade,United Kingdom,South + East,REGIONAL,,,1,1,2025,2025,0
4236,4259734443374784200,yeahitsrenee,United Kingdom,London,REGIONAL,,,1,1,2025,2025,0
4237,7395309682652977537,Toribio,United States of America,New York City,REGIONAL,,,1,1,2026,2026,0
4238,5062869208531082503,Bella Festa,Ireland,Dublin,REGIONAL,,,1,1,2023,2023,0
4239,1223580169696536218,Dockett Eddy,United Kingdom,London,REGIONAL,,,1,2,2025,2026,1
4240,7325951214709901544,Studio Batsumi,Italy,Central,REGIONAL,,,1,1,2026,2026,0
4241,458240893447014854,Annie Mac,United Kingdom,London,TOP1000,,,4,9,2012,2026,14
4242,8358837845731651631,Jambo,United Kingdom,London,REGIONAL,,,1,2,2012,2015,3
4243,6845738792804384653,Artifact,United Kingdom,West + Wales,REGIONAL,,,1,1,2013,2013,0
4244,1610465326728687692,Hackman,United Kingdom,London,REGIONAL,,,1,2,2013,2014,1
4245,4571516579094807164,Soul II Soul,United Kingdom,London,REGIONAL,,,1,1,2013,2013,0
4246,2781622349197954532,Roses Gabor,United Kingdom,London,REGIONAL,,,1,1,2013,2013,0
4247,3198911513661378572,Unkey,United Kingdom,West + Wales,REGIONAL,,,1,3,2014,2019,5
4248,7122333892001240983,Mr KS,France,Montpellier,REGIONAL,,,1,2,2014,2014,0
4249,2627731274454294278,Livity Sound,United Kingdom,West + Wales,REGIONAL,,,3,4,2012,2018,6
4250,6873621541083636722,Taso,United States of America,Los Angeles,REGIONAL,,,1,1,2014,2014,0
4251,3959042548005224384,Kiesza,Canada,Calgary,REGIONAL,,,1,1,2014,2014,0
4252,5743034353261614510,Sam Mole,United Kingdom,West + Wales,REGIONAL,,,1,2,2014,2015,1
4253,6001359084313845127,Woz,United Kingdom,West + Wales,REGIONAL,,,1,2,2014,2015,1
4254,5042387528136537009,Redlight,United Kingdom,London,REGIONAL,,,1,2,2015,2017,2
4255,2103504883903545485,Jaydrop,United Kingdom,West + Wales,REGIONAL,,,1,1,2016,2016,0
4256,3676343926741305544,Boycott,Greece,All,REGIONAL,,,1,1,2016,2016,0
4257,3689836448240367327,MC Neat,,,,,,1,1,2016,2016,0
4258,6340685653065500630,Matthias Meyer,Germany,Hamburg,TOP1000,,,1,1,2018,2018,0
4259,994461090225927676,Ludo,,,,,,1,1,2018,2018,0
4260,5499177422540748253,Chezz,Netherlands,Amsterdam,REGIONAL,,,1,1,2018,2018,0
4261,7440931349851720849,Paul Conroy,United Kingdom,West + Wales,REGIONAL,,,1,2,2018,2019,1
4262,7498379217153905605,Critical Impact,United Kingdom,West + Wales,REGIONAL,,,1,2,2018,2019,1
4263,5852026488830059205,Hak Baker,United Kingdom,London,REGIONAL,,,1,1,2018,2018,0
4264,6892047952406041174,MC Koast,United Kingdom,West + Wales,REGIONAL,,,1,1,2019,2019,0
4265,6668289144000378593,Kara (UK),United Kingdom,London,REGIONAL,,,1,1,2025,2025,0
4266,8934481714659522629,IZZIT,United Kingdom,Bristol,REGIONAL,,,1,1,2026,2026,0
4267,5487510157727962808,Volph,Malta,All,REGIONAL,,,1,2,2022,2024,2
4268,3788738046174467081,Maryline K,Germany,Berlin,REGIONAL,,,1,1,2024,2024,0
4269,8191641178701573060,NOVAH,Belgium,Antwerp,REGIONAL,,,4,6,2024,2026,2
4270,6361056705591632958,OLIVIA LENSEN,Netherlands,The Hague,REGIONAL,,,2,2,2025,2026,1
4271,3514404374248469523,Charlie Sparks,United Kingdom,London,REGIONAL,,,4,6,2025,2026,1
4272,4798058826228597390,Lars Huismann,Germany,Berlin,REGIONAL,,,1,1,2026,2026,0
4273,8086363423048695153,Lisa Korver,Netherlands,Amsterdam,REGIONAL,,,2,2,2026,2026,0
4274,6263606983489630566,PETERBLUE,Colombia,Bogotá,REGIONAL,,,3,3,2025,2026,1
4275,8214899004887807554,Evanora Unlimited,United Kingdom,London,REGIONAL,,,1,1,2023,2023,0
4276,5443007851592510755,Thoom,Lebanon,All,REGIONAL,,,1,1,2023,2023,0
4277,1614348748952409805,Hafa,Netherlands,Amsterdam,REGIONAL,,,1,1,2025,2025,0
4278,496989135953378620,Yaleesa Hall,Netherlands,Amsterdam,REGIONAL,,,1,1,2026,2026,0
4279,6792053606797760624,Lewi Boome,United Kingdom,London,REGIONAL,,,1,1,2022,2022,0
4280,5724479027213359408,sadsugar,United Kingdom,Bristol,REGIONAL,,,1,2,2022,2023,1
4281,6143379806519738378,Jabu,United Kingdom,West + Wales,REGIONAL,,,1,3,2022,2025,3
4282,6592969058228104254,Noah Tucker,United Kingdom,London,REGIONAL,,,1,1,2022,2022,0
4283,5550874246334842314,Syz,United Kingdom,London,REGIONAL,,,2,3,2022,2024,2
4284,235615211025259206,Rashad Becker,Germany,Berlin,REGIONAL,,,2,3,2015,2026,11
4285,635035032939716540,Purelink,United States of America,Chicago,REGIONAL,,,1,2,2026,2026,0
4286,2049068616381717951,Debit,United States of America,New York City,REGIONAL,,,1,1,2026,2026,0
4287,577456620082839308,Hypnobeat,Germany,Frankfurt,REGIONAL,,,1,1,2015,2015,0
4288,6728592085508033401,Thomas Ankersmit,Germany,Berlin,REGIONAL,,,1,1,2016,2016,0
4289,458465393187186235,Ascorbite,Sweden,All,REGIONAL,,,1,1,2018,2018,0
4290,2931552138759231930,MCZO,,,,,,1,1,2019,2019,0
4291,2675317992693672387,Bryozone,Ukraine,Kyiv,REGIONAL,,,1,1,2022,2022,0
4292,1072677046146507287,Ozzy,Netherlands,Amsterdam,REGIONAL,,,1,1,2023,2023,0
4293,65990029010296285,Dungeon Acid,Denmark,All,REGIONAL,,,1,1,2024,2024,0
4294,5144350303209057499,Terranova,Germany,Berlin,REGIONAL,,,1,2,2014,2015,1
4295,1519216619610611081,Super Flu,Germany,Rhineland-Palatinate,TOP1000,,,1,1,2014,2014,0
4296,5608370867870712930,Happa,United Kingdom,North,REGIONAL,,,1,1,2015,2015,0
4297,6345299763061608161,Kyle Geiger,United States of America,Indiana,REGIONAL,,,1,1,2016,2016,0
4298,9177664053079609499,Haeken,Netherlands,Amsterdam,REGIONAL,,,2,2,2016,2016,0
4299,5660574211494469368,Yotam Avni,Israel,All,REGIONAL,,,1,1,2017,2017,0
4300,823477366030972248,Jenia Tarsol,Israel,All,REGIONAL,,,1,3,2017,2019,2
4301,7802672833093600401,Tadeo,Spain,Madrid,REGIONAL,,,1,1,2018,2018,0
4302,253487782238089039,Scott Franka,Netherlands,Amsterdam,REGIONAL,,,1,1,2018,2018,0
4303,3854884642967140328,Seth Schwarz,Germany,Berlin,REGIONAL,,,3,3,2018,2023,5
4304,5247833933487873272,Younger Rebinds,Netherlands,Rotterdam,REGIONAL,,,1,1,2019,2019,0
4305,4821028968245815256,Midnight Traffic,India,Hyderabad,REGIONAL,,,1,2,2022,2024,2
4306,3826997780382875026,Ankytrixx,India,Other regions,REGIONAL,,,1,1,2023,2023,0
4307,9159557024855053479,Dualist Inquiry,India,Goa,REGIONAL,,,1,1,2024,2024,0
4308,1656037952161176228,Kiss Nuka,India,Mumbai,REGIONAL,,,1,2,2024,2024,0
4309,3453635789086738158,Parallel Voices,India,Other regions,REGIONAL,,,1,3,2024,2025,1
4310,8765803645519737292,Sickflip,India,Mumbai,REGIONAL,,,1,3,2024,2025,1
4311,2939993397047040667,Juno Mamba,Australia,Sydney,REGIONAL,,,1,1,2025,2025,0
4312,960155938888963431,Qrion,Japan,Hokkaido,REGIONAL,,,1,1,2025,2025,0
4313,3667426041114824736,Echonomist,Greece,All,REGIONAL,,,1,2,2025,2025,0
4314,5198227365512994880,Kibo (IN),India,Mumbai,REGIONAL,,,1,1,2025,2025,0
4315,1287851655587851247,CALA,Peru,All,REGIONAL,,,1,1,2025,2025,0
4316,2484902649009211419,Fauna,Austria,All,REGIONAL,,,1,1,2010,2010,0
4317,4352822222627073375,Heartbreak,United Kingdom,London,REGIONAL,,,1,1,2011,2011,0
4318,5616199346398277370,Hawaii Mike,United States of America,Hawaii,REGIONAL,,,1,1,2011,2011,0
4319,7693876856706648731,Age Coin,Denmark,All,REGIONAL,,,1,1,2012,2012,0
4320,5994012243327092828,Albino,Bosnia and Herzegovina,All,REGIONAL,,,1,1,2012,2012,0
4321,3615452404407518129,Lust For Youth,Sweden,All,REGIONAL,,,1,1,2012,2012,0
4322,4733198768232677128,Helm,United Kingdom,London,REGIONAL,,,1,1,2012,2012,0
4323,1410639591943735804,Pawas,Germany,Cologne,REGIONAL,,,1,1,2014,2014,0
4324,8651466014245839875,Borneland,Denmark,All,REGIONAL,,,1,1,2016,2016,0
4325,1447125121109200494,Orpheus,United Kingdom,Midlands,REGIONAL,,,1,1,2017,2017,0
4326,8867385404427545729,Mobilegirl,Germany,Berlin,REGIONAL,,,1,1,2017,2017,0
4327,2461800198015120387,Redemptive,Denmark,All,REGIONAL,,,1,1,2018,2018,0
4328,827392971480258772,Izzi Bizzi,Germany,Berlin,REGIONAL,,,1,1,2018,2018,0
4329,8130612463200200665,Crille,,,,,,1,1,2019,2019,0
4330,1076791938673258429,Richard Fribert,Sweden,All,REGIONAL,,,1,2,2022,2022,0
4331,7024507611374495524,Anders Dahl,Denmark,All,REGIONAL,,,1,1,2022,2022,0
4332,6085644148116354603,Cirkeline,Denmark,Copenhagen,REGIONAL,,,1,2,2022,2023,1
4333,4759388217760014821,Judith van Waterkant,Germany,Mecklenburg-Vorpommern,REGIONAL,,,1,1,2023,2023,0
4334,3203790763311490661,Joseph Disco,Germany,Münster,REGIONAL,,,2,2,2023,2025,2
4335,1121555825007655,Filen,Denmark,Copenhagen,REGIONAL,,,1,2,2023,2024,1
4336,6626918854759880222,Samsnavs,Denmark,Copenhagen,REGIONAL,,,1,1,2023,2023,0
4337,862718939969105473,Kaufmann,Germany,Berlin,REGIONAL,,,2,2,2024,2026,2
4338,6732989716328704953,Jidder,Sweden,Malmo,REGIONAL,,,1,1,2024,2024,0
4339,7281384398161880633,Hasfeldt,Denmark,Copenhagen,REGIONAL,,,1,1,2024,2024,0
4340,1204149464584841431,Mary Harp,Denmark,Copenhagen,REGIONAL,,,1,1,2025,2025,0
4341,2649789710017004087,Alignment,Germany,Berlin,REGIONAL,,,1,1,2025,2025,0
4342,7234811697552921126,AISHA,United Kingdom,Scotland,REGIONAL,,,2,2,2025,2025,0
4343,1607161498641152460,Sarah Kreis,Germany,Berlin,REGIONAL,,,1,1,2025,2025,0
4344,7818380265029857204,Christian Sanchez,Denmark,Copenhagen,REGIONAL,,,1,1,2025,2025,0
4345,2632853064446564249,Ana Karla,Argentina,All,REGIONAL,,,1,1,2026,2026,0
4346,4365432435905106032,Uakoz,United Kingdom,London,REGIONAL,,,1,3,2018,2022,4
4347,2090194877604601092,Hex (UK),United Kingdom,Scotland,REGIONAL,,,1,1,2018,2018,0
4348,506711224099120661,ZUZANAH,United Kingdom,London,REGIONAL,,,1,1,2022,2022,0
4349,3753431753273101926,Baby T,Canada,Vancouver,REGIONAL,,,1,1,2022,2022,0
4350,348995613848982217,Harper,,,,,,1,2,2022,2022,0
4351,1345597727643631027,Eon,United Kingdom,Northern Ireland,REGIONAL,,,1,1,2022,2022,0
4352,3133688762419518507,Anna Unusyan,United Kingdom,London,REGIONAL,,,1,3,2022,2024,2
4353,7678556503922568088,Bobby Scallop,United Kingdom,Manchester,REGIONAL,,,1,1,2024,2024,0
4354,7633679098489607445,Beyond,,,,,,1,1,2025,2025,0
4355,994392912387571924,ZEEMUFFIN,United States of America,New York City,REGIONAL,,,1,1,2025,2025,0
4356,5787241728474358915,Claire O'Brien,Australia,New South Wales,REGIONAL,,,1,1,2026,2026,0
4357,406815302290575002,Avangart Tabldot,Turkey,Istanbul,REGIONAL,,,1,1,2026,2026,0
4358,8218372719285133463,Christian Burkhardt,Germany,Frankfurt,TOP1000,,,1,1,2016,2016,0
4359,7196743149959459968,Curtis Zeki,Belgium,All,REGIONAL,,,1,3,2016,2017,1
4360,8027692674926399209,Lee Davon,Belgium,All,REGIONAL,,,1,1,2016,2016,0
4361,2139206699496546691,Franco y Gael,Belgium,All,REGIONAL,,,1,1,2016,2016,0
4362,5364787671652179409,Alex Niggemann,Germany,Berlin,REGIONAL,,,2,2,2011,2017,6
4363,2274371406198078054,DEY.REY,Netherlands,Amsterdam,REGIONAL,,,1,1,2024,2024,0
4364,5675043686754305896,Franky Sticks,Netherlands,Rotterdam,REGIONAL,,,1,1,2025,2025,0
4365,7339315843127356941,SOFT CLIP,Netherlands,Utrecht,REGIONAL,,,1,1,2025,2025,0
4366,237955623011301552,LAZA,Netherlands,Amsterdam,REGIONAL,,,1,1,2026,2026,0
4367,8703410929705983424,P-rau,Netherlands,Utrecht,REGIONAL,,,1,1,2026,2026,0
4368,5466675644997195220,Slimfit,Netherlands,All,REGIONAL,,,1,1,2026,2026,0
4369,5680340436670645861,Petit Bear,Greece,All,REGIONAL,,,1,1,2025,2025,0
4370,1594434213679070461,Bekha Mujiri,Georgia,All,REGIONAL,,,1,2,2025,2026,1
4371,1629694867620400788,Westy,United Kingdom,Leeds,REGIONAL,,,1,1,2025,2025,0
4372,5458999468306001024,Donarra,France,Paris,REGIONAL,,,1,1,2018,2018,0
4373,991652205298921385,Club Angel,Australia,Melbourne,REGIONAL,,,1,1,2025,2025,0
4374,6034206165360593269,Anna Kohlin,Sweden,Stockholm,REGIONAL,,,1,1,2016,2016,0
4375,3573763113315102,Orange Muse,Sweden,All,REGIONAL,,,1,1,2016,2016,0
4376,6276511877065120667,Luc Ringeisen,Germany,Berlin,REGIONAL,,,1,1,2017,2017,0
4377,320388655787678764,CEZAR,Romania,Bucharest,REGIONAL,,,1,1,2018,2018,0
4378,8318369535043110319,Daniel Bertholdsson,Sweden,Stockholm,REGIONAL,,,1,31,2019,2025,6
4379,1315254058353124394,Alexey Orlov,Russia,Moscow,REGIONAL,,,1,1,2020,2020,0
4380,6344564457879188456,Daniel Savio,Sweden,All,REGIONAL,,,1,2,2021,2021,0
4381,7049293721319970544,Nathan Rivers,United Kingdom,London,REGIONAL,,,1,1,2010,2010,0
4382,8757401319090169722,Shur-i-kan,United Kingdom,London,REGIONAL,,,1,2,2011,2012,1
4383,8972305920039269077,James Rand,United Kingdom,North,REGIONAL,,,1,1,2011,2011,0
4384,106364220101861618,Kevin Griffiths,Australia,Adelaide,REGIONAL,,,1,1,2011,2011,0
4385,8337112590236909615,Asadinho,United Kingdom,London,REGIONAL,,,1,1,2012,2012,0
4386,7365183887282915773,Francisco Coelho,Portugal,Lisbon,REGIONAL,,,1,1,2017,2017,0
4387,955269425041910777,Kaesar,Portugal,Lisbon,REGIONAL,,,1,1,2025,2025,0
4388,4244208641135520662,Berllioz,Portugal,Lisbon,REGIONAL,,,2,3,2018,2025,7
4389,477327993791498329,MOS,United Kingdom,London,REGIONAL,,,1,1,2022,2022,0
4390,2604412950025079625,2M (CH),Switzerland,Zurich,REGIONAL,,,1,1,2024,2024,0
4391,5613657840595488746,BILLY (BE),Belgium,Ghent,REGIONAL,,,1,1,2026,2026,0
4392,3638397867989942084,Thomas Gray,,,,,,1,1,2019,2019,0
4393,3491998353235206872,DJ Mum,Australia,Melbourne,REGIONAL,,,1,1,2019,2019,0
4394,4230951757865991145,The Close Up,Netherlands,Amsterdam,REGIONAL,,,1,1,2014,2014,0
4395,2277524578437908142,Simple Symmetry,Georgia,Tbilisi,REGIONAL,,,1,1,2019,2019,0
4396,64353276929404461,Mike Sacchetti,Venezuela,All,REGIONAL,,,1,2,2022,2022,0
4397,8630487192096846275,Moving Still,Ireland,Dublin,REGIONAL,,,1,1,2025,2025,0
4398,7644022891724740912,nuúm,Germany,Berlin,REGIONAL,,,1,1,2018,2018,0
4399,9075965095381702128,Sodacapo,Germany,Nürnberg,REGIONAL,,,1,1,2018,2018,0
4400,6461505612983905345,Neele,Germany,Leipzig,REGIONAL,,,1,1,2019,2019,0
4401,5254436152604611563,Cope (CA),Canada,Ottawa,REGIONAL,,,1,1,2019,2019,0
4402,4127330348409995274,Nick Beringer,Germany,Berlin,REGIONAL,,,1,1,2020,2020,0
4403,5536065255008180684,Laura (of Miami),United States of America,Miami,REGIONAL,,,1,1,2022,2022,0
4404,710947076767938433,Cyan85,Germany,Erfurt,REGIONAL,,,1,1,2022,2022,0
4405,7735141708639965153,softchaos,United States of America,California,REGIONAL,,,1,2,2023,2023,0
4406,2971991718088178887,VICE/VERSA,France,Central,REGIONAL,,,1,1,2024,2024,0
4407,2434226601378627534,Adlas,Germany,Berlin,REGIONAL,,,1,4,2024,2025,1
4408,4232639657663724305,Ellen Trenn,Germany,Berlin,REGIONAL,,,1,1,2025,2025,0
4409,74339898247956386,Anne Karmané,Germany,Erfurt,REGIONAL,,,1,1,2026,2026,0
4410,5525909413518751947,Kim April,Netherlands,Amsterdam,REGIONAL,,,1,2,2023,2025,2
4411,3262066558715253607,Fred again..,United Kingdom,London,TOP1000,,,1,1,2023,2023,0
4412,9041361919168693191,Nola,Canada,Montreal,REGIONAL,,,1,1,2024,2024,0
4413,3970856866562341430,Ben Rau,Germany,Berlin,TOP1000,,,1,1,2024,2024,0
4414,1407070607417486618,ESSNCE,Netherlands,Amsterdam,REGIONAL,,,1,1,2025,2025,0
4415,6959689876061571302,Malouane,France,Paris,REGIONAL,,,1,1,2017,2017,0
4416,7120448034514793418,Captain Hook,Israel,Tel Aviv,REGIONAL,,,1,1,2019,2019,0
4417,1233893919255613953,Lost In Material,France,Lyon,REGIONAL,,,1,1,2024,2024,0
4418,8089797365343277645,AREA ØNE,Netherlands,Amsterdam,REGIONAL,,,1,1,2026,2026,0
4419,8250845284747693778,Miro Pajic,Germany,Berlin,REGIONAL,,,1,1,2016,2016,0
4420,8453362157300506909,Turmspringer,Germany,Berlin,REGIONAL,,,1,1,2016,2016,0
4421,5813490052285334140,Bill Robin,United Kingdom,London,REGIONAL,,,1,1,2016,2016,0
4422,3573176670862555515,Oscar Rocha,Mexico,Monterrey,REGIONAL,,,1,1,2016,2016,0
4423,5054176195487369803,CRANZ,Poland,All,REGIONAL,,,1,1,2016,2016,0
4424,2452266564398801314,David Dorad,Germany,Berlin,REGIONAL,,,1,1,2025,2025,0
4425,800005755600814952,Furz,Argentina,All,REGIONAL,,,1,1,2025,2025,0
4426,704934780390279525,Gabi Bury,Poland,Krakow,REGIONAL,,,1,1,2025,2025,0
4427,6314765804201436706,KrBear,Iceland,All,REGIONAL,,,1,1,2025,2025,0
4428,5489376383953135516,Mambi Dexter,Poland,All,REGIONAL,,,1,1,2025,2025,0
4429,4381594130352515711,Ben Westbeech,United Kingdom,West + Wales,REGIONAL,,,1,1,2019,2019,0
4430,9125563512784037842,Robosonic,Germany,Berlin,REGIONAL,,,1,1,2019,2019,0
4431,853358680286202945,Melon Bomb,Spain,Ibiza,REGIONAL,,,1,1,2020,2020,0
4432,4467448063916916357,Beyond Chicago,United Kingdom,London,REGIONAL,,,1,1,2023,2023,0
4433,2799546742004396303,Mar-T,Spain,Ibiza,REGIONAL,,,1,1,2025,2025,0
4434,4459072643732448916,Mya (1),United Kingdom,London,REGIONAL,,,1,1,2026,2026,0
4435,2001620556572613847,Billy Daniel Bunter,United Kingdom,London,REGIONAL,,,1,1,2026,2026,0
4436,6325168327405500278,Slipmatt,United Kingdom,London,REGIONAL,,,1,1,2026,2026,0
4437,261134766439999857,Ratpack,United Kingdom,London,REGIONAL,,,1,1,2026,2026,0
4438,6758890006688861300,Anthony James,United Kingdom,London,REGIONAL,,,1,1,2026,2026,0
4439,1416696594727188397,2FARO,Germany,Berlin,REGIONAL,,,1,1,2022,2022,0
4440,6479891376914328479,DJ Seduce,Sweden,All,REGIONAL,,,1,1,2022,2022,0
4441,3958296716936805785,DJ Jewel,Germany,Berlin,REGIONAL,,,1,1,2023,2023,0
4442,897899445254335938,Triqi,Germany,Berlin,REGIONAL,,,1,1,2024,2024,0
4443,5615042962616681692,Camilla Rae,United States of America,Utah,REGIONAL,,,1,1,2025,2025,0
4444,1134810588568216490,CITIZEN,United Kingdom,London,REGIONAL,,,1,1,2022,2022,0
4445,2036325495363193005,4D (UK),United Kingdom,Liverpool,REGIONAL,,,1,2,2023,2023,0
4446,8481618124851033900,Berwick,United Kingdom,Bristol,REGIONAL,,,2,3,2023,2026,3
4447,2839421477420731029,Hywel Gregory,United Kingdom,Bristol,REGIONAL,,,1,1,2023,2023,0
4448,8743264172525455297,Tommy Tickle,United Kingdom,London,REGIONAL,,,1,1,2023,2023,0
4449,6014947181306703775,Marley Reid,United Kingdom,Manchester,REGIONAL,,,1,2,2024,2026,2
4450,5441744254149799847,Evelyn Champagne King,United States of America,New York City,REGIONAL,,,1,1,2024,2024,0
4451,8413995753612346352,Chris Box,United Kingdom,London,REGIONAL,,,1,7,2007,2010,3
4452,4516533324814560519,Daniel Meteo,Germany,Berlin,REGIONAL,,,1,1,2007,2007,0
4453,7162115374894856890,Stephen Brown,United Kingdom,Scotland,REGIONAL,,,1,1,2010,2010,0
4454,2044662285463864604,Dynamo Dreesen,Germany,Berlin,REGIONAL,,,1,1,2014,2014,0
4455,93090505334669110,DJ Spider,United States of America,New York City,REGIONAL,,,1,2,2015,2016,1
4456,437911346522113500,Sidney,France,Paris,REGIONAL,,,1,1,2015,2015,0
4457,6113161499544407951,Wallflower,United Kingdom,London,REGIONAL,,,1,1,2015,2015,0
4458,6864121207124092909,Miles Atmospheric,United Kingdom,London,REGIONAL,,,2,6,2016,2026,10
4459,3342225070234633822,Patricia,United States of America,New York City,REGIONAL,,,1,1,2016,2016,0
4460,247134517841907926,Bruno Pronsato,United States of America,Seattle,TOP1000,,,2,2,2017,2019,2
4461,1320764696398127121,Steven Rutter,United Kingdom,London,REGIONAL,,,1,1,2018,2018,0
4462,4909124692947468647,Kate Webb,,,,,,1,1,2023,2023,0
4463,2549447718898559078,Azucy,Netherlands,Utrecht,REGIONAL,,,1,1,2026,2026,0
4464,8835595396416688469,41ISSA,Germany,Berlin,REGIONAL,,,1,1,2023,2023,0
4465,7289175378632411092,Nic Jalusi,Germany,Munich,REGIONAL,,,1,1,2023,2023,0
4466,7685859267400449942,sumi,Japan,Tokyo,REGIONAL,,,1,4,2024,2026,2
4467,6117109857688893896,Athie Umgido,South Africa,Cape Town,REGIONAL,,,1,1,2024,2024,0
4468,1221220171815539557,Yamz,Germany,Hamburg,REGIONAL,,,1,1,2024,2024,0
4469,7904866079270887090,0megavybe,Germany,Berlin,REGIONAL,,,1,1,2025,2025,0
4470,2455114691063028748,Dorian Mast,Germany,Munich,REGIONAL,,,1,1,2025,2025,0
4471,5451019307699472156,luxus,Germany,Munich,REGIONAL,,,1,1,2025,2025,0
4472,412557269196220117,Valley Dolly,Georgia,Tbilisi,REGIONAL,,,1,1,2025,2025,0
4473,7196104176740571998,Asem Shama,Germany,Berlin,REGIONAL,,,1,1,2017,2017,0
4474,1714399494227182660,Luke Abbott,United Kingdom,South + East,REGIONAL,,,2,2,2011,2018,7
4475,3336954229256750834,Sa Pa,Poland,All,REGIONAL,,,1,2,2018,2019,1
4476,6616677114049343295,natural/electronic.system.,Italy,South,REGIONAL,,,1,1,2019,2019,0
4477,7833493227363283258,Selecta Fontes,Portugal,Lisbon,REGIONAL,,,1,5,2019,2025,6
4478,5997884175230817364,Takaaki Itoh,Japan,Tokyo,REGIONAL,,,2,2,2005,2019,14
4479,8041414199468731643,Xique Xique,Brazil,Sao Paulo,REGIONAL,,,1,1,2019,2019,0
4480,7023485216268134756,DJ SO,Japan,Tokyo,REGIONAL,,,1,2,2022,2023,1
4481,4016692973485634033,Laura Fiore,Germany,Berlin,REGIONAL,,,1,1,2022,2022,0
4482,2956107119215594447,Mapstation,Germany,Düsseldorf,REGIONAL,,,1,1,2022,2022,0
4483,3278820560080516679,Nathalia,Bulgaria,All,REGIONAL,,,1,2,2022,2023,1
4484,612829493683858062,Patrícia Brito,Portugal,Lisbon,REGIONAL,,,1,1,2022,2022,0
4485,5895003852654863737,Roel Funcken,Netherlands,Utrecht,REGIONAL,,,1,1,2022,2022,0
4486,1078939578039717683,Yizhaq,Portugal,Lisbon,REGIONAL,,,1,1,2023,2023,0
4487,6739321221514701216,The Mutual Torture,Germany,Berlin,REGIONAL,,,1,1,2024,2024,0
4488,2265343934540416234,Asio Otus (2),Portugal,Lisbon,REGIONAL,,,1,1,2025,2025,0
4489,5423620323551740927,fastmusic,Germany,Saxony,REGIONAL,,,1,1,2025,2025,0
4490,7707254999145814500,USOF,Portugal,Lisbon,REGIONAL,,,1,1,2025,2025,0
4491,8656601470480717932,Sevensol,Germany,Leipzig,REGIONAL,,,1,1,2025,2025,0
4492,2751180303883477425,Reckonwrong,,,,,,1,1,2018,2018,0
4493,6215091395070328664,Armand,,,,,,1,1,2019,2019,0
4494,5834961944667738364,JD X,,,,,,1,1,2022,2022,0
4495,4753520229780673232,joey manzi,,,,,,1,1,2023,2023,0
4496,6727014018767544260,warmluke,,,,,,1,1,2023,2023,0
4497,6557641072620774146,Noire,,,,,,1,1,2023,2023,0
4498,8257834708890581332,Freshta,,,,,,1,2,2024,2025,1
4499,1845800957302353430,Bitzer Maloney,,,,,,1,1,2025,2025,0
4500,4152203494614024331,Blaze DJ,,,,,,1,1,2025,2025,0
4501,4908183741146601895,Izzy,,,,,,1,1,2025,2025,0
4502,7001695491316926335,Wilks (UK),,,,,,1,1,2025,2025,0
4503,6174994289443250159,Mademoisel,,,,,,1,1,2026,2026,0
4504,6037348865698753523,Manual Smiles,,,,,,1,1,2026,2026,0
4505,8929991400404151030,Max Hagenbach,,,,,,1,1,2026,2026,0
4506,2449699199426318581,Nora (UK),,,,,,1,1,2026,2026,0
4507,1369595735394083091,Tommy Cross,,,,,,1,1,2026,2026,0
4508,599952006770026816,Andi Otto,,,,,,1,1,2023,2023,0
4509,7217824775226065552,ELMER,,,,,,1,1,2024,2024,0
4510,9096151044808458141,kimmah,,,,,,1,1,2024,2024,0
4511,3625358371775467390,Kinnari,,,,,,1,1,2024,2024,0
4512,8728353080095010023,LORI (NL),,,,,,1,1,2024,2024,0
4513,375422908024891365,Not A Fan,,,,,,1,1,2024,2024,0
4514,3435110580306601170,YouYou (2),,,,,,1,2,2025,2026,1
4515,213644638764790530,Touré,,,,,,1,2,2025,2026,1
4516,3602790115825754958,Olechka,,,,,,1,1,2026,2026,0
4517,3633241687430652703,Ness,,,,,,1,1,2026,2026,0
4518,5016192860005842837,Isabel Soto,Venezuela,All,REGIONAL,,,2,2,2026,2026,0
4519,5219660158847903166,Rita Silva,,,,,,1,1,2026,2026,0
4520,2743832388601307723,Sanctuary,,,,,,1,1,2026,2026,0
4521,4916956654994307753,EVGHENIIA,,,,,,1,1,2026,2026,0
4522,8495266374390793697,Cindytalk,,,,,,1,1,2026,2026,0
4523,4991916745465453269,Hekla,,,,,,1,1,2026,2026,0
4524,2667165510767431762,Swoose,,,,,,1,21,2015,2026,11
4525,6305098844015570891,Chris Hanna,,,,,,1,2,2015,2016,1
4526,6375503321880764012,Tinfoil,,,,,,1,1,2017,2017,0
4527,4175626188120222703,Mode_1,,,,,,1,1,2017,2017,0
4528,3713988682642210195,Renaat Vandepapeliere,,,,,,1,1,2017,2017,0
4529,7702253829001049976,Sputnik One,,,,,,1,1,2021,2021,0
4530,2532581492673519910,Cyence,,,,,,1,3,2021,2023,2
4531,2560101270834187220,NIKKI O,,,,,,1,6,2021,2025,4
4532,477820270958699503,Rory Sweeney,,,,,,1,1,2022,2022,0
4533,7276955941131572952,JENNA DALEY,,,,,,1,1,2023,2023,0
4534,2801425013547491383,Sophie Jones,,,,,,1,1,2023,2023,0
4535,1761478130996667155,My Friend,,,,,,1,1,2024,2024,0
4536,2105372322082851730,dj lomalinda,,,,,,1,1,2024,2024,0
4537,2357455035495352629,Matcha,,,,,,1,2,2025,2026,1
4538,4323036971447796018,IndeniaL,,,,,,1,1,2025,2025,0
4539,2762588494408304223,I am blip,,,,,,1,1,2025,2025,0
4540,1665375369750038055,DJ Harri,,,,,,1,1,2026,2026,0
4541,2729166022464515966,Pawel,,,,,,1,1,2007,2007,0
4542,5606116552095333940,Menno Overvliet,,,,,,1,1,2009,2009,0
4543,7022202855363991379,Tommy Kornuijt,,,,,,1,1,2011,2011,0
4544,7790750644843916957,Ferdi Blankena,,,,,,1,2,2013,2013,0
4545,636521087274061107,Stefan Vincent,,,,,,1,1,2017,2017,0
4546,7046526494067627760,Rob Manga,,,,,,1,1,2017,2017,0
4547,3891475498908808081,Operating Modus,,,,,,1,4,2018,2023,5
4548,1139961754265814190,Zaza,,,,,,1,1,2019,2019,0
4549,6412870770391651367,Kid Machine,,,,,,1,1,2019,2019,0
4550,2353803077096922981,Bayetë,,,,,,1,1,2019,2019,0
4551,2803651047451667995,Anouschka,Netherlands,Amsterdam,REGIONAL,,,1,1,2022,2022,0
4552,915245481998617578,MAL_HOMBRE,,,,,,1,1,2022,2022,0
4553,6492323791236798309,Feryne,,,,,,1,1,2023,2023,0
4554,4263285980461980716,Julia van Praag,,,,,,1,2,2024,2025,1
4555,7174250087653827396,TLM (NL),,,,,,1,1,2025,2025,0
4556,8843333926675708160,Yeku,,,,,,1,1,2025,2025,0
4557,7743562635325031336,Unalome,,,,,,1,1,2025,2025,0
4558,4983589955436609030,Better Things to Do,,,,,,1,1,2019,2019,0
4559,8210152598704520579,DJ Aleksi,,,,,,1,2,2019,2022,3
4560,1147686864100120514,Justus Valtanen,,,,,,1,4,2019,2026,7
4561,4634059225261731660,VC-118A,,,,,,1,1,2025,2025,0
4562,8877583213813513776,Max Jaarte,,,,,,1,1,2025,2025,0
4563,3041258591670311957,Sallidoing,,,,,,1,1,2026,2026,0
4564,3633082788535680199,Marko Nastic,Serbia,All,REGIONAL,,,1,2,2005,2006,1
4565,2428215360689241929,Loktibrada,Slovakia,All,REGIONAL,,,1,1,2006,2006,0
4566,3381881825125820625,Fokko Versloot,Netherlands,Rotterdam,REGIONAL,,,1,1,2009,2009,0
4567,7467175592225734706,Ricardo Tobar,Chile,All,REGIONAL,,,1,1,2010,2010,0
4568,2018007355328135378,Kid Culture,Netherlands,Amsterdam,REGIONAL,,,1,1,2011,2011,0
4569,1887962652038267380,La Vondèl,Netherlands,Amsterdam,REGIONAL,,,1,2,2013,2013,0
4570,1142542545519432589,Klaudia Gawlas,Germany,Bavaria,TOP1000,,,1,2,2014,2017,3
4571,2574246948118678315,Spiros Kaloumenos,Greece,All,REGIONAL,,,1,1,2014,2014,0
4572,3794031394989163136,Daniela Haverbeck,Chile,All,REGIONAL,,,1,2,2014,2015,1
4573,5576707893700213801,Unsubscribe,United Kingdom,London,REGIONAL,,,1,1,2015,2015,0
4574,5679857369815181749,Delicatesse,Netherlands,Amsterdam,REGIONAL,,,1,1,2015,2015,0
4575,1579595096654249669,Alle Farben,Germany,Berlin,REGIONAL,,,1,2,2015,2016,1
4576,3987270813212066659,JAMIE,,,,,,1,1,2025,2025,0
4577,6365583777479540540,Benja (NL),Netherlands,Amsterdam,REGIONAL,,,1,1,2026,2026,0
4578,1138337034456222442,Franck,United Kingdom,Edinburgh,REGIONAL,,,1,1,2026,2026,0
4579,2095624284233478492,Kara Okay,Netherlands,Amsterdam,REGIONAL,,,1,1,2026,2026,0
4580,3572671848726103299,Parallx,Germany,Berlin,REGIONAL,,,1,1,2024,2024,0
4581,1204446957361954719,Stef de Haan,Netherlands,Amsterdam,REGIONAL,,,1,2,2024,2026,2
4582,1883306867956002821,Genex,Netherlands,Amsterdam,REGIONAL,,,1,1,2025,2025,0
4583,1867023761413378872,Prance,Netherlands,Amsterdam,REGIONAL,,,1,1,2026,2026,0
4584,5281867160141875615,Norman Nodge,Germany,Berlin,TOP1000,,,3,6,2012,2013,1
4585,4955832824059130057,Gilb'R,France,Paris,REGIONAL,,,6,12,2011,2026,15
4586,1539251793017406487,Pender Street Steppers,Canada,Vancouver,TOP1000,,,9,18,2014,2025,11
4587,8237524910866223379,Solar,United States of America,San Francisco/Oakland,TOP1000,,,8,29,2015,2025,10
4588,7674927929216873125,Huerco S.,United States of America,Philadelphia,TOP1000,,,6,15,2013,2025,12
4589,1701113371390138192,I-F,Netherlands,The Hague,TOP1000,,,14,39,2009,2025,16
4590,953247777654037373,Mood II Swing,United States of America,New York City,REGIONAL,,,6,8,2016,2025,9
4591,6800949585616719286,Antal,Netherlands,Amsterdam,TOP1000,,,24,89,2009,2026,17
4592,2141079941308035844,DJ Assault,United States of America,Detroit,TOP1000,,,3,4,2018,2023,5
4593,3614483177192627691,Dazion,Netherlands,The Hague,REGIONAL,,,6,9,2018,2023,5
4594,8188745062476278147,Ge-ology,United States of America,New York City,REGIONAL,,,7,10,2017,2026,9
4595,7306342206405393357,Mark Grusane,United States of America,Chicago,REGIONAL,,,5,5,2018,2023,5
4596,3089125428743643073,Raphaël Top-Secret,France,Paris,REGIONAL,,,5,7,2018,2022,4
4597,1971798434085716005,Kristiina Männikkö,Finland,All,REGIONAL,,,3,3,2018,2019,1
4598,7102529706774888350,Cera Khin,Tunisia,All,TOP1000,,,10,14,2019,2026,7
4599,7019375216292992228,Mendel,Netherlands,Amsterdam,REGIONAL,,,6,13,2016,2024,8
4600,5829193063128838360,Budino,Italy,Central,TOP1000,,,12,23,2019,2026,7
4601,986022291332553836,Clémentine,France,Paris,REGIONAL,,,5,9,2018,2026,8
4602,8839618651720738982,Deena Abdelwahed,Tunisia,All,TOP1000,,,11,14,2018,2026,8
4603,2715634855051285042,Gui Scott,Brazil,All,REGIONAL,,,5,6,2017,2024,7
4604,5991466928625842264,DJ Nigga Fox,Portugal,Lisbon,REGIONAL,,,5,7,2016,2023,7
4605,4950826912484778283,ZULI,Egypt,All,REGIONAL,,,3,4,2020,2025,5
4606,3744678932432223132,Ondo Fudd,United Kingdom,London,REGIONAL,,,3,6,2020,2025,5
4607,7605673548900917561,Shannen SP,United Kingdom,London,REGIONAL,,,8,18,2021,2026,5
4608,8538693958932482006,Skatebård,Norway,All,TOP1000,,,16,27,2011,2024,13
4609,3865645011952255998,ojoo,Morocco,All,REGIONAL,,,7,11,2022,2025,3
4610,772572994192912986,Noizar,Ukraine,All,REGIONAL,,,7,9,2022,2026,4
4611,7501496414082495989,Nèna,Netherlands,Amsterdam,REGIONAL,,,5,13,2022,2025,3
4612,6656358971539632965,Sarkawt Hamad,Netherlands,Amsterdam,REGIONAL,,,8,13,2023,2026,3
4613,144208964916601337,tINI,Germany,Munich,TOP1000,,,21,38,2014,2026,12
4614,4569118198778628619,Gene On Earth,United States of America,California,REGIONAL,,,20,44,2019,2026,7
4615,201610852022486448,Sandor Dayala,Netherlands,The Hague,REGIONAL,,,3,5,2022,2026,4
4616,9066114602903392851,Willem Feltzer,Netherlands,The Hague,REGIONAL,,,4,6,2024,2026,2
4617,8015700964355327602,DVS1,United States of America,Minnesota,TOP1000,,,34,80,2011,2026,15
4618,3607824152897604929,Tama Sumo,Germany,Berlin,TOP1000,,,27,77,2010,2026,16
4619,6376565193142307530,Fred P,United States of America,New York City,TOP1000,,,14,24,2011,2025,14
4620,134409159894229977,A. Brehme,Belgium,Brussels,REGIONAL,,,4,10,2017,2025,8
4621,7254584770827096568,session 4000,Belgium,Ghent,REGIONAL,,,2,3,2017,2024,7
4622,3209550760922075367,Marcel Dettmann,Germany,Berlin,TOP1000,,,37,134,2009,2026,17
4623,754939472966258107,Aroh,Belgium,Brussels,REGIONAL,,,6,10,2018,2026,8
4624,2542144057852728585,Onur Özer,Germany,Berlin,TOP1000,,,11,19,2008,2026,18
4625,2301579319462462969,Freddy K,Germany,Berlin,TOP1000,,,21,42,2018,2026,8
4626,7184352823320864045,Hadone,France,East,REGIONAL,,,5,12,2020,2025,5
4627,1762575734217865749,Setaoc Mass,United Kingdom,Manchester,TOP1000,,,7,11,2013,2026,13
4628,312188277916894736,Oscar Mulero,Spain,Madrid,TOP1000,,,14,35,2008,2026,18
4629,6539300857641118699,DAX J,United Kingdom,London,TOP1000,,,18,63,2016,2026,10
4630,1086686147310810522,Kafim,Belgium,All,REGIONAL,,,1,1,2023,2023,0
4631,8469069203892761741,Karenn,United Kingdom,London,TOP1000,,,16,34,2013,2024,11
4632,8980296683211867201,Rødhåd,Germany,Berlin,TOP1000,,,18,59,2014,2026,12
4633,7573109210773244644,Zenker Brothers,Germany,Munich,TOP1000,,,17,25,2015,2026,11
4634,4703317269519952964,Clara D,Belgium,All,REGIONAL,,,4,6,2023,2026,3
4635,8549590934710461608,Sally C,Germany,Berlin,TOP1000,,,32,55,2018,2026,8
4636,8854582805134784469,Rene Wise,United Kingdom,South + East,REGIONAL,,,11,16,2021,2026,5
4637,1569946140812986778,Temudo,Portugal,Lisbon,REGIONAL,,,4,7,2025,2026,1
4638,3456655371931103995,Amalie,Belgium,Brussels,REGIONAL,,,2,2,2026,2026,0
4639,4606381927831382403,Dana Kuehr,United States of America,Chicago,REGIONAL,,,6,16,2022,2026,4
4640,8325088748261676317,southstar,Germany,Berlin,REGIONAL,,,5,8,2023,2026,3
4641,4457081221528515515,Wata Igarashi,Japan,Tokyo,REGIONAL,,,11,13,2019,2026,7
4642,8426047657704894266,Cousin,Australia,Sydney,REGIONAL,,,4,4,2023,2026,3
4643,4400097845723232466,Andriy K.,Ukraine,Kyiv,REGIONAL,,,1,1,2026,2026,0
4644,6720173568526561249,Konduku,Netherlands,Amsterdam,REGIONAL,,,15,34,2018,2026,8
4645,2995655233714736391,ohjeelo,Ivory Coast,All,REGIONAL,,,1,1,2026,2026,0
4646,2874761425356979946,Raphael,France,Paris,REGIONAL,,,1,1,2026,2026,0
4647,6066906269975348967,Power Squad,Germany,Berlin,REGIONAL,,,1,2,2025,2025,0
4648,8514837779440510973,Always Late,Greece,All,REGIONAL,,,1,2,2025,2026,1
4649,8418774784116259096,Arno aka Einzelkind,Germany,Berlin,TOP1000,,,3,5,2019,2026,7
4650,2352647208971454218,Christian AB,United Kingdom,London,REGIONAL,,,23,43,2019,2026,7
4651,3695781689322619925,Kayf,Greece,Athens,REGIONAL,,,1,1,2025,2025,0
4652,7302053847727074662,klmn,Estonia,All,REGIONAL,,,1,1,2025,2025,0
4653,3054940162956765088,Kozo,Romania,All,REGIONAL,,,1,1,2025,2025,0
4654,6770893197420231043,Masa Saji,Germany,Augsburg,REGIONAL,,,1,1,2025,2025,0
4655,4964634625238375751,Thalo Santana,Brazil,All,REGIONAL,,,1,2,2025,2026,1
4656,4817257989278036312,Altin Boshnjaku,Kosovo,All,REGIONAL,,,2,3,2022,2026,4
4657,7538170849327193379,Lorenzo Aribone,Italy,Turin,REGIONAL,,,2,3,2025,2026,1
4658,5190899197063966433,Magda,United States of America,Detroit,TOP1000,,,16,26,2005,2026,21
4659,298808574469972618,Mathew Jonson,Canada,Vancouver,TOP1000,,,19,35,2010,2026,16
4660,8679059175575646585,Alexia (2),United Kingdom,London,REGIONAL,,,2,2,2026,2026,0
4661,1440321031721813975,Henriku,Norway,Oslo,REGIONAL,,,3,3,2025,2026,1
4662,5029319562938742805,Niro Perrone,Italy,Central,REGIONAL,,,1,2,2017,2017,0
4663,5091602305604415041,SWIM (AU),Australia,Melbourne,REGIONAL,,,1,1,2026,2026,0
4664,7856284525773988486,Daox,Morocco,All,REGIONAL,,,2,7,2016,2026,10
4665,7919403118291795996,Margaret Dygas,Poland,All,TOP1000,,,15,36,2014,2026,12
4666,4314245479459744565,Diana Oliveira,Portugal,Lisbon,REGIONAL,,,2,8,2018,2026,8
4667,4336297871342393583,Yagya,Iceland,All,REGIONAL,,,1,1,2015,2015,0
4668,1921207706294465271,Cheh,Lebanon,All,REGIONAL,,,1,1,2018,2018,0
4669,5422740574231489988,Karsten Pflum,Denmark,All,REGIONAL,,,1,1,2019,2019,0
4670,7108997624085571461,Hìldå,Lithuania,All,REGIONAL,,,1,3,2019,2022,3
4671,1076846470288712782,Joseph Tagliabue,Italy,Milan,REGIONAL,,,1,1,2022,2022,0
4672,5492699148550330064,Monika Seta,Spain,Barcelona,REGIONAL,,,1,1,2022,2022,0
4673,6363307091134391416,Jogaila,Lithuania,All,REGIONAL,,,1,1,2022,2022,0
4674,3357172667732159517,KI/KI,Netherlands,Amsterdam,TOP1000,,,23,45,2019,2026,7
4675,3561265932838871356,Konstantin Sibold,Germany,Stuttgart,TOP1000,,,8,22,2013,2023,10
4676,5670051544753670092,Sept,Poland,All,REGIONAL,,,1,1,2023,2023,0
4677,2913674694362480349,Lucrecia Dalt,Germany,Berlin,REGIONAL,,,3,3,2013,2023,10
4678,16136500058430986,Max Cooper,United Kingdom,London,TOP1000,,,18,36,2010,2026,16
4679,451442163043659274,DJ Syncbutton,Hungary,All,REGIONAL,,,1,1,2023,2023,0
4680,2358965203662421819,Jaffa Surfa,Hungary,All,REGIONAL,,,1,2,2023,2025,2
4681,2424918172618977061,LAU (6),Hungary,All,REGIONAL,,,1,2,2023,2024,1
4682,1056556720492028230,Schwefelgelb,Germany,Berlin,REGIONAL,,,1,1,2024,2024,0
4683,8622725247969386977,Kvrk,Romania,All,REGIONAL,,,1,1,2024,2024,0
4684,1018092335065997149,dtnb,Hungary,Budapest,REGIONAL,,,1,1,2024,2024,0
4685,9002522019084822509,Kernel,Spain,Madrid,REGIONAL,,,2,2,2024,2024,0
4686,2693735923309542662,Mary Lattimore,United States of America,California,REGIONAL,,,1,1,2025,2025,0
4687,6162455926134174905,DINA,Canada,Toronto,REGIONAL,,,2,3,2025,2026,1
4688,4240542857949687615,Pablo Bozzi,Germany,Berlin,REGIONAL,,,11,18,2022,2026,4
4689,2673297102960759125,Audrey Danza,Switzerland,Geneva,REGIONAL,,,11,14,2023,2025,2
4690,7498681542081623372,Galactic Jackson,Hungary,All,REGIONAL,,,1,1,2025,2025,0
4691,7483114507710966446,Akos V,Hungary,All,REGIONAL,,,1,1,2026,2026,0
4692,1376089880204045126,Pizzicatto,Spain,East,REGIONAL,,,1,6,2017,2026,9
4693,401082858668637658,Tai Rona,Israel,Tel Aviv,REGIONAL,,,1,1,2019,2019,0
4694,5565892768164001605,Opal Sunn,Germany,Berlin,REGIONAL,,,3,3,2019,2024,5
4695,3541339637450599391,Kostrok,Spain,Madrid,REGIONAL,,,1,2,2019,2020,1
4696,5584312269972078735,Goalmaker,Spain,East,REGIONAL,,,2,7,2019,2026,7
4697,2645093853983966039,Hamish,,,,,,15,60,2019,2026,7
4698,3497902218730676436,Alëx,France,West,REGIONAL,,,2,2,2015,2023,8
4699,5294285527890029162,Admo,France,South East,REGIONAL,,,5,6,2024,2026,2
4700,3569263006532259985,Blanch,Spain,Valencia,REGIONAL,,,1,1,2024,2024,0
4701,1315418726085023783,Alffie,Spain,Madrid,REGIONAL,,,1,1,2024,2024,0
4702,1872017231686128374,Silverlining,United Kingdom,London,REGIONAL,,,6,9,2022,2026,4
4703,3228633711157479053,JUAAN,Argentina,Buenos Aires,REGIONAL,,,1,1,2025,2025,0
4704,163462008140231992,DJ Senc,Italy,Central,REGIONAL,,,7,14,2023,2026,3
4705,4966167564631424808,Angel Sani,Spain,Ibiza,REGIONAL,,,1,1,2025,2025,0
4706,7579040910543118721,Grem (IT),Italy,Bologna,REGIONAL,,,1,1,2025,2025,0
4707,7551973680395359575,Rancel,Spain,Canary Islands,REGIONAL,,,1,1,2025,2025,0
4708,1220188829097751679,Brasi,Italy,Rome,REGIONAL,,,5,5,2022,2026,4
4709,8650284963418135446,Nacho Marco,Spain,East,REGIONAL,,,1,1,2026,2026,0
4710,4771283423039487203,Olga Korol,Ukraine,All,TOP1000,,,6,8,2016,2026,10
4711,6312181776733260563,Cashu,Brazil,All,TOP1000,,,9,15,2017,2025,8
4712,4299547088048248375,Remma,Netherlands,All,REGIONAL,,,4,5,2019,2026,7
4713,6534065568622567852,Verity,Netherlands,All,REGIONAL,,,6,8,2023,2025,2
4714,7192836227849366279,Clark,United Kingdom,London,REGIONAL,,,5,11,2007,2026,19
4715,7835560833097081963,Richie Hawtin,United Kingdom,South + East,TOP1000,,,16,42,2006,2026,20
4716,361321874184652800,Bordello,Canada,Toronto,REGIONAL,,,2,2,2008,2019,11
4717,3574337853684800330,Love Affair,,,,,,6,6,2008,2026,18
4718,1224519763257914590,Melon,Netherlands,Amsterdam,REGIONAL,,,5,15,2007,2016,9
4719,1695312990249455323,Smaak,,,,,,1,1,2008,2008,0
4720,8725641356974476837,Diplo,United States of America,Miami,REGIONAL,,,1,1,2008,2008,0
4721,2889132070251363569,Ille Bitch,Netherlands,Amsterdam,REGIONAL,,,2,2,2008,2008,0
4722,6116948477361554175,Squarepusher,United Kingdom,London,TOP1000,,,3,5,2009,2022,13
4723,8868431650827450556,The Darkraver,Netherlands,The Hague,REGIONAL,,,1,1,2009,2009,0
4724,750899566956502227,Slam,United Kingdom,Glasgow,TOP1000,,,6,7,2009,2020,11
4725,5852599000545186723,SONATA,Belarus,All,REGIONAL,,,1,1,2009,2009,0
4726,5435841543474961970,The Prodigy,United Kingdom,London,REGIONAL,,,3,4,2009,2025,16
4727,1639152001872296616,Dixon,Germany,Berlin,TOP1000,,,19,85,2009,2026,17
4728,1870046928724541057,Crystal Fighters,United Kingdom,London,REGIONAL,,,1,4,2009,2013,4
4729,5004634858588480016,Rusko,United Kingdom,London,REGIONAL,,,3,5,2008,2019,11
4730,7752617250088095964,Micachu,United Kingdom,London,REGIONAL,,,2,3,2009,2009,0
4731,5304485378379861236,The xx,United Kingdom,London,REGIONAL,,,1,3,2010,2017,7
4732,8270318988329192911,Major Lazer,,,,,,1,3,2010,2015,5
4733,3813497631694784414,Dr. Lektroluv,Belgium,All,REGIONAL,,,1,1,2010,2010,0
4734,4499056204512456740,Caspa,United Kingdom,London,REGIONAL,,,2,2,2010,2024,14
4735,1714079679964343021,anouk,Germany,Stuttgart,REGIONAL,,,1,1,2010,2010,0
4736,5625773661619271479,Delta Funktionen,Netherlands,All,TOP1000,,,5,7,2010,2017,7
4737,2576127507264291695,Flying Lotus,United States of America,Los Angeles,TOP1000,,,2,2,2010,2012,2
4738,8174567158688724902,Tettero,,,,,,2,3,2008,2010,2
4739,2247353272060368938,Tinie Tempah,United Kingdom,London,REGIONAL,,,1,1,2010,2010,0
4740,403690427780374634,Deadbeat,Canada,Montreal,TOP1000,,,10,20,2011,2026,15
4741,4631507020919957758,Azari,,,,,,1,1,2011,2011,0
4742,214036391779132674,Tensnake,Germany,Hamburg,REGIONAL,,,4,4,2011,2017,6
4743,8371447122307393739,Chromeo,Canada,Montreal,REGIONAL,,,1,1,2011,2011,0
4744,4506085797415076272,Factory Floor,United Kingdom,London,REGIONAL,,,9,10,2011,2026,15
4745,1872199519207370294,Sleigh Bells,United States of America,New York City,REGIONAL,,,1,1,2012,2012,0
4746,7367481207272418971,Rudimental,United Kingdom,London,REGIONAL,,,2,3,2012,2015,3
4747,3598263540501767634,Nguzunguzu,United States of America,Los Angeles,REGIONAL,,,1,1,2012,2012,0
4748,3245925955293661154,Maarten Mittendorff,Netherlands,Amsterdam,REGIONAL,,,5,13,2011,2019,8
4749,3169310758532341284,Chromatics,United States of America,Oregon,TOP1000,,,2,3,2012,2020,8
4750,1899784886410682742,Disclosure,United Kingdom,London,TOP1000,,,8,13,2012,2024,12
4751,1582575397920578855,Tune-Yards,United Kingdom,London,REGIONAL,,,1,1,2012,2012,0
4752,2394961360048935779,Posij,Netherlands,All,REGIONAL,,,1,1,2012,2012,0
4753,6843111045441191851,Steve Reich,United States of America,New York City,REGIONAL,,,4,5,2013,2018,5
4754,5716999410375385847,Nero,United Kingdom,North,REGIONAL,,,2,5,2010,2013,3
4755,2556406869538586517,DJ Nobody,United States of America,Los Angeles,REGIONAL,,,1,1,2013,2013,0
4756,2216409621037545716,Austra,Canada,Toronto,REGIONAL,,,2,2,2011,2013,2
4757,330655471191356131,Maceo Plex,United States of America,Miami,TOP1000,,,13,55,2013,2026,13
4758,5788852583645662219,Matias Aguayo,Germany,Berlin,TOP1000,,,8,11,2011,2023,12
4759,1282439929333611968,Charanjit Singh,India,Other regions,REGIONAL,,,2,3,2013,2013,0
4760,1568006092519551044,Siriusmo,Germany,Berlin,REGIONAL,,,4,4,2012,2015,3
4761,2846579931131312973,Dusky,United Kingdom,London,TOP1000,,,8,14,2012,2017,5
4762,1614271576194205861,Trippy Turtle,United States of America,Los Angeles,REGIONAL,,,1,1,2015,2015,0
4763,7204259438157401428,Tsepo,Netherlands,Amsterdam,REGIONAL,,,10,26,2015,2026,11
4764,1313583109838474922,Skepta,United Kingdom,London,TOP1000,,,4,4,2015,2024,9
4765,8616663300474848360,SOFI TUKKER,United States of America,New York City,REGIONAL,,,2,2,2018,2019,1
4766,5249221853128120615,Surgeon,United Kingdom,Midlands,TOP1000,,,17,51,2009,2026,17
4767,5789109680102919746,Volvox,United States of America,New York City,TOP1000,,,11,15,2017,2025,8
4768,4822458886852921415,SOPHIE,United Kingdom,London,TOP1000,,,3,3,2018,2020,2
4769,7537988882023133174,Amelie Lens,Belgium,All,TOP1000,,,10,37,2017,2026,9
4770,9191753149173681444,Courts,Netherlands,Amsterdam,REGIONAL,,,3,3,2017,2020,3
4771,6278543507174831176,Animistic Beliefs,Netherlands,Rotterdam,REGIONAL,,,10,17,2017,2024,7
4772,1318492995618291038,Garo,,,REGIONAL,,,1,4,2022,2026,4
4773,2862435243348477862,Vetomir,Bulgaria,All,REGIONAL,,,1,2,2024,2025,1
4774,3454130759284812530,Michelle,Uruguay,All,REGIONAL,,,5,5,2021,2026,5
4775,7000835726400040581,The Hosts,Bulgaria,Sofia,REGIONAL,,,1,1,2026,2026,0
4776,6818920776229237381,Kromestar,United Kingdom,London,REGIONAL,,,1,10,2008,2015,7
4777,3618905306554903210,Commix,United Kingdom,Midlands,REGIONAL,,,2,6,2009,2018,9
4778,7036400271442479986,D Double E,United Kingdom,London,REGIONAL,,,5,10,2010,2026,16
4779,1939404426002806799,Kryptic Minds,United Kingdom,London,REGIONAL,,,1,7,2010,2013,3
4780,3030603958478470371,The Heatwave,United Kingdom,London,REGIONAL,,,3,11,2010,2022,12
4781,5399735360724397807,Pangaea,United Kingdom,London,TOP1000,,,17,69,2009,2026,17
4782,8067657591046750212,Barrington Levy,Jamaica,All,REGIONAL,,,1,2,2011,2014,3
4783,1803794149038196752,MJ Cole,United Kingdom,London,REGIONAL,,,4,9,2011,2026,15
4784,2770568024113832477,Icicle,United Kingdom,London,REGIONAL,,,1,9,2011,2018,7
4785,293264480865855596,Doctor P,United Kingdom,London,REGIONAL,,,1,1,2011,2011,0
4786,3858112246918956754,Jay Kilka,United Kingdom,North,REGIONAL,,,1,1,2011,2011,0
4787,1767203245430521019,Dub Phizix,United Kingdom,North,REGIONAL,,,3,15,2012,2025,13
4788,7772089782941047636,Sei A,United Kingdom,London,REGIONAL,,,2,4,2012,2012,0
4789,1927561178574497869,Lone,United Kingdom,Midlands,TOP1000,,,12,18,2011,2026,15
4790,7589907546087570318,Marcus Intalex,United Kingdom,London,REGIONAL,,,3,4,2012,2016,4
4791,4631428460824475682,Remarc,United Kingdom,South + East,REGIONAL,,,2,2,2012,2023,11
4792,2606916179121951779,Lenzman,Netherlands,Amsterdam,REGIONAL,,,7,20,2012,2025,13
4793,3233725710810593596,xxxy,United Kingdom,Manchester,REGIONAL,,,5,6,2012,2018,6
4794,3066226499191538472,Octane,Australia,Melbourne,REGIONAL,,,1,1,2012,2012,0
4795,8997475011549117815,Lurka,United Kingdom,West + Wales,REGIONAL,,,1,1,2012,2012,0
4796,7273667211439627441,Shy FX,United Kingdom,London,TOP1000,,,7,20,2008,2026,18
4797,9025696383575318264,Kasra,United Kingdom,London,REGIONAL,,,1,5,2013,2022,9
4798,6429986898097275303,Andrés,United States of America,Detroit,TOP1000,,,2,2,2014,2024,10
4799,8811344278982469879,Wookie,United Kingdom,London,REGIONAL,,,3,8,2014,2026,12
4800,6496667146024032416,Jonwayne,United States of America,Los Angeles,REGIONAL,,,2,3,2014,2017,3
4801,4485621114167165444,Andrew Ashong,United Kingdom,London,REGIONAL,,,7,10,2013,2022,9
4802,3008862021695319866,Total Science,United Kingdom,London,REGIONAL,,,1,5,2014,2023,9
4803,8137067551372211243,Norman Jay,United Kingdom,London,TOP1000,,,5,14,2015,2025,10
4804,3374283897489093602,Bad Company UK,United Kingdom,London,REGIONAL,,,1,1,2015,2015,0
4805,1457594883983811023,Bodhi,United Kingdom,West + Wales,REGIONAL,,,3,4,2014,2015,1
4806,628596602480628214,Mumdance,United Kingdom,Brighton,TOP1000,,,3,4,2015,2019,4
4807,7521738010232131608,The Upbeats,New Zealand,South Island,REGIONAL,,,1,1,2015,2015,0
4808,1622039205965632375,Fallow,United Kingdom,North,REGIONAL,,,1,1,2015,2015,0
4809,8540376588422880470,Hiatus Kaiyote,Australia,Melbourne,REGIONAL,,,3,3,2016,2020,4
4810,2122080810468470089,Lady Leshurr,United Kingdom,Midlands,REGIONAL,,,5,6,2016,2019,3
4811,3091227006065513652,LSB,United Kingdom,London,REGIONAL,,,4,4,2016,2023,7
4812,5857067431763601060,Ulterior Motive,United Kingdom,South + East,REGIONAL,,,2,4,2014,2016,2
4813,7954505569180969976,Capo Lee,United Kingdom,London,REGIONAL,,,2,3,2017,2025,8
4814,2825830294154745884,Chris Lorenzo,United Kingdom,Midlands,REGIONAL,,,1,1,2017,2017,0
4815,6250586096657426123,Mr Thing,United Kingdom,London,REGIONAL,,,4,6,2011,2024,13
4816,6264950742818375211,Swing Ting,United Kingdom,North,REGIONAL,,,3,3,2017,2021,4
4817,1973471026832871472,Sammy Virji,United Kingdom,Newcastle,REGIONAL,,,4,10,2018,2026,8
4818,4630948706987105890,Jamakabi,United Kingdom,London,REGIONAL,,,1,3,2018,2019,1
4819,3897356133603740630,S.P.Y,United Kingdom,London,REGIONAL,,,3,4,2013,2019,6
4820,578629210090847045,Snare,,,,,,2,2,2014,2018,4
4821,8406154172882022979,Chunky,United Kingdom,North,REGIONAL,,,5,12,2018,2026,8
4822,6190975294910789502,Zero T,United Kingdom,London,REGIONAL,,,2,7,2015,2023,8
4823,2694210929888726054,Eksman,United Kingdom,London,REGIONAL,,,1,2,2018,2018,0
4824,2739944404904932883,Kyrist,United Kingdom,West + Wales,REGIONAL,,,1,3,2018,2022,4
4825,9121539168513968674,Blocks,,,,,,1,2,2018,2018,0
4826,2855777872457712302,DRS,United Kingdom,London,REGIONAL,,,4,9,2018,2025,7
4827,2538311983989612551,Break,United Kingdom,West + Wales,REGIONAL,,,1,1,2018,2018,0
4828,6059808320210046124,Jetsss,United Kingdom,London,REGIONAL,,,2,2,2019,2026,7
4829,7474061925771604241,Nymfo,Netherlands,Amsterdam,REGIONAL,,,1,1,2019,2019,0
4830,8530574685866405432,207,Croatia,All,REGIONAL,,,1,3,2019,2025,6
4831,6500535345271760110,CVSS,United Kingdom,London,REGIONAL,,,1,1,2019,2019,0
4832,1003232244580114230,Breakfake,Latvia,All,REGIONAL,,,1,7,2020,2026,6
4833,526785130837567169,Conducta,United Kingdom,West + Wales,REGIONAL,,,8,13,2017,2026,9
4834,2438540086536088472,Oppidan,United Kingdom,London,REGIONAL,,,10,15,2021,2026,5
4835,7287269584317040161,Ourman,France,Paris,REGIONAL,,,1,2,2021,2024,3
4836,813515986958005547,DREYA,Austria,Vienna,REGIONAL,,,2,3,2022,2022,0
4837,7918312555305695954,Marka,Hungary,All,REGIONAL,,,1,1,2022,2022,0
4838,5608028554782285491,Truth,New Zealand,South Island,REGIONAL,,,1,2,2022,2023,1
4839,4293573684058712514,Changsie,Japan,Kanto,REGIONAL,,,1,1,2022,2022,0
4840,3190694538303646551,Tasha,United Kingdom,London,TOP1000,,,18,34,2015,2026,11
4841,5738991606305935186,Averse,France,Paris,REGIONAL,,,1,1,2022,2022,0
4842,6831644851431663696,DE:TU,United Kingdom,Bristol,REGIONAL,,,1,1,2022,2022,0
4843,4098918169579344976,Haseeb Iqbal,United Kingdom,London,REGIONAL,,,7,14,2021,2026,5
4844,4644429418076182487,J Oh Zee,United Kingdom,London,REGIONAL,,,1,1,2022,2022,0
4845,6285896255831597878,Silva Snipa,United Kingdom,South + East,REGIONAL,,,1,3,2022,2025,3
4846,7699338395149871388,O.B.F,France,East,REGIONAL,,,3,6,2023,2026,3
4847,4022942923338626632,Workforce,United Kingdom,Brighton,REGIONAL,,,2,2,2023,2024,1
4848,7183547435469161148,MOLECULAR,Latvia,All,REGIONAL,,,1,1,2023,2023,0
4849,195947135273266951,Neffa-T,United Kingdom,London,REGIONAL,,,7,15,2023,2026,3
4850,7260648767516131398,Quartz (2),United Kingdom,West + Wales,REGIONAL,,,1,1,2023,2023,0
4851,6208438704951791413,Frazer Ray,United Kingdom,London,REGIONAL,,,3,6,2023,2026,3
4852,7066127980848463765,Hamdi,Germany,Frankfurt,REGIONAL,,,3,3,2023,2026,3
4853,1950349345291276030,Jackum,United Kingdom,Leeds,REGIONAL,,,1,1,2024,2024,0
4854,1635984862396146137,Janaway,United Kingdom,Bristol,REGIONAL,,,2,3,2024,2026,2
4855,8758194613911717743,Aloka,United Kingdom,West + Wales,REGIONAL,,,4,9,2022,2025,3
4856,4821416799941710488,Peroli,Brazil,Sao Paulo,REGIONAL,,,1,2,2025,2026,1
4857,8025756415801077896,K-LONE (UK),,,,,,9,14,2022,2026,4
4858,443895216155708010,MC Yallah,Kenya,All,REGIONAL,,,4,4,2022,2025,3
4859,53228671398497810,NOIA,Portugal,Porto,REGIONAL,,,1,1,2025,2025,0
4860,7062883402628392675,Dusty Dan,United Kingdom,London,REGIONAL,,,1,1,2025,2025,0
4861,6581585004116140905,Burna,Australia,Perth,REGIONAL,,,2,2,2025,2025,0
4862,6585906646773049201,Simon Scott,United Kingdom,Leeds,REGIONAL,,,4,13,2022,2026,4
4863,1752126302796085865,Mattik,Greece,All,REGIONAL,,,3,4,2024,2025,1
4864,5210926986375539816,Logan (2),United States of America,New York City,REGIONAL,,,1,2,2025,2026,1
4865,2423580008686993688,Tazer,United Kingdom,London,REGIONAL,,,1,1,2025,2025,0
4866,4848025926221276224,BOTHER,Spain,Madrid,REGIONAL,,,1,1,2025,2025,0
4867,696612733418791614,COIDO,Italy,Central,REGIONAL,,,1,1,2026,2026,0
4868,7942622897762097465,Douvelle19,United Kingdom,West + Wales,REGIONAL,,,1,1,2026,2026,0
4869,334355177232829325,EZ Riser,India,Mumbai,REGIONAL,,,1,1,2026,2026,0
4870,3586390024393812552,Samba,United Kingdom,London,REGIONAL,,,1,1,2026,2026,0
4871,7980386130826964798,livwutang,United States of America,Colorado,REGIONAL,,,22,30,2023,2026,3
4872,2157488893889700480,Nectax,United Kingdom,Newcastle,REGIONAL,,,2,2,2022,2026,4
4873,3397290061522893485,Nio-B,United Kingdom,London,REGIONAL,,,1,1,2026,2026,0
4874,3885161374344398875,Osmosis Jones,Australia,Victoria,REGIONAL,,,1,1,2026,2026,0
4875,4763568747168686122,patricccio,Mexico,Monterrey,REGIONAL,,,1,1,2026,2026,0
4876,9134273172946571440,Josh Baker,United Kingdom,Manchester,REGIONAL,,,9,23,2019,2026,7
4877,8213306653831561968,Ron Obvious,United Kingdom,London,REGIONAL,,,4,11,2019,2025,6
4878,3606840379629860214,Fatzo,France,Paris,REGIONAL,,,5,12,2020,2026,6
4879,3380716362949150373,ADMNTi,United Kingdom,London,REGIONAL,,,3,8,2020,2026,6
4880,2316269737425201418,Nathan Pinder,United Kingdom,Manchester,REGIONAL,,,2,2,2021,2022,1
4881,6137405024093701459,Nick Dansu,United Kingdom,Manchester,REGIONAL,,,2,3,2021,2022,1
4882,4839878170366054553,Chez Damier,United States of America,Chicago,TOP1000,,,16,18,2009,2026,17
4883,6250615677733066727,Charonne,France,Paris,REGIONAL,,,2,2,2021,2023,2
4884,2633794702575586793,Itchy Rich,United Kingdom,London,REGIONAL,,,5,22,2015,2025,10
4885,1576587893772300489,NorthSouth,United Kingdom,London,REGIONAL,,,1,4,2023,2026,3
4886,8935226641767813507,Artbat,Ukraine,All,TOP1000,,,4,7,2019,2025,6
4887,4187249551234584336,Rooléh,Netherlands,Amsterdam,REGIONAL,,,1,1,2023,2023,0
4888,1509265958488214593,Emiliano90,United Kingdom,London,REGIONAL,,,1,1,2024,2024,0
4889,1465345027398648018,Djammin,United Kingdom,London,REGIONAL,,,1,1,2024,2024,0
4890,76393769616821138,Jasper James,United Kingdom,Scotland,TOP1000,,,11,13,2014,2026,12
4891,9086422175234526079,Mad.Again (2),United Kingdom,London,REGIONAL,,,3,10,2024,2026,2
4892,2478781933319278509,Cody Currie,United Kingdom,London,REGIONAL,,,4,4,2022,2024,2
4893,2088995626905786138,Tom Da Silva,United Kingdom,London,REGIONAL,,,1,3,2025,2026,1
4894,996059173017271413,Wax Material,United Kingdom,London,REGIONAL,,,4,5,2022,2026,4
4895,5094070171846508728,Jamie Fielding,United Kingdom,London,REGIONAL,,,2,2,2025,2025,0
4896,173124145353338340,Ryan Connolly,Spain,Ibiza,REGIONAL,,,2,2,2025,2025,0
4897,5277518438724198248,Jamback,Netherlands,Rotterdam,REGIONAL,,,4,15,2023,2026,3
4898,1959665535774320375,Traumer,France,Paris,REGIONAL,,,11,24,2014,2026,12
4899,5210714222536041468,Omar+,United Kingdom,London,REGIONAL,,,3,4,2025,2026,1
4900,3099190059254840311,Sidney Charles,Germany,Hamburg,REGIONAL,,,7,10,2015,2026,11
4901,2572085206505299540,Girls Don't Sync,United Kingdom,London,REGIONAL,,,8,9,2024,2026,2
4902,6322583421761079330,Julian Fijma,Netherlands,All,REGIONAL,,,6,6,2023,2026,3
4903,3339123691976918170,Paisley Jensen,United Kingdom,Midlands,REGIONAL,,,3,3,2025,2026,1
4904,956177539157851117,KHALK,France,South West,REGIONAL,,,1,12,2017,2024,7
4905,1087797335090683139,Discomatin,France,Paris,REGIONAL,,,1,1,2019,2019,0
4906,1442076742951284358,Lauer,Germany,Frankfurt,REGIONAL,,,6,9,2016,2022,6
4907,5864868066628904414,Maxye,France,Paris,REGIONAL,,,4,4,2018,2023,5
4908,8877537052965766349,Turnbalism,France,Paris,REGIONAL,,,1,1,2019,2019,0
4909,8981661402540892201,Jacques Bon,France,Paris,REGIONAL,,,1,1,2020,2020,0
4910,3018978847699505867,Woddd,France,Paris,REGIONAL,,,1,3,2020,2022,2
4911,4713177336470429065,Eli Verveine,Switzerland,All,TOP1000,,,10,12,2019,2026,7
4912,3661307209847762696,Anastasia Kristensen,Denmark,All,TOP1000,,,7,14,2017,2023,6
4913,3432916065539426849,DJ Reiz,France,Paris,REGIONAL,,,1,1,2021,2021,0
4914,2744811146989660711,Kraumur,Georgia,Tbilisi,REGIONAL,,,1,1,2022,2022,0
4915,1026062546434763948,Hewan Aman,France,Paris,REGIONAL,,,5,14,2022,2026,4
4916,5313907014967671392,Paquita Gordon,Italy,Milan,TOP1000,,,25,56,2018,2026,8
4917,3781904497670466620,Laura BCR,France,Paris,REGIONAL,,,4,6,2019,2025,6
4918,9032387675441193319,S.A.M.,Denmark,All,REGIONAL,,,4,4,2021,2025,4
4919,2831897171609886009,Javier Bähr,Germany,Darmstadt,REGIONAL,,,1,1,2023,2023,0
4920,742058407809841671,DHC,Germany,Berlin,REGIONAL,,,10,11,2023,2024,1
4921,2676927555264334309,Maara,Canada,Montreal,REGIONAL,,,8,13,2023,2026,3
4922,6719261620063121148,Maco Maria,France,Paris,REGIONAL,,,1,5,2024,2025,1
4923,1685376223070449348,Tamada (FR),France,Paris,REGIONAL,,,2,4,2024,2026,2
4924,3917339500416821359,suki,Australia,Melbourne,REGIONAL,,,2,3,2024,2024,0
4925,5480526045806472954,Matthew Dexter,Switzerland,All,REGIONAL,,,2,3,2025,2025,0
4926,8882269064586240622,Anatolian Weapons,Greece,All,REGIONAL,,,3,3,2017,2025,8
4927,1917799674563448192,So-Fi,France,Paris,REGIONAL,,,4,5,2022,2025,3
4928,1091294042276690284,Von Riu,France,Paris,REGIONAL,,,1,1,2025,2025,0
4929,8620417248059520856,Lora Mipsum,United Kingdom,London,REGIONAL,,,4,9,2022,2026,4
4930,5052032329289440246,AERAE,France,French Riviera,REGIONAL,,,2,2,2025,2026,1
4931,760062155705127014,Anaco,Spain,North,REGIONAL,,,2,3,2024,2026,2
4932,3006778817926000622,Clara!,Spain,North,REGIONAL,,,7,8,2019,2026,7
4933,7383237373733564656,Okouru,France,Paris,REGIONAL,,,1,2,2026,2026,0
4934,2493100322603460856,Dilby,New Zealand,South Island,REGIONAL,,,1,1,2015,2015,0
4935,8505734728361128199,Sanja Kelevra,Germany,Berlin,REGIONAL,,,1,1,2016,2016,0
4936,4968940638082512845,Dada Disco,Germany,Berlin,REGIONAL,,,2,3,2014,2016,2
4937,3916825875969292802,Mr Nô,France,Central,REGIONAL,,,1,1,2016,2016,0
4938,7416109205938365929,Miyagi,Germany,Hamburg,REGIONAL,,,2,2,2017,2018,1
4939,6047599818611431018,Tropikal Camel,Germany,Berlin,REGIONAL,,,1,1,2017,2017,0
4940,7590566092612585528,Hyenah,Cayman Islands,All,REGIONAL,,,1,1,2017,2017,0
4941,5005987890033358980,BéCANE,France,Paris,REGIONAL,,,1,1,2017,2017,0
4942,982276040446137350,Vactrol Park,United Kingdom,London,REGIONAL,,,1,1,2017,2017,0
4943,1181988124010780945,Le Monkey,France,South East,REGIONAL,,,1,1,2017,2017,0
4944,7166693620111130719,Camion Bazar,France,Paris,REGIONAL,,,4,11,2017,2026,9
4945,3514235363714689330,Frolov,Ukraine,All,REGIONAL,,,1,1,2023,2023,0
4946,8714534825591392188,Zhar,France,East,REGIONAL,,,1,2,2025,2025,0
4947,8181481500549144152,OPH,France,Lyon,REGIONAL,,,2,4,2024,2025,1
4948,6226521388487574178,Rachel Noon,United States of America,New York City,REGIONAL,,,5,5,2023,2026,3
4949,2631451779206698299,Man/Ipulate,France,Marseille,REGIONAL,,,2,2,2024,2025,1
4950,8060954248115261166,Mwaah,Germany,Hamburg,REGIONAL,,,1,1,2025,2025,0
4951,4206334449960723531,Farn,France,Paris,REGIONAL,,,1,1,2025,2025,0
4952,5919771012558686437,Kæmena,,,,,,1,1,2025,2025,0
4953,5285900603718061236,LENI (DE),Germany,Leipzig,REGIONAL,,,1,1,2025,2025,0
4954,1895662349987401242,Dj Schnake,France,Paris,REGIONAL,,,1,1,2025,2025,0
4955,7154988797410245264,Sevenbeatz,France,South West,REGIONAL,,,1,1,2025,2025,0
4956,4006225050574015041,Schtu,United Kingdom,North,REGIONAL,,,1,1,2026,2026,0
4957,5359670942463561974,Innersha,Armenia,All,REGIONAL,,,2,2,2026,2026,0
4958,251564922360943233,Egna,France,Paris,REGIONAL,,,1,1,2026,2026,0
4959,866074574145317884,Dielli,France,Paris,REGIONAL,,,1,1,2026,2026,0
4960,6951993703298366208,Tommy (2),Japan,Tokyo,REGIONAL,,,1,1,2026,2026,0
4961,7608060937980910678,Ricky Corazón,Chile,All,REGIONAL,,,1,1,2026,2026,0
4962,1373173683903127659,Laurens,Belgium,All,REGIONAL,,,1,1,2026,2026,0
4963,661954066461083026,Van Anh,Netherlands,Amsterdam,REGIONAL,,,7,15,2017,2026,9
4964,6797094996045862745,Gustav Goodstuff,Netherlands,Rotterdam,REGIONAL,,,2,3,2018,2019,1
4965,4706076320265872297,Times are Ruff,Netherlands,The Hague,REGIONAL,,,2,2,2016,2018,2
4966,8191274658095794119,Lux.,Germany,Leipzig,TOP1000,,,3,3,2017,2026,9
4967,2693522658580735351,Scientific Dreamz of U,United Kingdom,London,REGIONAL,,,2,2,2015,2018,3
4968,2696120191493822039,Vox supreme,Netherlands,The Hague,REGIONAL,,,3,6,2019,2024,5
4969,4050916195089953154,999999999,Italy,North,TOP1000,,,14,23,2019,2026,7
4970,6299458100453439581,TAFKAMP,Netherlands,Rotterdam,REGIONAL,,,5,8,2019,2026,7
4971,5327439874836696092,Thomas Hayat,France,Paris,REGIONAL,,,1,1,2024,2024,0
4972,7619733685347081554,Hassan Abou Alam,Egypt,All,REGIONAL,,,1,1,2025,2025,0
4973,2160605258241972740,Garçon,Switzerland,All,REGIONAL,,,5,9,2018,2026,8
4974,3016384937482484503,Narciss,Germany,Berlin,REGIONAL,,,17,21,2022,2026,4
4975,8880214737919004509,DJ Paulette,United Kingdom,Manchester,REGIONAL,,,9,16,2019,2024,5
4976,423421857521902145,Rebecca Vasmant,United Kingdom,Scotland,REGIONAL,,,5,10,2019,2025,6
4977,38225173255493178,Adam Mclean,United Kingdom,Birmingham,REGIONAL,,,1,3,2025,2026,1
4978,1730825252655689767,Dig This,United Kingdom,Liverpool,REGIONAL,,,4,7,2023,2026,3
4979,1943795203150395020,Dadenii,United Kingdom,West + Wales,REGIONAL,,,1,1,2025,2025,0
4980,6119666052264870476,Eksish,United Kingdom,Bristol,REGIONAL,,,5,7,2018,2026,8
4981,6968460907296474907,Mitch Wellings,United Kingdom,Midlands,REGIONAL,,,1,1,2025,2025,0
4982,6266670127419765479,Lily C-D,United Kingdom,Manchester,REGIONAL,,,1,1,2026,2026,0
4983,4850320000051672833,Simo Lorenz,Germany,Berlin,REGIONAL,,,1,2,2014,2015,1
4984,8639229626189371049,Tom Hades,Belgium,All,REGIONAL,,,2,2,2009,2014,5
4985,3106177757715074425,Filterheadz,Belgium,All,REGIONAL,,,1,1,2014,2014,0
4986,694247647096124404,Tim Hoeben,Netherlands,Amsterdam,REGIONAL,,,2,2,2014,2015,1
4987,2182624848005526307,Portable,France,Paris,REGIONAL,,,7,25,2007,2025,18
4988,8096365563272647741,Camiel Daamen,Netherlands,Amsterdam,REGIONAL,,,2,15,2014,2022,8
4989,534440834695569072,Egbert,Netherlands,All,REGIONAL,,,3,14,2011,2019,8
4990,6689453194805550115,DJ Herr,Spain,Barcelona,REGIONAL,,,2,2,2015,2016,1
4991,6356669454669339922,RPR Soundsystem,Romania,All,REGIONAL,,,2,2,2015,2021,6
4992,5022386765154775194,Nadia Struiwigh,Germany,Berlin,REGIONAL,,,7,11,2014,2026,12
4993,6820331784968947115,Wigbert,Germany,Frankfurt,REGIONAL,,,1,1,2015,2015,0
4994,6014454332568225911,Ilario Alicante,Italy,Milan,TOP1000,,,4,10,2015,2025,10
4995,4117033909973769631,Jayro,Spain,Ibiza,REGIONAL,,,1,1,2017,2017,0
4996,8171654342736624737,Exium,Spain,North,REGIONAL,,,1,1,2017,2017,0
4997,4625512409763146258,Pfirter,Argentina,All,REGIONAL,,,2,2,2014,2017,3
4998,7217284705858669386,Enrico Sangiuliano,Italy,North,TOP1000,,,4,12,2017,2026,9
4999,5935162280913971901,Cailín,Ireland,All,REGIONAL,,,1,1,2019,2019,0
5000,4876473363559682308,Dense,,,,,,7,15,2013,2026,13
5001,3226247774065886216,Pika,,,,,,7,15,2013,2026,13
5002,919905573874654606,Latmun,United Kingdom,London,TOP1000,,,3,3,2018,2019,1
5003,3129051028789020158,Nic Fanciulli,United Kingdom,London,TOP1000,,,3,4,2014,2019,5
5004,8024059575596743646,Patrice Bäumel,Germany,Saxony,TOP1000,,,7,17,2015,2025,10
5005,7954007226680486714,Mathame,Italy,Milan,TOP1000,,,6,10,2019,2024,5
5006,1270928033538895698,Vuur,Netherlands,Amsterdam,REGIONAL,,,8,13,2022,2025,3
5007,7070303623761660667,Eli Brown,United Kingdom,West + Wales,REGIONAL,,,3,8,2019,2026,7
5008,2534428826410696484,Jen Cardini,France,Paris,TOP1000,,,27,60,2006,2026,20
5009,4863171206926515120,Corren Cavini,Netherlands,Utrecht,REGIONAL,,,1,1,2024,2024,0
5010,567383416114719845,M-High,Netherlands,Amsterdam,REGIONAL,,,5,27,2023,2026,3
5011,25203281273304470,BIANKA,Venezuela,All,REGIONAL,,,2,3,2025,2026,1
5012,8915617367198692469,Juicy Romance,Australia,Melbourne,REGIONAL,,,6,10,2019,2026,7
5013,245702575622347416,Younger Than Me,Italy,Milan,REGIONAL,,,2,2,2025,2025,0
5014,7778916229606621326,Sex Wax (2),Netherlands,Amsterdam,REGIONAL,,,1,2,2025,2026,1
5015,1928922101273193349,Taylah Elaine,United Kingdom,London,REGIONAL,,,2,3,2021,2026,5
5016,4503487495194875799,Ahadadream,United Kingdom,London,REGIONAL,,,14,18,2019,2025,6
5017,1516263090585828366,Acid Arab,France,Paris,TOP1000,,,8,9,2014,2026,12
5018,4222128681742487548,Tarzsa,United Kingdom,North,REGIONAL,,,11,19,2021,2026,5
5019,3374925998674231394,C.FRIM,Australia,Melbourne,REGIONAL,,,10,13,2019,2025,6
5020,4328737867479267348,James Newmarch,United Kingdom,London,REGIONAL,,,5,8,2019,2026,7
5021,5582517779367936512,Voicedrone,United Kingdom,London,REGIONAL,,,4,7,2019,2026,7
5022,2083571564454906138,Peggy Viennetta,United Kingdom,West + Wales,REGIONAL,,,1,2,2024,2024,0
5023,1958361665643148006,NEGRACONDA,Mexico,Mexico City,REGIONAL,,,1,1,2025,2025,0
5024,411090190180627824,Fillo Deportaberta,United Kingdom,London,REGIONAL,,,1,1,2025,2025,0
5025,6662741609649445638,Confidence Man,Australia,Brisbane,REGIONAL,,,5,5,2024,2026,2
5026,1638483140852142327,Eduardo de la Calle,Spain,Madrid,TOP1000,,,5,7,2018,2026,8
5027,221785728833729161,Kangding Ray,Germany,Berlin,TOP1000,,,8,9,2016,2026,10
5028,2979099039491552993,Marco Bailey,Belgium,All,TOP1000,,,4,4,2009,2026,17
5029,3024797658578849025,Chris Gorrie,Spain,Madrid,REGIONAL,,,1,1,2026,2026,0
5030,6932150782338145358,The Leap,Netherlands,All,REGIONAL,,,2,2,2019,2019,0
5031,6194533125228827067,Jocelyn,Netherlands,All,REGIONAL,,,3,4,2021,2025,4
5032,94460317818960656,Perdu,Netherlands,Amsterdam,REGIONAL,,,5,6,2016,2023,7
5033,6020381341105142741,Tjade,Netherlands,Amsterdam,REGIONAL,,,5,7,2015,2026,11
5034,5190765414424899758,Morgan,Australia,Sydney,REGIONAL,,,10,14,2022,2026,4
5035,854880275124090153,John Dimas,Albania,All,REGIONAL,,,4,6,2016,2025,9
5036,307131796617894001,DJ Eivissa,Germany,Berlin,REGIONAL,,,3,3,2025,2025,0
5037,8887409634185600243,Migz,Malta,All,REGIONAL,,,3,6,2021,2026,5
5038,6250892899879607591,Don Cabron,Belgium,All,REGIONAL,,,1,2,2017,2018,1
5039,7837176112249402431,BLOND:ISH,Canada,Toronto,TOP1000,,,3,9,2014,2023,9
5040,5593177019346802446,Pan,,,,,,3,5,2018,2024,6
5041,4985383151519966580,Oulad Omar,Belgium,All,REGIONAL,,,3,7,2018,2021,3
5042,3857698572131275745,RY X,Australia,Australian Capital Territory,REGIONAL,,,4,6,2019,2026,7
5043,4929564671634632983,Islandman,Turkey,Istanbul,REGIONAL,,,4,4,2019,2023,4
5044,6155976116088454345,Kruder,,,,,,3,6,2020,2024,4
5045,6486404535511960558,Koodoo,Belgium,All,REGIONAL,,,3,8,2017,2025,8
5046,6496391458485306467,madba,,,,,,2,3,2021,2024,3
5047,6626425437921091452,Valentino Mora,Germany,Berlin,REGIONAL,,,4,7,2020,2022,2
5048,3456869329040068386,Adriaan de Roover,Belgium,Brussels,REGIONAL,,,2,2,2022,2022,0
5049,8156645216081512389,Pattrn,Belgium,Brussels,REGIONAL,,,2,2,2022,2022,0
5050,8473021994164099976,Penelope (2),France,Paris,REGIONAL,,,6,7,2022,2026,4
5051,4156564161758402760,DJ Void,Austria,All,REGIONAL,,,2,3,2022,2023,1
5052,1641633613153966240,Carlita,Turkey,Istanbul,REGIONAL,,,8,12,2022,2026,4
5053,8410377340855161197,Dana Montana,Belgium,Antwerp,REGIONAL,,,3,4,2023,2025,2
5054,8641623636097798677,Aspetuck,United States of America,Vermont,REGIONAL,,,1,1,2024,2024,0
5055,1647317032531266314,Cincity,Netherlands,Rotterdam,REGIONAL,,,4,8,2022,2025,3
5056,445210822769985927,DESIREE (RSA),South Africa,Johannesburg,REGIONAL,,,9,14,2023,2026,3
5057,2189647811712411486,r.omy,Belgium,Antwerp,REGIONAL,,,2,5,2024,2026,2
5058,5364791452096687980,gaiko,Belgium,Brussels,REGIONAL,,,3,3,2024,2025,1
5059,8343690094147460319,KATIA,Spain,Madrid,REGIONAL,,,1,1,2024,2024,0
5060,1154869394685941992,Natalie Robinson,Germany,Berlin,REGIONAL,,,10,10,2024,2026,2
5061,1522624082823967104,Rex the Dog,United Kingdom,London,REGIONAL,,,1,1,2024,2024,0
5062,1970365674557806783,Baka G,Belgium,Brussels,REGIONAL,,,3,3,2025,2026,1
5063,2640335747044850631,Eileen (NL),Netherlands,Amsterdam,REGIONAL,,,7,10,2023,2026,3
5064,2452428342877588788,Human Space Machine,Netherlands,Amsterdam,REGIONAL,,,5,8,2024,2025,1
5065,552281550989342219,Sam Alfred,Australia,Tasmania,REGIONAL,,,11,19,2024,2026,2
5066,2393522746972423410,Ivan Smagghe,France,Paris,TOP1000,,,24,42,2009,2026,17
5067,3520675407850094246,fumi (DE),Germany,Berlin,REGIONAL,,,7,11,2025,2026,1
5068,360177772009752815,Jenny Cara,Switzerland,Zurich,REGIONAL,,,5,7,2022,2026,4
5069,5978751441445617246,Miles X,United States of America,Pennsylvania,REGIONAL,,,1,1,2026,2026,0
5070,6483134688261627894,Mo Yasin,United States of America,New York City,REGIONAL,,,1,1,2026,2026,0
5071,5328609980430102895,Soulastico,Belgium,Antwerp,REGIONAL,,,1,1,2026,2026,0
5072,6197159622368095152,Theo Nasa,United Kingdom,London,REGIONAL,,,2,2,2019,2022,3
5073,3805365447837454959,BAYNES,Ireland,All,REGIONAL,,,1,2,2023,2024,1
5074,8578057313196668378,Guy J,Israel,All,TOP1000,,,2,8,2015,2019,4
5075,5005917992767029581,Nur Jaber,,,TOP1000,,,4,4,2019,2023,4
5076,7677009240019497349,Ranerro,Slovenia,All,REGIONAL,,,2,10,2019,2026,7
5077,4939826989803618068,Christian Kroupa,Slovenia,All,REGIONAL,,,1,2,2019,2022,3
5078,403649056737656159,Dipsas,Slovenia,All,REGIONAL,,,1,1,2019,2019,0
5079,8313525538765202303,R.Bade,Slovenia,All,REGIONAL,,,1,2,2019,2021,2
5080,2641050315299965670,Nikolaj,Montenegro,All,REGIONAL,,,1,2,2021,2025,4
5081,565313435312885820,MMali,Slovenia,All,REGIONAL,,,1,2,2022,2025,3
5082,2594735466223432237,Nikolaj (SLO),Slovenia,All,REGIONAL,,,1,2,2022,2023,1
5083,6384146746773218798,Tonske,Slovenia,All,REGIONAL,,,1,1,2022,2022,0
5084,7399460264415382078,VAZZ,Slovenia,Ljubljana,REGIONAL,,,1,2,2022,2024,2
5085,5649256169718201848,Yaar Kü,Italy,Venice,REGIONAL,,,2,2,2022,2023,1
5086,4150458641082010482,Zvèn,Slovenia,All,REGIONAL,,,1,5,2024,2026,2
5087,825044218830005603,Polner,Slovenia,All,REGIONAL,,,1,2,2025,2026,1
5088,2446735925635878539,Victor (DE),Germany,Berlin,REGIONAL,,,8,13,2019,2026,7
5089,3659057750210537652,Eliza (2),Germany,Berlin,REGIONAL,,,3,3,2023,2026,3
5090,2425498326065516859,Loidis,United States of America,Philadelphia,REGIONAL,,,9,10,2025,2026,1
5091,3797826303317491359,NITKA,Slovenia,All,REGIONAL,,,1,1,2026,2026,0
5092,3647222844730107384,Gian,Germany,Berlin,REGIONAL,,,1,1,2018,2018,0
5093,755031149704473018,Post,Netherlands,Rotterdam,REGIONAL,,,3,5,2018,2019,1
5094,1209020761115586767,Jonas Palzer,Germany,Berlin,REGIONAL,,,1,1,2019,2019,0
5095,6179525516564322390,Mata Disk,Netherlands,Rotterdam,REGIONAL,,,1,3,2022,2026,4
5096,6369382971803625358,Atilla the Hvn,Netherlands,All,REGIONAL,,,1,2,2024,2024,0
5097,3656608454861555725,Elkan Frank,Netherlands,Amsterdam,REGIONAL,,,1,1,2024,2024,0
5098,9099542586553560338,Loradeniz,,,REGIONAL,,,2,3,2024,2026,2
5099,433811577199792495,Zemög,Colombia,Pereira,REGIONAL,,,1,1,2025,2025,0
5100,4928573616252201067,Denise Rabe,Germany,Berlin,TOP1000,,,2,2,2026,2026,0
5101,8696579731990497896,Danielle Moore,United Kingdom,Leeds,REGIONAL,,,1,3,2020,2021,1
5102,4098537297316143601,Heidi,United Kingdom,London,TOP1000,,,6,7,2011,2022,11
5103,5124791520510476964,Michelle Manetti,United Kingdom,London,REGIONAL,,,9,42,2017,2026,9
5104,4700837093406270932,Sean Johnston,United Kingdom,London,REGIONAL,,,4,9,2018,2026,8
5105,7200681072567981720,Jamie Bull,United Kingdom,North,REGIONAL,,,6,15,2018,2025,7
5106,2927369397964721210,Fleetmac Wood,United Kingdom,London,REGIONAL,,,1,2,2023,2024,1
5107,1911995877042225305,Heidi Lawden,United States of America,California,REGIONAL,,,4,9,2018,2025,7
5108,6437880752857476642,Matt Cowell,United Kingdom,London,REGIONAL,,,4,7,2022,2026,4
5109,4230462892603515944,Masters,,,,,,3,7,2017,2024,7
5110,7968508001186508902,Hanno Hinkelbein,United Kingdom,London,REGIONAL,,,1,2,2021,2021,0
5111,258545583513054912,Mica Coca,United Kingdom,London,REGIONAL,,,2,6,2021,2024,3
5112,9208240605271767221,Michael Upson,United Kingdom,North,REGIONAL,,,2,6,2018,2022,4
5113,4859526322218303287,Sofie K,,,REGIONAL,,,4,5,2021,2026,5
5114,7582938390691489804,ZenZero,United Kingdom,West + Wales,REGIONAL,,,2,5,2019,2024,5
5115,145324986817910413,Inferno,United States of America,Georgia,REGIONAL,,,1,6,2021,2024,3
5116,8495496772550485537,Lotic,United States of America,Alabama,TOP1000,,,2,2,2015,2022,7
5117,6073174488099191713,Mvcoko,United Kingdom,London,REGIONAL,,,2,3,2023,2026,3
5118,2426844155342244150,Kmya,United Kingdom,London,REGIONAL,,,7,17,2021,2026,5
5119,5209356864718541191,Lavandula,,,,,,2,3,2023,2024,1
5120,3936470483557331418,sad queers club,Germany,Hannover,REGIONAL,,,1,1,2023,2023,0
5121,2383124736931252996,alterum,United Kingdom,London,REGIONAL,,,1,1,2024,2024,0
5122,1733398596476098608,Bekefi,United Kingdom,London,REGIONAL,,,1,1,2024,2024,0
5123,9070721599098745566,Emma Korantema,United Kingdom,London,REGIONAL,,,2,2,2024,2025,1
5124,1662191668063773331,Kitsch,United Kingdom,London,REGIONAL,,,1,1,2024,2024,0
5125,2955841708232106747,Raoul Edwards,United Kingdom,London,REGIONAL,,,3,4,2022,2024,2
5126,4367367736631872570,Seksu,United Kingdom,London,REGIONAL,,,1,1,2024,2024,0
5127,1834801247168955875,Six Sex,Argentina,Buenos Aires,REGIONAL,,,1,1,2026,2026,0
5128,809313401744054438,M.A.N.D.Y.,Germany,Berlin,REGIONAL,,,4,5,2011,2017,6
5129,2671535915930160098,Koddi,France,Paris,REGIONAL,,,1,1,2016,2016,0
5130,4909739857171759972,Yacine Dessouki,United Kingdom,London,REGIONAL,,,1,1,2016,2016,0
5131,6279772994911217443,Amine K,Morocco,All,REGIONAL,,,2,2,2018,2018,0
5132,2734848621068562230,Seb Zito,United Kingdom,London,TOP1000,,,3,5,2018,2025,7
5133,2124157621209922279,Sheri Vari,Portugal,Lisbon,REGIONAL,,,1,1,2021,2021,0
5134,3812912861372362066,Valerio!,Italy,Central,REGIONAL,,,1,1,2016,2016,0
5135,6254198246318725980,Orli,Italy,Central,REGIONAL,,,1,1,2016,2016,0
5136,8929020095777175764,Scott Fraser,United Kingdom,Glasgow,REGIONAL,,,5,8,2018,2023,5
5137,6158224520311562854,Kit Seymour,United Kingdom,London,REGIONAL,,,5,7,2018,2025,7
5138,8186666046692698358,Farrer,,,,,,7,38,2016,2026,10
5139,8868878173337296829,object blue,Japan,Tokyo,TOP1000,,,8,14,2019,2023,4
5140,3207057983417006482,Manni Dee,United Kingdom,London,REGIONAL,,,4,5,2022,2024,2
5141,6462285730183599522,Anil (UK),United Kingdom,Midlands,REGIONAL,,,3,5,2024,2025,1
5142,8555791021373291493,babyschön,United Kingdom,London,REGIONAL,,,9,13,2024,2026,2
5143,6449258917574126010,Decius,United Kingdom,London,REGIONAL,,,5,7,2025,2026,1
5144,1162033233574728461,Delano Smith,United States of America,Detroit,TOP1000,,,2,2,2015,2018,3
5145,8143243920161889793,João Maria,Portugal,Lisbon,REGIONAL,,,1,1,2018,2018,0
5146,8484941020053652085,David Moreira (2),Portugal,Porto,REGIONAL,,,1,4,2022,2025,3
5147,1921904489485602533,Superpitcher,Germany,Cologne,TOP1000,,,3,5,2010,2023,13
5148,7970832222626193649,Caroline Lethô,Portugal,Lisbon,REGIONAL,,,2,4,2022,2024,2
5149,4901333881964545849,Adam Ten,Israel,Tel Aviv,REGIONAL,,,5,5,2024,2026,2
5150,2621446262634120065,Nicola Conte,Italy,North,REGIONAL,,,1,1,2026,2026,0
5151,734840146450217081,Budakid,Netherlands,All,REGIONAL,,,2,3,2018,2023,5
5152,8459814015448288070,Palmbomen II,Netherlands,Amsterdam,REGIONAL,,,8,12,2016,2026,10
5153,4274525436319574758,Polynation,Netherlands,Amsterdam,REGIONAL,,,5,7,2017,2025,8
5154,1367045745259755975,TITIA,Netherlands,Amsterdam,REGIONAL,,,9,15,2018,2025,7
5155,1694234139534242576,Mimi Love,Germany,Berlin,TOP1000,,,3,3,2022,2026,4
5156,636663923885837429,AWEN,France,Paris,REGIONAL,,,1,1,2023,2023,0
5157,7586480231969412087,Franz Scala,Italy,Central,REGIONAL,,,2,2,2023,2024,1
5158,468799216616621334,Mo Wrights,Netherlands,Amsterdam,REGIONAL,,,1,1,2024,2024,0
5159,3140356047082371576,Pachanga Boys,France,Paris,TOP1000,,,5,13,2013,2025,12
5160,5899553463902607861,Esther Dune,Netherlands,Amsterdam,REGIONAL,,,2,2,2022,2025,3
5161,1777559814932246420,Malou (NL),Netherlands,Utrecht,REGIONAL,,,4,5,2023,2025,2
5162,2821246127778149674,RYX (1),Germany,North Rhine-Westphalia,REGIONAL,,,1,1,2025,2025,0
5163,1355137300988410946,Baldo,Spain,Barcelona,REGIONAL,,,6,12,2014,2026,12
5164,7960857127730789124,Morgan Hammer,France,South East,REGIONAL,,,3,5,2014,2018,4
5165,1388499793392669131,Akufen,Canada,Montreal,REGIONAL,,,3,3,2015,2025,10
5166,907351435455962448,Clip!,Spain,Barcelona,REGIONAL,,,1,1,2015,2015,0
5167,5806023430495243610,Sau Poler,Spain,Barcelona,REGIONAL,,,3,7,2015,2022,7
5168,749412445735068678,Pablo Sanchez,Spain,Barcelona,REGIONAL,,,1,1,2016,2016,0
5169,4990009760451826827,Audio-In,Spain,Barcelona,REGIONAL,,,1,1,2016,2016,0
5170,336678783250189434,Henry Saiz,Spain,Barcelona,REGIONAL,,,2,2,2016,2017,1
5171,1824068002068567775,Claptone,Germany,Berlin,REGIONAL,,,6,10,2014,2026,12
5172,4296227861888317422,Smash TV,Germany,Berlin,REGIONAL,,,2,2,2014,2016,2
5173,6017761394429903894,Kevin Saunderson,United States of America,Detroit,TOP1000,,,6,10,2008,2026,18
5174,9072961567013356313,German Brigante,Spain,South,REGIONAL,,,1,1,2017,2017,0
5175,2639960511245161181,Adeline,Sweden,All,REGIONAL,,,2,3,2017,2018,1
5176,2842329556312576457,Coyu,Spain,Barcelona,TOP1000,,,3,4,2017,2026,9
5177,1075905414225130951,Fur Coat,Venezuela,All,TOP1000,,,3,4,2015,2017,2
5178,3050793744061690279,The Field,Sweden,All,REGIONAL,,,2,2,2011,2017,6
5179,4095248245976305829,Hito,Japan,Kansai,TOP1000,,,2,2,2016,2018,2
5180,2648690594993687665,Scan X,France,South East,REGIONAL,,,6,9,2008,2018,10
5181,5260745558899313144,beGun,Spain,Barcelona,REGIONAL,,,3,4,2015,2020,5
5182,7313092438101377168,Agatha Pher,Spain,Barcelona,REGIONAL,,,2,8,2018,2026,8
5183,3575973550489927823,Asaf Samuel,Israel,All,REGIONAL,,,2,2,2016,2018,2
5184,8257225667969900053,Alicia Carrera,Spain,North,REGIONAL,,,4,5,2018,2024,6
5185,4783588609757608070,Juanjo Tur,Spain,East,REGIONAL,,,1,2,2019,2022,3
5186,5015516363024663774,The Organism,Ukraine,All,REGIONAL,,,1,1,2019,2019,0
5187,4748100434930432013,Wrong Therapy,Spain,Barcelona,REGIONAL,,,1,1,2019,2019,0
5188,7140247275832560273,Inga Mauer,,,TOP1000,,,5,6,2017,2019,2
5189,2986588501390263975,Alvaro Sanchez,Spain,South,REGIONAL,,,1,2,2022,2022,0
5190,681981974083816313,Savanna,Bolivia,All,REGIONAL,,,1,1,2022,2022,0
5191,312354778260365553,Farrago,Belgium,All,TOP1000,,,4,7,2019,2023,4
5192,3580041972900128473,Trym,France,Paris,REGIONAL,,,3,6,2020,2026,6
5193,1882068810791714550,MAF,Venezuela,All,REGIONAL,,,1,3,2022,2025,3
5194,7487350365932507458,Ferdinand Monk,Spain,Barcelona,REGIONAL,,,1,2,2022,2022,0
5195,3484155570553665210,AMÉMÉ,Benin,All,REGIONAL,,,2,5,2022,2026,4
5196,8796192475574723876,Luca Ruiz,France,French Riviera,REGIONAL,,,1,1,2022,2022,0
5197,4830845103694284881,Eli Light,United States of America,Miami,REGIONAL,,,1,1,2022,2022,0
5198,5884759800741118783,Landikhan,Spain,Madrid,REGIONAL,,,1,1,2022,2022,0
5199,7362450312601464954,Rampa,Germany,Augsburg,REGIONAL,,,6,11,2012,2025,13
5200,4484971786437118868,Shimza,South Africa,Johannesburg,REGIONAL,,,2,5,2023,2026,3
5201,1392406970414277765,Manda Moor,France,Paris,REGIONAL,,,2,5,2023,2025,2
5202,146998827828993962,Spega,Spain,South,REGIONAL,,,1,1,2023,2023,0
5203,508553996558387373,Lyke,Italy,Milan,REGIONAL,,,1,1,2023,2023,0
5204,4503858012540139510,Eric Vëlycë,Spain,Barcelona,REGIONAL,,,1,3,2024,2025,1
5205,5047828413774533402,NIZ (SP),Spain,Valencia,REGIONAL,,,1,2,2024,2024,0
5206,7389013319628908319,Pawlowski,France,North,REGIONAL,,,2,2,2024,2024,0
5207,7616353301417738418,Carlos Chaparro,Spain,Madrid,REGIONAL,,,1,1,2024,2024,0
5208,6780846467304913036,Vince Void,France,Paris,REGIONAL,,,1,1,2024,2024,0
5209,7260012649063886926,GRETA (2),Italy,Central,REGIONAL,,,1,1,2024,2024,0
5210,8705967788194527904,HANIE,Venezuela,All,REGIONAL,,,2,4,2024,2026,2
5211,2789702510235359780,Yamil,Spain,Madrid,REGIONAL,,,1,1,2024,2024,0
5212,6151339554283578481,Almost Human (DJ),India,Mumbai,REGIONAL,,,1,1,2024,2024,0
5213,8855136137980268881,Miguel Bastida,Spain,Barcelona,REGIONAL,,,1,1,2024,2024,0
5214,918478154583785132,Vladimir Dubyshkin,Russia,Rest of Russia,REGIONAL,,,6,8,2020,2026,6
5215,4213683477744488420,Solique,Germany,Cologne,REGIONAL,,,1,1,2024,2024,0
5216,1882791087643050904,Korolova,Portugal,Lisbon,REGIONAL,,,1,2,2024,2025,1
5217,6853412256691772783,DJ Ruby,Malta,All,REGIONAL,,,1,1,2024,2024,0
5218,2205290488009114271,KELO AR,Spain,Barcelona,REGIONAL,,,1,2,2024,2026,2
5219,1560983974683858547,Melchior Productions Ltd,Germany,Berlin,REGIONAL,,,3,7,2019,2025,6
5220,184898184637717995,Vanuza Casimiro,Guinea-Bissau,All,REGIONAL,,,1,2,2025,2025,0
5221,9083761009111094889,Rockin Moroccin,Morocco,All,REGIONAL,,,1,1,2025,2025,0
5222,676139995190742824,sideral,Italy,Venice,REGIONAL,,,1,1,2025,2025,0
5223,3821079612505548871,Henri Bergmann,United Kingdom,London,REGIONAL,,,4,6,2023,2026,3
5224,5233002178726042140,Johannes Brecht,Germany,Stuttgart,REGIONAL,,,3,4,2018,2025,7
5225,2632965468549259609,Helado Negro,United States of America,New York City,REGIONAL,,,1,1,2025,2025,0
5226,193995451625771643,esther bronchal,Spain,Barcelona,REGIONAL,,,1,1,2025,2025,0
5227,2912568722710360525,Roll Dann,Spain,Madrid,REGIONAL,,,2,2,2024,2025,1
5228,2480871734844054677,miszo,Germany,Berlin,REGIONAL,,,1,1,2025,2025,0
5229,2970875296592789051,Glowal,Italy,Central,REGIONAL,,,1,1,2026,2026,0
5230,6670097697394316800,Charmeine,Turkey,Istanbul,REGIONAL,,,1,1,2026,2026,0
5231,2664951040235240873,ARYMÉ,France,Paris,REGIONAL,,,1,1,2026,2026,0
5232,1881092189343678595,JANSE,Spain,Barcelona,REGIONAL,,,2,2,2026,2026,0
5233,6156663137808755256,Miguelle,Venezuela,All,REGIONAL,,,1,1,2026,2026,0
5234,8906893378291859462,Tadan,Lithuania,All,REGIONAL,,,1,1,2023,2023,0
5235,4977835651171838784,frpinkl,Spain,North,REGIONAL,,,1,1,2024,2024,0
5236,4591683917404803868,Simone Bauer,Germany,Berlin,REGIONAL,,,1,1,2025,2025,0
5237,6088462340707558274,Magugu,Nigeria,Lagos,REGIONAL,,,1,1,2025,2025,0
5238,5718986062693080089,Tangela,Australia,Sydney,REGIONAL,,,1,1,2025,2025,0
5239,125621574454385225,Baldman,Spain,Madrid,REGIONAL,,,2,2,2025,2026,1
5240,6792456690323049540,DJ Rolando,United States of America,Detroit,TOP1000,,,3,4,2009,2013,4
5241,8282811452484092010,Keith Worthy,United States of America,Detroit,REGIONAL,,,1,2,2009,2010,1
5242,5053108954886383475,Linkwood,United Kingdom,Scotland,REGIONAL,,,3,6,2009,2022,13
5243,5393988094786329141,Afrojack,Netherlands,Amsterdam,REGIONAL,,,1,1,2009,2009,0
5244,5073567738129163111,Mightyfools,Netherlands,All,REGIONAL,,,1,1,2009,2009,0
5245,2064447361412602805,Bob Nagel,Netherlands,Amsterdam,REGIONAL,,,2,7,2010,2013,3
5246,3769801164139575998,Erick E,Netherlands,Amsterdam,REGIONAL,,,1,1,2010,2010,0
5247,6000553235078286608,Rene Amesz,Netherlands,Amsterdam,REGIONAL,,,1,1,2010,2010,0
5248,7264504550479255374,Patrice Scott,United States of America,Detroit,TOP1000,,,3,4,2010,2019,9
5249,4813695389741504525,Jeroen Kok,Netherlands,Amsterdam,REGIONAL,,,1,1,2011,2011,0
5250,2009673574730953849,Quentin van Honk,,,,,,1,1,2012,2012,0
5251,5347885397923829582,Dominik Eulberg,Germany,Berlin,TOP1000,,,8,13,2005,2018,13
5252,6171042047290073099,Braiden,United Kingdom,London,REGIONAL,,,1,1,2014,2014,0
5253,5751913122005246494,Kowton,United Kingdom,London,REGIONAL,,,9,15,2010,2019,9
5254,1436782639943314150,Mick Wills,Germany,Stuttgart,REGIONAL,,,2,2,2014,2019,5
5255,3720432666460047539,Max Loderbauer,Germany,Berlin,REGIONAL,,,3,3,2012,2016,4
5256,5383721868711530679,3 Chairs,United States of America,Detroit,REGIONAL,,,2,2,2013,2014,1
5257,311997432655363882,AYBEE,United States of America,San Francisco/Oakland,TOP1000,,,2,3,2014,2018,4
5258,642620608479090367,Boris,Germany,Berlin,TOP1000,,,1,1,2015,2015,0
5259,1579159651559847889,Randomer,United Kingdom,London,TOP1000,,,8,18,2015,2021,6
5260,4906166680864290252,Autechre,United Kingdom,North,TOP1000,,,2,3,2015,2024,9
5261,2707492289311962115,Calypso Steve,Netherlands,Amsterdam,REGIONAL,,,2,4,2016,2017,1
5262,2366305464093699268,Invisible City,Canada,Toronto,REGIONAL,,,4,4,2016,2026,10
5263,8509885196008437031,Nick The Record,United Kingdom,London,REGIONAL,,,8,19,2016,2026,10
5264,8148430742243118828,Black Devil Disco Club,France,Paris,REGIONAL,,,2,2,2011,2016,5
5265,6143116668501871760,Abdulla Rashim,Sweden,All,TOP1000,,,5,6,2016,2019,3
5266,7551249400274562584,DBX,United States of America,Detroit,REGIONAL,,,1,1,2016,2016,0
5267,5604392203422696445,XTAL,Japan,Chubu,REGIONAL,,,1,1,2016,2016,0
5268,7107181723751279748,Ryosuke,Japan,Tokyo,REGIONAL,,,1,1,2016,2016,0
5269,2232137988771253343,Leeon,Colombia,All,REGIONAL,,,3,4,2017,2024,7
5270,1131805590745979836,Castro,,,,,,1,1,2017,2017,0
5271,4518529565868538385,Mata Hari,Netherlands,Amsterdam,REGIONAL,,,2,2,2017,2017,0
5272,1504420014247132198,Steele Bonus,Australia,Sydney,REGIONAL,,,2,2,2018,2018,0
5273,397784527844112129,Steele,Netherlands,Amsterdam,REGIONAL,,,2,2,2018,2018,0
5274,8985728754666388326,Betonkust,Netherlands,All,REGIONAL,,,2,2,2018,2018,0
5275,7730244654589920677,Insanlar,Turkey,Istanbul,REGIONAL,,,3,3,2015,2019,4
5276,7304347406699738046,Laraaji,United States of America,Pennsylvania,TOP1000,,,3,4,2018,2025,7
5277,2672535633530050746,LSD,United Kingdom,London,REGIONAL,,,5,7,2018,2026,8
5278,2647303619877085846,Samuel Kerridge,United Kingdom,Manchester,TOP1000,,,1,1,2018,2018,0
5279,8480979286757504350,Kinkid,Brazil,Rio de Janeiro,REGIONAL,,,1,1,2018,2018,0
5280,4098907263996091139,Haron,Netherlands,The Hague,REGIONAL,,,1,1,2019,2019,0
5281,4517938111630723892,Neon Chambers,United Kingdom,London,REGIONAL,,,2,3,2019,2023,4
5282,7297543576473755310,Jay Glass Dubs,Greece,All,REGIONAL,,,4,5,2020,2025,5
5283,3351711104210620713,Eartheater,United States of America,New York City,REGIONAL,,,2,2,2017,2020,3
5284,5538663920564809496,Machine Woman,,,TOP1000,,,1,2,2020,2021,1
5285,7400661114478270818,Tomaga,United Kingdom,London,REGIONAL,,,3,3,2015,2020,5
5286,767514184901667784,Zonal,United Kingdom,Manchester,REGIONAL,,,1,1,2020,2020,0
5287,7527472296654525620,Julia Mira,Netherlands,Amsterdam,REGIONAL,,,2,2,2021,2021,0
5288,8771393396137863203,BK OWUSU,Netherlands,Amsterdam,REGIONAL,,,2,2,2022,2022,0
5289,8368540585272859648,Soumaya Phéline,Belgium,All,REGIONAL,,,4,6,2018,2024,6
5290,6541756880254348868,Tirzah,United Kingdom,London,REGIONAL,,,5,7,2016,2025,9
5291,4195589753745742829,Narathip,Netherlands,Amsterdam,REGIONAL,,,2,3,2023,2024,1
5292,7255284306043637432,Olof Dreijer,Sweden,Stockholm,REGIONAL,,,1,4,2023,2026,3
5293,4292977416689736898,Shjva,Ukraine,All,REGIONAL,,,1,1,2023,2023,0
5294,594953447560117998,roelien,Netherlands,Amsterdam,REGIONAL,,,3,3,2023,2024,1
5295,7985205100986378113,Shygirl,United Kingdom,London,TOP1000,,,2,2,2023,2023,0
5296,7195962492198758623,TAYHANA,Argentina,All,REGIONAL,,,1,1,2023,2023,0
5297,5932953132759984782,Daito Manabe,Japan,Tokyo,REGIONAL,,,1,1,2024,2024,0
5298,5038412331904887353,Valentina Magaletti,Italy,South,REGIONAL,,,7,11,2022,2026,4
5299,2447562746027365930,Cobahn,South Korea,Seoul,REGIONAL,,,2,4,2024,2025,1
5300,373039814599775159,Millú,Australia,Melbourne,REGIONAL,,,1,1,2024,2024,0
5301,6712271051225387359,Yawung,Australia,Melbourne,REGIONAL,,,1,1,2024,2024,0
5302,5699311340725533764,Adriana (1),Australia,Melbourne,REGIONAL,,,1,1,2024,2024,0
5303,7611167908005676520,Ruthless,United Kingdom,Midlands,REGIONAL,,,2,3,2015,2025,10
5304,3263060044526038009,Architectural,Spain,North,REGIONAL,,,2,2,2018,2025,7
5305,7030600936576509588,Leftfield,United Kingdom,London,REGIONAL,,,5,6,2017,2026,9
5306,3246268775639618536,Coffintexts,United States of America,Florida,REGIONAL,,,5,5,2024,2026,2
5307,8037957994875671028,Cheyanne Hudson,Netherlands,Amsterdam,REGIONAL,,,3,3,2025,2026,1
5308,5016296988872223677,Molina,Colombia,Medellin,REGIONAL,,,1,1,2026,2026,0
5309,8659288457182231630,Shyboi,United States of America,New York City,TOP1000,,,2,2,2025,2026,1
5310,5151189927143665918,DJ Bus Replacement Service,United Kingdom,Midlands,TOP1000,,,4,9,2017,2026,9
5311,1144445946950723234,Jorn,Netherlands,All,REGIONAL,,,1,1,2019,2019,0
5312,8479814737829286644,Sacha Mambo,France,Lyon,REGIONAL,,,3,6,2014,2026,12
5313,7842161152863919371,MUSCLECARS,United States of America,New York City,REGIONAL,,,3,3,2024,2026,2
5314,1527068007393752824,ninasupsa,Georgia,Tbilisi,REGIONAL,,,2,3,2022,2025,3
5315,5095952818473207726,Exalt,Belgium,All,REGIONAL,,,1,2,2015,2018,3
5316,3695001083320413323,Eklektiker,Belgium,All,REGIONAL,,,1,1,2015,2015,0
5317,5736250465182191982,Victor De Roo,Belgium,All,REGIONAL,,,1,2,2018,2019,1
5318,2709339903605439565,Gratts,Belgium,All,REGIONAL,,,4,4,2012,2018,6
5319,7410575295637706950,Will Lynch,Germany,Berlin,REGIONAL,,,1,1,2021,2021,0
5320,9222982527438589983,Slomo Sean,Belgium,Brussels,REGIONAL,,,1,1,2022,2022,0
5321,955452643882303674,Boudewijn Ericx,Belgium,Brussels,REGIONAL,,,1,2,2023,2025,2
5322,460427812646607345,Kevin Aviance,United States of America,New York City,REGIONAL,,,1,1,2023,2023,0
5323,807379109942305582,King Kami,Brazil,All,REGIONAL,,,2,2,2023,2025,2
5324,7580371579351559524,Meg10,Germany,Berlin,REGIONAL,,,1,1,2023,2023,0
5325,6524958340695175379,Richii,Japan,Kyushu,REGIONAL,,,1,1,2024,2024,0
5326,6467549070990523946,DJ Luv You,Australia,Melbourne,REGIONAL,,,5,6,2023,2025,2
5327,6194352005638525155,SiSi (2),,,REGIONAL,,,1,1,2025,2025,0
5328,5429981486484542221,Uni Son,Belgium,All,REGIONAL,,,1,1,2025,2025,0
5329,1807103972769611675,cyvira,Belgium,Brussels,REGIONAL,,,2,2,2024,2026,2
5330,6266134892411998132,Echo/Dawn,Belgium,Brussels,REGIONAL,,,1,1,2026,2026,0
5331,7505314038469313869,Leese (1),Belgium,Brussels,REGIONAL,,,1,1,2026,2026,0
5332,8344195424631467012,Natasha Pirard,Belgium,Ghent,REGIONAL,,,1,1,2026,2026,0
5333,6062525400213934512,NIGHT MOVES,United Kingdom,London,REGIONAL,,,3,3,2021,2026,5
5334,698808511824806783,Mamba.,Sweden,All,REGIONAL,,,1,1,2026,2026,0
5335,1655766279099776685,Joe Coulson,United Kingdom,London,REGIONAL,,,1,1,2016,2016,0
5336,7667475505606276072,Afriquoi,United Kingdom,London,REGIONAL,,,6,7,2015,2024,9
5337,3415408712451754436,O'Flynn,United Kingdom,London,REGIONAL,,,8,15,2017,2026,9
5338,6289354769211322384,Love Glove,United Kingdom,London,REGIONAL,,,2,3,2017,2021,4
5339,2951592505018898460,Shut The Front Door,United Kingdom,London,REGIONAL,,,2,2,2017,2022,5
5340,4655012298605895716,Rhythm Sister,United Kingdom,London,REGIONAL,,,5,7,2017,2022,5
5341,2039017284679679321,Jamie 3:26,United States of America,Chicago,REGIONAL,,,2,4,2017,2022,5
5342,4622920244105186947,The Colours That Rise,United Kingdom,London,REGIONAL,,,2,2,2021,2022,1
5343,201577676255591520,Jlte,United Kingdom,London,REGIONAL,,,1,1,2022,2022,0
5344,5505964464845547962,PVA,China,Shanghai,REGIONAL,,,2,2,2023,2023,0
5345,7836808819948390895,Yanya,Netherlands,Amsterdam,REGIONAL,,,3,3,2024,2024,0
5346,6707801416684000100,Leanne Wright,United Kingdom,London,REGIONAL,,,3,7,2022,2025,3
5347,4785589820911273311,Jerry,United Kingdom,London,REGIONAL,,,1,2,2024,2024,0
5348,6798742805167021826,Mandel,,,REGIONAL,,,1,1,2024,2024,0
5349,521800318084738635,Onai,Mexico,Mexico City,REGIONAL,,,1,2,2024,2026,2
5350,4243955859496785961,Another George,United Kingdom,London,REGIONAL,,,1,1,2025,2025,0
5351,7606003532654194432,Charles Burrows,United Kingdom,London,REGIONAL,,,1,1,2025,2025,0
5352,966898953348593433,POiSON GiRL FRiEND,Japan,Tokyo,REGIONAL,,,2,2,2025,2025,0
5353,8588196255326246514,Joe Milli,United Kingdom,London,REGIONAL,,,1,1,2025,2025,0
5354,4889942806519069096,KAMI,Switzerland,Bern,REGIONAL,,,1,1,2025,2025,0
5355,1848335050621769096,MAYURASHKA,Japan,Tokyo,REGIONAL,,,1,1,2025,2025,0
5356,2799936332276542321,r1ku,Japan,Tokyo,REGIONAL,,,1,1,2025,2025,0
5357,4677534613531168436,Mark William Lewis,United Kingdom,London,REGIONAL,,,2,2,2026,2026,0
5358,263969112692466734,S3BA,United Kingdom,London,REGIONAL,,,1,1,2026,2026,0
5359,3948525438789276452,Sticky Dub,United Kingdom,London,REGIONAL,,,1,1,2026,2026,0
5360,4709895063456561751,Schadenfreude,United Kingdom,London,REGIONAL,,,1,3,2010,2011,1
5361,2260468627516008136,Alex Q,Germany,Berlin,REGIONAL,,,1,2,2010,2010,0
5362,6572981433815503959,eLDOKO,United Kingdom,London,REGIONAL,,,3,21,2010,2019,9
5363,3237288411524191939,Real Nice,United Kingdom,London,REGIONAL,,,1,5,2010,2015,5
5364,6312223880369054153,Autophase,United Kingdom,North,REGIONAL,,,1,4,2010,2013,3
5365,1982301460439942035,Graphics,United Kingdom,London,REGIONAL,,,1,2,2010,2011,1
5366,1621170255723079386,Thick As Thieves,United Kingdom,London,REGIONAL,,,1,2,2010,2012,2
5367,1930295625715386216,Roly Porter,United Kingdom,London,REGIONAL,,,1,2,2010,2016,6
5368,4836083690924399094,Hannah Hammond,United Kingdom,North,REGIONAL,,,1,5,2010,2013,3
5369,3208703322063873009,Krankbrother,United Kingdom,London,REGIONAL,,,3,3,2011,2022,11
5370,5919202897473894329,Chris Coco,United Kingdom,London,REGIONAL,,,1,1,2011,2011,0
5371,4302725560654661082,Brinsley,United Kingdom,North,REGIONAL,,,2,7,2011,2016,5
5372,5676069768005480417,Dom Chung,United Kingdom,London,REGIONAL,,,1,5,2011,2017,6
5373,3597961815932940134,Tiger,,,,,,4,4,2012,2026,14
5374,25888547116081282,Greymatter,United Kingdom,South + East,REGIONAL,,,1,1,2012,2012,0
5375,846750994343539380,Murt,,,,,,1,2,2012,2013,1
5376,8541509791705233566,Waze,,,,,,4,6,2013,2017,4
5377,1374070770925541450,Joey Nelson,United Kingdom,North,REGIONAL,,,1,1,2013,2013,0
5378,1264827098195837989,Kris Le Vay,United Kingdom,West + Wales,REGIONAL,,,1,1,2013,2013,0
5379,336215728084030303,Marco Zenker,Germany,Munich,REGIONAL,,,1,1,2014,2014,0
5380,8188064651638792083,patten,United Kingdom,London,REGIONAL,,,1,1,2014,2014,0
5381,1803998773125274708,Francis Inferno Orchestra,Australia,Melbourne,TOP1000,,,5,9,2014,2020,6
5382,3362676098879708769,Royce,,,,,,2,2,2015,2016,1
5383,7846614781503250462,Daniel Orestes,United States of America,Alabama,REGIONAL,,,1,1,2015,2015,0
5384,7124269369021579330,Edward Antonio,United Kingdom,London,REGIONAL,,,1,2,2015,2016,1
5385,2286752430946503871,Sebastian Voigt,Germany,Berlin,REGIONAL,,,1,2,2016,2017,1
5386,8431029884332673076,Strays,,,,,,4,11,2012,2019,7
5387,5400388162633637040,Banoffee Pies,United Kingdom,London,REGIONAL,,,4,16,2014,2022,8
5388,2339649236073159778,Robin Ordell,France,French Riviera,REGIONAL,,,3,7,2017,2024,7
5389,88234388343622236,Martyné,Germany,Frankfurt,REGIONAL,,,1,1,2018,2018,0
5390,3601414881828049301,Wolf Müller,Germany,Berlin,REGIONAL,,,3,3,2016,2018,2
5391,6853837094857914149,Wayne Holland,United Kingdom,London,REGIONAL,,,3,11,2016,2026,10
5392,8844838756540777133,Alexis,United Kingdom,London,REGIONAL,,,2,2,2019,2021,2
5393,3386135178999392778,DJ Autumn,United Kingdom,London,REGIONAL,,,2,3,2022,2022,0
5394,7059719304206167206,begin,United Kingdom,Manchester,REGIONAL,,,3,10,2016,2024,8
5395,6257286202764355378,Ray Mono,United Kingdom,London,REGIONAL,,,1,1,2022,2022,0
5396,7035250257733863167,Earthly Measures,United Kingdom,London,REGIONAL,,,3,5,2022,2026,4
5397,8333339115759290625,Maybe Laura,Lithuania,All,REGIONAL,,,5,8,2022,2025,3
5398,4486129359646281615,Kai Campos,United Kingdom,London,REGIONAL,,,1,1,2023,2023,0
5399,6410211694754880026,Killamanjaro,United Kingdom,Manchester,REGIONAL,,,1,2,2023,2025,2
5400,3732023011043501029,Thoma Bulwer,Netherlands,Amsterdam,REGIONAL,,,1,2,2024,2025,1
5401,2813491193562624232,Ryan Hope,United Kingdom,London,REGIONAL,,,2,3,2024,2025,1
5402,4208900397357776551,Tommy Villiers,United Kingdom,London,REGIONAL,,,1,1,2024,2024,0
5403,8345421362693666346,ADOP+,United Kingdom,South + East,REGIONAL,,,1,2,2024,2025,1
5404,8005359619987322317,Gabriel Rai,United Kingdom,London,REGIONAL,,,2,3,2024,2026,2
5405,6635119249098350658,GIORGIO (IT),,,REGIONAL,,,1,1,2024,2024,0
5406,6425909683091343022,Hako,United Kingdom,West + Wales,REGIONAL,,,1,1,2024,2024,0
5407,2714663422785874657,Jerome Hill,United Kingdom,London,REGIONAL,,,5,6,2016,2025,9
5408,1140800336963939053,Baba T,United Kingdom,London,REGIONAL,,,2,3,2025,2026,1
5409,8734029085894118666,Jammer,United Kingdom,London,REGIONAL,,,1,1,2025,2025,0
5410,7043755063434492828,dirt bike dub,United Kingdom,West + Wales,REGIONAL,,,1,1,2025,2025,0
5411,7837440849276741907,Elliot Adamson,United Kingdom,London,REGIONAL,,,2,3,2017,2025,8
5412,1686999721045307800,Kirmelian,United Kingdom,Scotland,REGIONAL,,,1,1,2025,2025,0
5413,2325454809450387213,Emanuel,Sri Lanka,All,REGIONAL,,,1,1,2025,2025,0
5414,4073632839538606515,Paddy Lee,United Kingdom,Manchester,REGIONAL,,,4,4,2024,2026,2
5415,8259669589420216399,Baloo,United Kingdom,North,REGIONAL,,,1,1,2026,2026,0
5416,4999241000012664202,Busy P,France,Paris,TOP1000,,,3,12,2010,2026,16
5417,5516637783881232977,DJ Pierre,United States of America,Georgia,TOP1000,,,3,4,2010,2026,16
5418,4400672572448758912,Tepr,France,Paris,REGIONAL,,,2,2,2006,2010,4
5419,1711485978680978858,Housemeister,Germany,Berlin,REGIONAL,,,1,1,2011,2011,0
5420,4098845014155212357,Mustard Pimp,France,Paris,REGIONAL,,,1,3,2012,2012,0
5421,2416642094668009124,Jeff Fontaine,Canada,Montreal,REGIONAL,,,1,1,2012,2012,0
5422,293844907349784393,Alphaat,France,West,REGIONAL,,,1,1,2013,2013,0
5423,7472020353363696644,Tristan Consalvi,France,Paris,REGIONAL,,,1,1,2013,2013,0
5424,3241638855411433082,French Fries,France,Paris,REGIONAL,,,1,2,2013,2015,2
5425,3511652789246538169,Lenny Dee,United States of America,New York City,REGIONAL,,,1,5,2014,2026,12
5426,3142210268804174365,Fluxion,Greece,All,REGIONAL,,,1,2,2014,2014,0
5427,2952034015337708564,UVB,France,Marseille,TOP1000,,,1,1,2014,2014,0
5428,2897697193678954106,Clayton Guifford,France,West,REGIONAL,,,1,3,2014,2016,2
5429,6838199917876102958,Pulses,Canada,Montreal,REGIONAL,,,1,1,2014,2014,0
5430,6710346854470952681,DNGLS,France,South East,REGIONAL,,,1,1,2016,2016,0
5431,9125940401454375504,Trunkline,France,Paris,REGIONAL,,,1,4,2016,2022,6
5432,4757068521337438645,Ophidian,Netherlands,Amsterdam,REGIONAL,,,2,2,2016,2017,1
5433,5083100407562093544,Body,,,,,,1,1,2017,2017,0
5434,8445861330097179957,KRTM,Belgium,All,REGIONAL,,,1,2,2018,2024,6
5435,401849544291065716,Fasme,France,West,REGIONAL,,,3,5,2018,2026,8
5436,273739143939514330,Martin Goodwin,France,Paris,REGIONAL,,,1,1,2018,2018,0
5437,6736703381905982540,Chloé,France,Paris,TOP1000,,,3,13,2008,2026,18
5438,8666981790230188929,Blurred Boy,France,West,REGIONAL,,,1,1,2019,2019,0
5439,4272208770721365218,Sentimental Rave,France,Paris,REGIONAL,,,1,2,2019,2023,4
5440,3217890252879177741,Kenny Dope,United States of America,New York City,TOP1000,,,4,6,2018,2026,8
5441,4193172194495951949,Belaria,France,Paris,REGIONAL,,,4,5,2022,2026,4
5442,5143114902733436334,Wlderz,France,Paris,REGIONAL,,,1,1,2022,2022,0
5443,529312980212004072,Naomie Klaus,France,Marseille,REGIONAL,,,1,1,2023,2023,0
5444,5464856471074489997,Eendracht,France,West,REGIONAL,,,1,1,2023,2023,0
5445,524157113308938883,Nouveau Monica,France,West,REGIONAL,,,1,2,2023,2025,2
5446,3571737155204427530,S-006,France,West,REGIONAL,,,1,1,2023,2023,0
5447,7524120360848251900,RAG,France,Paris,REGIONAL,,,1,2,2024,2024,0
5448,4719312558645759451,Dela Savelli,France,Paris,REGIONAL,,,1,1,2024,2024,0
5449,6031521736278057323,Tom Rio,United Kingdom,West + Wales,REGIONAL,,,3,14,2012,2018,6
5450,5751031292507700426,Phil Mison,United Kingdom,London,REGIONAL,,,2,4,2016,2026,10
5451,5136822391059300761,Harri,,,,,,3,6,2016,2025,9
5452,2938817277013022389,Mr Price,United Kingdom,West + Wales,REGIONAL,,,2,3,2017,2019,2
5453,8925433608936526558,Frank Broughton,United Kingdom,London,REGIONAL,,,2,12,2017,2026,9
5454,2528605360089280972,Johannes Albert,Germany,Berlin,REGIONAL,,,2,4,2018,2019,1
5455,4591732782105151296,Krysko,United Kingdom,North,REGIONAL,,,2,3,2018,2022,4
5456,310308287743678535,Magnier,United Kingdom,London,REGIONAL,,,3,6,2017,2019,2
5457,5295635962303212391,OK Jones,United Kingdom,London,REGIONAL,,,2,2,2018,2019,1
5458,501118467962717293,Paul Fleetwood,United States of America,Pittsburgh,REGIONAL,,,1,1,2018,2018,0
5459,9011104078890050151,Jason Kendig,United States of America,San Francisco/Oakland,REGIONAL,,,1,1,2018,2018,0
5460,7986200570137171098,Bakula,Croatia,All,REGIONAL,,,1,3,2022,2024,2
5461,1216156800570561485,Warehouse Preservation Society,United States of America,Los Angeles,REGIONAL,,,1,6,2022,2025,3
5462,492478531369601814,V,Turkey,Istanbul,REGIONAL,,,1,1,2023,2023,0
5463,1321345503272911251,Ariane V,United Kingdom,London,REGIONAL,,,6,11,2019,2025,6
5464,7523874157092384951,Kassian,United Kingdom,London,REGIONAL,,,5,7,2019,2025,6
5465,5534845836495228136,Miotek,United Kingdom,London,REGIONAL,,,1,1,2024,2024,0
5466,3514055505593698164,Safiye,United Kingdom,Bristol,REGIONAL,,,2,8,2024,2026,2
5467,5970595086388583463,AÆE,United Kingdom,London,REGIONAL,,,2,3,2024,2025,1
5468,8408463838722218601,FFAN,South Korea,Seoul,REGIONAL,,,1,1,2025,2025,0
5469,594701894961883353,Masha Mar,Serbia,All,REGIONAL,,,1,1,2026,2026,0
5470,1706821321253602914,SPICYIVY,United Kingdom,Bristol,REGIONAL,,,2,3,2019,2026,7
5471,7814863309095162125,Throwing Shade,United Kingdom,London,REGIONAL,,,2,3,2015,2017,2
5472,4338762138536953026,Meat Free djs,,,,,,1,1,2016,2016,0
5473,416431201159692123,Mixmaster Morris,United Kingdom,London,REGIONAL,,,2,6,2009,2026,17
5474,6284540340387130640,Dan Thorman,United Kingdom,North,REGIONAL,,,2,2,2018,2025,7
5475,4701728909791055420,Stâv,United Kingdom,London,REGIONAL,,,1,1,2018,2018,0
5476,5593908406224766189,Scar,United Kingdom,London,REGIONAL,,,1,1,2023,2023,0
5477,1862174320062761189,Solar Rocks,United Kingdom,London,REGIONAL,,,1,1,2023,2023,0
5478,4665656881699175941,Jurango,United Kingdom,Bristol,REGIONAL,,,4,6,2022,2025,3
5479,3401203157692560403,Nikki Tesla,United Kingdom,Birmingham,REGIONAL,,,3,4,2022,2025,3
5480,7330016928044682546,Billy Jack,United States of America,Detroit,REGIONAL,,,1,1,2025,2025,0
5481,4048818744947474410,PIP.,United Kingdom,Leeds,REGIONAL,,,1,1,2025,2025,0
5482,4185278589616297726,teleopath,United Kingdom,London,REGIONAL,,,1,1,2026,2026,0
5483,4336516916631995912,C:RUSHXX,United Kingdom,London,REGIONAL,,,1,1,2026,2026,0
5484,4294364209551603243,Stella Z,China,Beijing,REGIONAL,,,2,3,2025,2026,1
5485,8639803888880118027,John Heaven,Spain,Barcelona,REGIONAL,,,1,3,2019,2022,3
5486,4316825885328542339,Nile Fee,Spain,Barcelona,REGIONAL,,,1,2,2019,2022,3
5487,750040795208778376,Lkgt,Spain,Barcelona,REGIONAL,,,1,1,2019,2019,0
5488,2054275035181087005,Shelly,Spain,Barcelona,REGIONAL,,,1,1,2024,2024,0
5489,7762985488165874990,REPE,Spain,Barcelona,REGIONAL,,,1,1,2024,2024,0
5490,2478528009489977260,Albal,Spain,Madrid,REGIONAL,,,1,2,2025,2025,0
5491,5388055008253269533,R-010,Spain,Madrid,REGIONAL,,,2,2,2025,2026,1
5492,8116612219833052724,Martí Cros,Spain,Barcelona,REGIONAL,,,1,1,2025,2025,0
5493,8166673463107943900,Judy (ES),Spain,North,REGIONAL,,,1,1,2026,2026,0
5494,3068145090945971029,María Latina,Colombia,Bogotá,REGIONAL,,,1,1,2026,2026,0
5495,6920054111799739968,Jan Liefhebber,Netherlands,All,REGIONAL,,,1,1,2013,2013,0
5496,8089020604391895702,Dimitri Kneppers,Netherlands,Amsterdam,REGIONAL,,,3,3,2014,2023,9
5497,2894278425455632486,Gal Tsadok-Hai,Netherlands,Amsterdam,REGIONAL,,,1,2,2015,2022,7
5498,2720146062145979822,Premiesku,Romania,All,TOP1000,,,2,2,2015,2015,0
5499,6288140409649385311,Lotse,Germany,Hamburg,REGIONAL,,,1,1,2015,2015,0
5500,8155097674474561901,ONNO,Netherlands,Amsterdam,REGIONAL,,,1,1,2015,2015,0
5501,2061329917994369912,Spokenn,Netherlands,Amsterdam,REGIONAL,,,2,3,2016,2022,6
5502,7958555288276665469,Area Forty_One,Netherlands,All,REGIONAL,,,1,1,2016,2016,0
5503,4040924506823661944,Unbalance,Russia,Moscow,REGIONAL,,,1,1,2017,2017,0
5504,4160783194044205295,Lucien Foort,Netherlands,Amsterdam,REGIONAL,,,1,1,2019,2019,0
5505,5341179199387910270,Lewski,Netherlands,Utrecht,REGIONAL,,,3,4,2019,2023,4
5506,812345724544926926,Joannes,Netherlands,Amsterdam,REGIONAL,,,1,5,2021,2023,2
5507,2030142914237673234,Orchid,France,East,REGIONAL,,,1,2,2022,2025,3
5508,367107065098332045,Abstract Division,Netherlands,Utrecht,REGIONAL,,,6,8,2013,2026,13
5509,8483749475874599907,aotp,Italy,North,REGIONAL,,,1,1,2025,2025,0
5510,6066518708554597601,Emmz,Netherlands,All,REGIONAL,,,1,1,2025,2025,0
5511,84963367788029238,Warren Suicide,Germany,Berlin,REGIONAL,,,1,1,2006,2006,0
5512,295069505466495016,Ludovic Allen,China,Shanghai,REGIONAL,,,1,1,2008,2008,0
5513,3988706884102366029,Claws,United Kingdom,London,REGIONAL,,,1,1,2008,2008,0
5514,1018963968288085811,Kooz,France,South East,REGIONAL,,,1,1,2008,2008,0
5515,4219263192010792507,Principles of Geometry,France,Paris,REGIONAL,,,1,1,2008,2008,0
5516,357165071712557868,Clara Moto,Austria,All,REGIONAL,,,1,5,2009,2013,4
5517,2078826886651354731,Tajmahal,France,South East,REGIONAL,,,1,1,2009,2009,0
5518,125730583025779249,Arandel,France,Paris,REGIONAL,,,1,4,2009,2011,2
5519,4987642815269478934,Tim Paris,United Kingdom,London,REGIONAL,,,1,1,2009,2009,0
5520,5420897056638306037,Mandala,France,South East,REGIONAL,,,1,1,2011,2011,0
5521,5706116174042303335,Larcier,France,South East,REGIONAL,,,1,3,2011,2012,1
5522,7976355593851888450,vOPhoniQ,France,Paris,REGIONAL,,,1,2,2011,2012,1
5523,4442267795117395351,The Magician,Belgium,Brussels,REGIONAL,,,2,2,2011,2016,5
5524,1351651910839488818,Miyagi,,,,,,1,1,2011,2011,0
5525,4209737227444381001,Slush,United Kingdom,Glasgow,REGIONAL,,,2,2,2012,2023,11
5526,3676692877689054534,Kate Wax,,,REGIONAL,,,1,1,2012,2012,0
5527,7702843714784077286,Raisa K,United Kingdom,London,REGIONAL,,,1,1,2012,2012,0
5528,1055429504140572807,Raisa,Spain,Madrid,REGIONAL,,,1,1,2012,2012,0
5529,2073793374092664734,Vaghe Stelle,Italy,North,REGIONAL,,,1,2,2013,2013,0
5530,4669084483747363225,James Stewart,France,Lyon,REGIONAL,,,1,4,2013,2018,5
5531,7611176192394939679,Emile Omar,France,Paris,REGIONAL,,,1,1,2013,2013,0
5532,6706525955763040845,Valentin Stip,Canada,Quebec City,REGIONAL,,,1,1,2014,2014,0
5533,6938165306287454829,Jack Ollins,France,Marseille,REGIONAL,,,1,1,2014,2014,0
5534,3143212336035645734,Moss,,,,,,1,2,2014,2014,0
5535,4240536244065111494,Pascal Roeder,France,South East,REGIONAL,,,1,2,2014,2015,1
5536,4820544688667693846,Wermonster,Germany,Berlin,REGIONAL,,,1,1,2014,2014,0
5537,9071547534995139308,Jacques Terrasse,France,South East,REGIONAL,,,1,3,2015,2016,1
5538,1873388512502226661,Bellona,United States of America,Washington DC,REGIONAL,,,1,2,2015,2018,3
5539,4769265390742155129,Emmanuel,Italy,North,REGIONAL,,,1,1,2015,2015,0
5540,1318446596501343326,Geena,France,Paris,REGIONAL,,,1,1,2015,2015,0
5541,2109686382635358682,Byche,France,Lyon,REGIONAL,,,2,5,2015,2026,11
5542,186412316334351188,CØMPASS,France,Lyon,REGIONAL,,,1,2,2016,2018,2
5543,2806351206521891721,L-Vis 1990,United Kingdom,London,REGIONAL,,,1,1,2016,2016,0
5544,1340270894537848104,Einstürzende Neubauten,Germany,Berlin,REGIONAL,,,1,1,2017,2017,0
5545,7023161534342643384,Shiffer,Switzerland,Basel,REGIONAL,,,1,1,2018,2018,0
5546,2764754244080615247,Baltra,United States of America,New York City,REGIONAL,,,1,1,2018,2018,0
5547,3204338493010713453,Radian,Austria,All,REGIONAL,,,1,1,2018,2018,0
5548,2967779036999872707,Lanark Artefax,United Kingdom,Glasgow,REGIONAL,,,1,1,2018,2018,0
5549,6040098973821794930,Sergio Iglesias,Colombia,Bogotá,REGIONAL,,,1,1,2019,2019,0
5550,494422075413778124,Customs,United Kingdom,London,REGIONAL,,,1,1,2019,2019,0
5551,3726598270912833880,Tushen Raï,France,Lyon,REGIONAL,,,1,1,2019,2019,0
5552,5278565400833344439,Gabber Modus Operandi,Germany,Berlin,REGIONAL,,,2,3,2020,2022,2
5553,366970583336737000,Linn da Quebrada,Italy,North,REGIONAL,,,1,1,2020,2020,0
5554,5296757172245914902,Muqata'a,Palestine,All,REGIONAL,,,2,2,2021,2025,4
5555,120396421680279425,Pedro Bertho,Brazil,All,REGIONAL,,,2,2,2021,2026,5
5556,2269389994262024044,Mangabey,France,South West,REGIONAL,,,1,1,2022,2022,0
5557,6575718861991894219,Siete Catorce,Mexico,Mexico City,REGIONAL,,,1,1,2022,2022,0
5558,7734728834297500079,SIETE,United States of America,New York City,REGIONAL,,,1,1,2022,2022,0
5559,7842323371092789842,Aho Ssan,France,Paris,REGIONAL,,,2,2,2023,2026,3
5560,3401239862489857899,GLITTER55,Morocco,All,REGIONAL,,,2,3,2022,2024,2
5561,3842421482997984104,Sassyggirl,Argentina,All,REGIONAL,,,1,1,2023,2023,0
5562,8683296616078174776,Shubostar,South Korea,All,REGIONAL,,,5,7,2023,2025,2
5563,1270830616538965997,Soda Plains,Germany,Berlin,REGIONAL,,,1,1,2023,2023,0
5564,8505259193908010783,Ays (NL),Netherlands,Rotterdam,REGIONAL,,,4,4,2024,2026,2
5565,7921563405538694649,Mimi Géniale,France,South East,REGIONAL,,,1,1,2024,2024,0
5566,356746053468134476,Tauceti (FR),France,Lyon,REGIONAL,,,2,3,2024,2026,2
5567,2773479299266035453,Lyra Pramuk,Germany,Berlin,REGIONAL,,,2,2,2024,2025,1
5568,3679365781858551360,Paula Koski,Finland,All,REGIONAL,,,2,4,2023,2025,2
5569,5407061910144463695,Sonia Calico,Taiwan,All,REGIONAL,,,1,1,2026,2026,0
5570,2182729800426106179,NET GALA,South Korea,All,REGIONAL,,,1,1,2026,2026,0
5571,5518175749159740748,TRI/XON,Tuvalu,All,REGIONAL,,,1,1,2026,2026,0
5572,4439663861787448207,UFO95,France,Paris,REGIONAL,,,3,3,2023,2026,3
5573,8837971471916152146,Alfredo Mazzilli,Italy,South,REGIONAL,,,1,1,2018,2018,0
5574,3272102996836975136,Jolly Mare,Italy,Central,REGIONAL,,,1,7,2019,2025,6
5575,8589470421592863404,Adrian Cardoso,Spain,North,REGIONAL,,,1,1,2019,2019,0
5576,8216624748489862982,Rosa Calix,Italy,Milan,REGIONAL,,,1,10,2019,2023,4
5577,8070505471453562089,Nicola Mazzetti,Italy,North,REGIONAL,,,1,21,2020,2026,6
5578,1699319602685343544,James Falco,Italy,North,REGIONAL,,,3,5,2020,2026,6
5579,3520540068492479435,Slow Fire Disco Machine,Italy,Central,REGIONAL,,,1,1,2020,2020,0
5580,8249891301272844063,Chris Korda,United States of America,Massachusetts,REGIONAL,,,2,2,2022,2024,2
5581,9194284578491828147,Dizzy,Italy,Florence,REGIONAL,,,1,1,2025,2025,0
5582,1623169393075347413,Not Mass,Italy,Milan,REGIONAL,,,1,1,2025,2025,0
5583,1623965448237214802,Ears On Earth,Spain,Madrid,REGIONAL,,,1,1,2025,2025,0
5584,5851587117248293050,KARLOVE,Italy,Naples,REGIONAL,,,1,1,2024,2024,0
5585,3796380616563576552,Alex Thunder,Spain,Barcelona,REGIONAL,,,1,1,2025,2025,0
5586,3169198390910995346,Luigi D'Alterio,Italy,Naples,REGIONAL,,,1,1,2025,2025,0
5587,8582396094142837697,Packim,Italy,Central,REGIONAL,,,1,1,2025,2025,0
5588,6907719255970796622,Zama,Italy,South,REGIONAL,,,1,1,2025,2025,0
5589,9076304384416289675,Conor L,Ireland,All,REGIONAL,,,1,2,2013,2014,1
5590,5988247124134530499,Reflec,United Kingdom,London,REGIONAL,,,1,2,2013,2015,2
5591,4474535547030850112,Alex Lewis,United Kingdom,North,REGIONAL,,,1,1,2013,2013,0
5592,5290183199995868154,Hype Williams,United Kingdom,London,REGIONAL,,,1,1,2013,2013,0
5593,4968722390256352185,Mike Dehnert,Germany,Berlin,REGIONAL,,,2,3,2010,2017,7
5594,3596841872741663537,J055,France,Paris,REGIONAL,,,1,1,2014,2014,0
5595,2877096750318738679,Scion,Germany,Berlin,REGIONAL,,,1,1,2014,2014,0
5596,5823011118433876259,Svengalisghost,United States of America,Chicago,REGIONAL,,,2,2,2013,2014,1
5597,7447146433818449922,Boean,United Kingdom,London,REGIONAL,,,1,1,2014,2014,0
5598,4354001109571363579,Robin Sure,United Kingdom,London,REGIONAL,,,2,3,2014,2015,1
5599,2997569786379934069,Dollop DJs,United Kingdom,London,REGIONAL,,,1,1,2015,2015,0
5600,107328863105894939,Flo Real,Austria,Vienna,REGIONAL,,,4,4,2016,2025,9
5601,5259076683498386452,Telefon Tel Aviv,United States of America,Louisiana,REGIONAL,,,3,3,2017,2018,1
5602,2669990530067223434,Roy Davis Jr,United States of America,Chicago,REGIONAL,,,2,2,2018,2024,6
5603,4725293622806575157,Heinrich Dressel,Italy,Central,REGIONAL,,,1,1,2018,2018,0
5604,2749722475528784341,Kerem,Turkey,Istanbul,REGIONAL,,,1,1,2018,2018,0
5605,5084358200890081601,Mark Turner,United Kingdom,North,REGIONAL,,,2,4,2018,2022,4
5606,7380470050359874160,Gabriella Vergilov,Bulgaria,All,REGIONAL,,,2,2,2019,2022,3
5607,9161199728126198339,Soraya,Netherlands,Amsterdam,REGIONAL,,,1,4,2021,2022,1
5608,6891150569897319038,Riccardo Villella,United Kingdom,London,REGIONAL,,,2,3,2021,2021,0
5609,2232405623398062143,Dylan Payne,United States of America,California,REGIONAL,,,2,4,2022,2025,3
5610,3565170396870135315,Jack Wrenn,United Kingdom,London,REGIONAL,,,1,5,2022,2025,3
5611,743986695617690793,DJ Pipe,United Kingdom,North,REGIONAL,,,2,5,2023,2026,3
5612,1442061878241507754,Craigie Knowes,United Kingdom,Scotland,REGIONAL,,,2,3,2019,2023,4
5613,4772862640522248944,FloFilz,Germany,Cologne,REGIONAL,,,1,1,2025,2025,0
5614,4537940537456109848,Markus Sommer,Germany,Berlin,REGIONAL,,,1,1,2025,2025,0
5615,2681326843544815627,Nicolas Duque,Colombia,Bogotá,REGIONAL,,,1,1,2025,2025,0
5616,3339371011722576681,Space Cowboy,Croatia,Zagreb,REGIONAL,,,1,1,2025,2025,0
5617,1740364778605998934,Joe Reece,United Kingdom,Leeds,REGIONAL,,,1,1,2025,2025,0
5618,393480579707190863,Macca.,United Kingdom,Liverpool,REGIONAL,,,3,5,2022,2026,4
5619,7717741553717851027,KAROLINDA,Poland,All,REGIONAL,,,1,1,2026,2026,0
5620,2703798919190245979,Marc Lansley,United States of America,Ohio,REGIONAL,,,1,3,2009,2010,1
5621,6612394308368229096,Timothy Fall,Netherlands,All,REGIONAL,,,2,3,2012,2015,3
5622,8817380958920154085,Aril Brikha,Germany,Berlin,REGIONAL,,,3,3,2006,2026,20
5623,1353463034050661060,Larse,Germany,Dortmund / Essen,REGIONAL,,,1,1,2013,2013,0
5624,2523010290162453622,tangram,Germany,Düsseldorf,REGIONAL,,,1,3,2013,2018,5
5625,1108101742112863615,Alexander Richter,Germany,Dortmund / Essen,REGIONAL,,,1,1,2014,2014,0
5626,7499840622047592488,Junge Junge,Germany,Düsseldorf,REGIONAL,,,1,3,2015,2018,3
5627,3583249300765054321,Joop Junior,Netherlands,Amsterdam,REGIONAL,,,2,2,2014,2016,2
5628,5129734241292478662,Kettenkarussell,Germany,Hannover,REGIONAL,,,2,3,2016,2018,2
5629,3025396639965169031,Måtyrer,Germany,Cologne,REGIONAL,,,1,2,2018,2023,5
5630,5043321878275103849,Berger,,,,,,1,1,2018,2018,0
5631,6465853115890439625,DJ Brom,Germany,Cologne,REGIONAL,,,1,1,2019,2019,0
5632,7059299060710550591,BROM,France,South West,REGIONAL,,,1,1,2019,2019,0
5633,1436211846492881075,Somewhen,Germany,Berlin,REGIONAL,,,4,11,2018,2026,8
5634,2094739576246151701,Cadency,Spain,Madrid,REGIONAL,,,1,1,2020,2020,0
5635,4990151582746063671,Textasy,United States of America,Dallas/Fort Worth,REGIONAL,,,1,1,2020,2020,0
5636,6014054018438789104,Dajusch,Germany,Berlin,REGIONAL,,,1,2,2023,2023,0
5637,9217169276263477760,NIKK,Germany,Berlin,REGIONAL,,,1,1,2023,2023,0
5638,8165390653505145152,lomi,Germany,Cologne,REGIONAL,,,1,1,2023,2023,0
5639,1404691662335794803,Delcu,Brazil,Sao Paulo,REGIONAL,,,1,2,2024,2024,0
5640,1905222686922504669,Christian F.,Germany,Dortmund / Essen,REGIONAL,,,1,1,2024,2024,0
5641,8036229251226022469,HUMAN ERROR,Germany,Cologne,REGIONAL,,,1,2,2025,2026,1
5642,526724825827279722,Ben Derris,Germany,Berlin,REGIONAL,,,1,2,2025,2025,0
5643,5826640101429034266,ZAHNATZIN,Germany,Cologne,REGIONAL,,,1,2,2025,2025,0
5644,829543563006270183,NTBR,France,Paris,REGIONAL,,,1,1,2026,2026,0
5645,6411170353983249511,DJ Frank,Germany,Cologne,REGIONAL,,,1,1,2026,2026,0
5646,2484089531471053456,Luke Welsh,United Kingdom,Manchester,REGIONAL,,,1,2,2018,2018,0
5647,9075889702083318550,Bassam,Morocco,All,REGIONAL,,,1,2,2019,2019,0
5648,1944742326379878988,Sami Dilla,Luxembourg,All,REGIONAL,,,1,1,2019,2019,0
5649,5930884951798744763,Revivis,United Kingdom,London,REGIONAL,,,1,1,2019,2019,0
5650,1618878360462493423,Sanja,Netherlands,All,REGIONAL,,,2,2,2019,2019,0
5651,7544473685836487679,Thierry,United Kingdom,London,REGIONAL,,,1,1,2021,2021,0
5652,6176401073406657540,Chidera O,United Kingdom,London,REGIONAL,,,1,1,2022,2022,0
5653,2871853175075992974,Cezar Vizan,Romania,All,REGIONAL,,,1,1,2023,2023,0
5654,798404442173256865,Môtus (UK),United Kingdom,Glasgow,REGIONAL,,,1,1,2024,2024,0
5655,5185356649993401382,Big D,United Kingdom,London,REGIONAL,,,1,1,2025,2025,0
5656,5577991209604023869,Central Cee,United Kingdom,London,REGIONAL,,,2,2,2021,2023,2
5657,8335978034372273301,Turno,United Kingdom,London,REGIONAL,,,1,1,2022,2022,0
5658,8108723544018864796,Nautica,United Kingdom,Liverpool,REGIONAL,,,3,3,2022,2025,3
5659,387949491075911691,Axon,Mexico,Mexico City,REGIONAL,,,1,1,2023,2023,0
5660,7605371898406330362,Modula,United Kingdom,London,REGIONAL,,,1,1,2018,2018,0
5661,5711533869796277133,Brian Summers,United Kingdom,Midlands,REGIONAL,,,2,5,2018,2022,4
5662,8664828035210563560,Vice City,Taiwan,All,REGIONAL,,,1,4,2019,2022,3
5663,2127541412191691076,Warped Love,United Kingdom,London,REGIONAL,,,1,1,2025,2025,0
5664,3253157029959110398,DIGUES,Spain,Madrid,REGIONAL,,,1,3,2025,2026,1
5665,3005020034247982853,Ellaweeez,United Kingdom,London,REGIONAL,,,1,1,2024,2024,0
5666,5374102144808822645,Ernesto Chahoud,United Kingdom,London,REGIONAL,,,1,3,2024,2026,2
5667,7596497812610235255,ex.sses,United Kingdom,London,REGIONAL,,,1,1,2024,2024,0
5668,6250865114050119911,Loacha,United Kingdom,London,REGIONAL,,,1,1,2024,2024,0
5669,4589702015243695755,Timor,United Kingdom,London,REGIONAL,,,2,2,2024,2024,0
5670,4442796313657800240,PEDRØ,United Kingdom,London,REGIONAL,,,1,1,2025,2025,0
5671,2298513309116639287,Planet Mina,United Kingdom,London,REGIONAL,,,1,1,2025,2025,0
5672,6521421656225892376,Comfy Bella,United Kingdom,Leeds,REGIONAL,,,2,3,2019,2022,3
5673,4940951593261436147,Giulia Tess,Italy,Central,REGIONAL,,,3,4,2022,2026,4
5674,8493473283830346956,Jacana People,United Kingdom,London,REGIONAL,,,2,2,2022,2023,1
5675,7663721238399939325,Junior Simba,Zimbabwe,All,REGIONAL,,,1,1,2022,2022,0
5676,6431243658599604383,niina,United Kingdom,London,REGIONAL,,,1,1,2022,2022,0
5677,3391149916805681709,Arnie Wrong,United Kingdom,London,REGIONAL,,,2,2,2024,2025,1
5678,2376852876869104353,Eddie Halliwell,United Kingdom,London,REGIONAL,,,1,1,2012,2012,0
5679,173722666256741790,Drumsound,,,,,,1,1,2012,2012,0
5680,6060721137448130780,Luke Pompey,United Kingdom,North,REGIONAL,,,1,4,2012,2015,3
5681,3158869138412627019,Marc Kinchen,United States of America,Detroit,TOP1000,,,2,2,2014,2016,2
5682,49931863166670178,Norman Doray,France,West,REGIONAL,,,1,1,2014,2014,0
5683,8715729253322446505,Rich NXT,United Kingdom,London,REGIONAL,,,2,8,2015,2026,11
5684,6812058957671409838,ReOrder,Slovakia,All,REGIONAL,,,1,1,2015,2015,0
5685,1518549169896849902,James Cottle,United Kingdom,Newcastle,REGIONAL,,,1,1,2015,2015,0
5686,5201837930952047629,Todd Terry,United States of America,New York City,TOP1000,,,2,5,2015,2025,10
5687,5924554298091599804,Frank Lorber,Germany,Frankfurt,REGIONAL,,,1,1,2015,2015,0
5688,3811155291845060464,Parker Smith,United Kingdom,Leeds,REGIONAL,,,1,2,2018,2019,1
5689,166587923643998462,CASSÖ,United Kingdom,London,REGIONAL,,,1,1,2024,2024,0
5690,1338832783797104089,Disrupta,United Kingdom,South + East,REGIONAL,,,1,1,2024,2024,0
5691,6621988656756037870,Mason Talbot,United Kingdom,West + Wales,REGIONAL,,,1,1,2026,2026,0
5692,4797279512619528160,Zara McFarlane,United Kingdom,London,REGIONAL,,,1,1,2019,2019,0
5693,8065214684565204324,Chris Massey,United Kingdom,North,REGIONAL,,,1,1,2019,2019,0
5694,1882579784255350603,Pete On the Corner,United Kingdom,London,REGIONAL,,,1,1,2019,2019,0
5695,5916065209495843122,Cedric Woo,United Kingdom,London,REGIONAL,,,1,1,2019,2019,0
5696,1899501908147849176,Darren Laws,United Kingdom,Newcastle,REGIONAL,,,1,1,2019,2019,0
5697,588398356932675777,Congi,United Kingdom,Midlands,REGIONAL,,,1,1,2019,2019,0
5698,2738186476736942788,Hector Plimmer,United Kingdom,London,REGIONAL,,,1,1,2020,2020,0
5699,3848261867943138981,The Dreamer,Greece,All,REGIONAL,,,1,1,2021,2021,0
5700,8118563763231735214,JARVIS,South Korea,All,REGIONAL,,,1,2,2021,2023,2
5701,2001870776707108290,John Glacier,United Kingdom,London,REGIONAL,,,1,2,2022,2026,4
5702,5464459161925900334,Hagan,United Kingdom,London,REGIONAL,,,2,3,2022,2024,2
5703,6112594303839246511,Kyoto Jazz Massive,Japan,Kansai,REGIONAL,,,1,2,2022,2023,1
5704,950946069288197810,dego (UA),Ukraine,Kyiv,REGIONAL,,,1,1,2023,2023,0
5705,7362950724445799458,DJ Tara,United States of America,New York City,REGIONAL,,,1,2,2023,2026,3
5706,8815931654731827788,Shortee Blitz,United Kingdom,London,REGIONAL,,,2,3,2016,2024,8
5707,5365751994145473002,Love Injection,United States of America,New York City,REGIONAL,,,1,1,2023,2023,0
5708,1862931999958868450,Ayy Den,United Kingdom,Manchester,REGIONAL,,,1,1,2023,2023,0
5709,2649841682122168978,AUKA,United Kingdom,London,REGIONAL,,,1,1,2024,2024,0
5710,3246901172736721191,Blackboy,Spain,Madrid,REGIONAL,,,1,1,2024,2024,0
5711,8681512003654454851,Ellie (TH),Thailand,All,REGIONAL,,,1,1,2024,2024,0
5712,1404929769911476842,Dave Lee,United Kingdom,London,TOP1000,,,2,2,2023,2025,2
5713,3229315350307337531,Dean Bryce,United Kingdom,London,REGIONAL,,,1,1,2025,2025,0
5714,599403242361276105,Dom Ore,United Kingdom,London,REGIONAL,,,1,1,2025,2025,0
5715,4263536238994994659,Equinox (UK),United Kingdom,London,REGIONAL,,,1,1,2025,2025,0
5716,1858165539690899753,Esk (UK),United Kingdom,London,REGIONAL,,,1,1,2025,2025,0
5717,4352771245440809962,Sampa The Great,Australia,Sydney,REGIONAL,,,2,2,2019,2026,7
5718,2360134643157266636,Guedra Guedra,Morocco,All,REGIONAL,,,1,1,2026,2026,0
5719,8276691538137565920,Na Fata,United Kingdom,London,REGIONAL,,,1,2,2021,2022,1
5720,3728150687658150656,Inertia (uk),United Kingdom,London,REGIONAL,,,1,1,2023,2023,0
5721,760195559026913724,Pato,United Kingdom,London,REGIONAL,,,1,2,2025,2026,1
5722,1781176162891684674,Shaun P,United Kingdom,West + Wales,REGIONAL,,,1,2,2012,2013,1
5723,6112908201742087240,TOYC,United Kingdom,London,REGIONAL,,,1,1,2013,2013,0
5724,9098736436552488254,Tom Shorterz,United Kingdom,Midlands,REGIONAL,,,1,1,2014,2014,0
5725,3570481473146338444,Neneh Cherry,United Kingdom,London,TOP1000,,,1,1,2014,2014,0
5726,3675351184322546543,Kidnap,United Kingdom,London,REGIONAL,,,1,3,2014,2015,1
5727,3320569287795218951,Grandmaster Flash,United States of America,New York City,TOP1000,,,1,1,2015,2015,0
5728,7237200140464590578,Sly One,United Kingdom,West + Wales,REGIONAL,,,1,2,2015,2016,1
5729,6829776146298026803,Sam Gellaitry,United Kingdom,Scotland,REGIONAL,,,1,1,2016,2016,0
5730,8577720775874242492,Gully,Romania,All,REGIONAL,,,1,1,2016,2016,0
5731,8898703884592075595,K Stylz,United Kingdom,West + Wales,REGIONAL,,,1,1,2017,2017,0
5732,3137556519768943799,Bakkos,United Kingdom,West + Wales,REGIONAL,,,1,1,2017,2017,0
5733,713853081301415281,Need For Mirrors,United Kingdom,London,REGIONAL,,,1,1,2018,2018,0
5734,5776942859058330249,Austin Ato,United Kingdom,Scotland,REGIONAL,,,3,5,2018,2021,3
5735,2439185148222743287,Problem Central,United Kingdom,London,REGIONAL,,,1,1,2019,2019,0
5736,6511349919774762615,Amy Amor,United Kingdom,West + Wales,REGIONAL,,,2,2,2017,2019,2
5737,5407353234853330522,SNØW,Iceland,All,REGIONAL,,,1,1,2019,2019,0
5738,7967020392391252424,Arielle Free,United Kingdom,Glasgow,REGIONAL,,,1,1,2024,2024,0
5739,4213558187387817074,Syntax (1),Canada,Calgary,REGIONAL,,,1,1,2025,2025,0
5740,2236100944448042027,Yuseemi,United Kingdom,Bristol,REGIONAL,,,1,1,2025,2025,0
5741,2878360150257754823,Phia500,United Kingdom,Bristol,REGIONAL,,,1,2,2025,2025,0
5742,2193229742085089077,Hail Blk,Malta,All,REGIONAL,,,1,1,2017,2017,0
5743,4098159524927169810,Llimbs,Malta,All,REGIONAL,,,1,1,2019,2019,0
5744,8214764841123763673,Tommy Holohan,Ireland,All,REGIONAL,,,4,6,2021,2025,4
5745,1958243936817195180,YAZMIN (MT),Malta,All,REGIONAL,,,1,5,2022,2026,4
5746,6741046477665443603,Kaiser (K S R),Italy,South,REGIONAL,,,2,2,2024,2025,1
5747,1691111520981043047,Echofaze,Malta,All,REGIONAL,,,1,4,2024,2026,2
5748,4368559025750208470,Georg MT,Malta,All,REGIONAL,,,1,2,2025,2026,1
5749,7303474540036192740,Kyle Cortis,Malta,All,REGIONAL,,,1,3,2025,2026,1
5750,3585150732472888237,Scythe,Malta,All,REGIONAL,,,1,2,2025,2026,1
5751,7942153606571504185,Toobris,Germany,Munich,REGIONAL,,,3,4,2026,2026,0
5752,71240846263497767,E-Dancer,United States of America,Detroit,REGIONAL,,,2,2,2022,2026,4
5753,7539372604400603014,Clarity,United Kingdom,West + Wales,REGIONAL,,,1,2,2022,2023,1
5754,2312047227523372476,Sunun,United Kingdom,West + Wales,REGIONAL,,,1,1,2022,2022,0
5755,2016409562843330651,Chris Airplays,United Kingdom,London,REGIONAL,,,1,1,2022,2022,0
5756,3527031547861256099,Frisbee,United Kingdom,London,REGIONAL,,,1,1,2022,2022,0
5757,2656877698146100514,Mandle,United Kingdom,London,REGIONAL,,,1,1,2022,2022,0
5758,960126979767027220,Anina,United Kingdom,Bristol,REGIONAL,,,2,6,2019,2025,6
5759,3594728939120028291,ML (1),Germany,Berlin,REGIONAL,,,1,2,2023,2025,2
5760,1160943236111144698,Maxwell Sterling,United Kingdom,London,REGIONAL,,,1,1,2024,2024,0
5761,7249921702405249134,Madteo,Italy,Venice,REGIONAL,,,1,1,2024,2024,0
5762,1469469622926360149,quade,United States of America,Chicago,REGIONAL,,,1,1,2025,2025,0
5763,5737780954519307278,Lolina,Estonia,All,REGIONAL,,,1,1,2025,2025,0
5764,1395835105329219971,SCALPING,United Kingdom,Bristol,REGIONAL,,,1,1,2026,2026,0
5765,930842714277795516,exlruth,United Kingdom,London,REGIONAL,,,1,1,2026,2026,0
5766,4512695124195773497,Linda Lazarov,Finland,All,REGIONAL,,,2,2,2018,2019,1
5767,6709777413010263437,Nkisi,Democratic Republic of the Congo,All,TOP1000,,,2,4,2020,2025,5
5768,230736066810661508,Myriam Bleau,Canada,Quebec City,REGIONAL,,,1,1,2022,2022,0
5769,7385685950938936447,Nikolajev,,,REGIONAL,,,2,2,2022,2022,0
5770,8957744140584610448,Rumina,Sweden,Malmo,REGIONAL,,,2,5,2022,2025,3
5771,7568148146482672718,Fiedel,Germany,Berlin,TOP1000,,,2,3,2023,2024,1
5772,4288053728311433005,Phew,Portugal,Lisbon,REGIONAL,,,1,1,2023,2023,0
5773,377048426404966351,Croatian Amor,Denmark,All,REGIONAL,,,2,2,2024,2024,0
5774,2515018503022786888,Deli Girls,United States of America,New York City,REGIONAL,,,1,1,2024,2024,0
5775,6499140032781990165,Petra Hermanova,Czech Republic,All,REGIONAL,,,1,2,2025,2025,0
5776,3430469319916303979,natq,Denmark,Copenhagen,REGIONAL,,,1,1,2025,2025,0
5777,8508113997776488927,Kaukolampi,Finland,All,REGIONAL,,,1,1,2026,2026,0
5778,2978047685938703097,Mark Jenkyns,United Kingdom,London,REGIONAL,,,1,2,2014,2018,4
5779,2210985363120452502,Stefan Z,Canada,Vancouver,REGIONAL,,,1,1,2014,2014,0
5780,369895506721575284,Hubert Kirchner,Netherlands,Amsterdam,REGIONAL,,,1,1,2014,2014,0
5781,3200469282198312150,Pete Oak,Denmark,All,REGIONAL,,,1,1,2014,2014,0
5782,1254590639369838908,Chaiba,Netherlands,Rotterdam,REGIONAL,,,1,1,2015,2015,0
5783,9194365427193368441,Dale Howard,United Kingdom,Liverpool,REGIONAL,,,1,1,2015,2015,0
5784,5247892508554808970,Midas 104,Germany,Berlin,REGIONAL,,,2,2,2015,2019,4
5785,2196834633621875157,Daniela Marques,Italy,Florence,REGIONAL,,,1,1,2016,2016,0
5786,3976936467952699144,Woo York,Ukraine,All,TOP1000,,,2,2,2016,2022,6
5787,8969653871776137101,Amichay Matyas,Israel,All,REGIONAL,,,1,1,2018,2018,0
5788,3062253312934597394,Max Underson,Brazil,All,REGIONAL,,,1,1,2018,2018,0
5789,4110484562636836771,Pharaoh,Israel,All,REGIONAL,,,1,1,2019,2019,0
5790,6916977615963816504,Anyasa,India,Goa,REGIONAL,,,1,2,2022,2024,2
5791,3977219469137110765,lea (2),Austria,Vienna,REGIONAL,,,1,1,2022,2022,0
5792,2121168082075851384,PROFANAYTY,India,Mumbai,REGIONAL,,,1,4,2022,2025,3
5793,4929026703571232871,Sublime Sound,India,Delhi,REGIONAL,,,1,1,2022,2022,0
5794,1735639224418464100,Bullzeye,India,Mumbai,REGIONAL,,,2,5,2023,2026,3
5795,621433677045927721,Beholdgold,India,Mumbai,REGIONAL,,,1,1,2023,2023,0
5796,4623493406356709970,Beswerda,Netherlands,Rotterdam,REGIONAL,,,1,3,2023,2025,2
5797,6240458107625855026,Dogma (BR),Brazil,Sao Paulo,REGIONAL,,,1,1,2023,2023,0
5798,2298440106869006879,Perenne,Mexico,Mexico City,REGIONAL,,,1,1,2023,2023,0
5799,280558883363100686,ATTENTION DEFICIT DISORDER,,,REGIONAL,,,2,2,2018,2023,5
5800,6669255730860354928,Julia Weck,Brazil,Sao Paulo,REGIONAL,,,1,1,2024,2024,0
5801,8001577054606645562,Lycra Preta,Brazil,All,REGIONAL,,,1,1,2024,2024,0
5802,8115576962894640066,VITORINO,Brazil,Sao Paulo,REGIONAL,,,1,1,2024,2024,0
5803,8596281890043167655,Baril,France,South East,REGIONAL,,,1,1,2024,2024,0
5804,6175757047512153630,Garbage Delight,Netherlands,Eindhoven,REGIONAL,,,1,1,2025,2025,0
5805,6442993012954611036,Morten Breum,Denmark,All,REGIONAL,,,1,2,2010,2011,1
5806,7458468092270608772,Emil Viril,Denmark,All,REGIONAL,,,1,1,2010,2010,0
5807,839738647902407006,Dainty Doll,Denmark,All,REGIONAL,,,1,1,2011,2011,0
5808,1672137500602123983,Brynjolfur,,,REGIONAL,,,1,6,2011,2022,11
5809,2722718827639233151,Maria Minerva,Estonia,All,REGIONAL,,,1,1,2012,2012,0
5810,4552712282935157695,Mike Sheridan,Denmark,All,REGIONAL,,,1,1,2012,2012,0
5811,1320628697802658239,Ryan Hemsworth,Canada,Halifax,REGIONAL,,,1,1,2013,2013,0
5812,146890912703847561,Elias Doré,Germany,Berlin,REGIONAL,,,1,1,2017,2017,0
5813,3058830286618263747,Ian Bang,Denmark,All,REGIONAL,,,1,2,2017,2023,6
5814,1405574334148609336,Simon Littauer,Denmark,Copenhagen,REGIONAL,,,1,2,2019,2019,0
5815,6198010005894197271,Beatmörtelz,Germany,Berlin,REGIONAL,,,1,1,2019,2019,0
5816,2775364615655023836,Disfunctional Disco,Denmark,All,REGIONAL,,,1,1,2019,2019,0
5817,8922523957606063078,Tamalt,,,,,,1,1,2019,2019,0
5818,2066531915748908825,Transparent Tim,Denmark,Copenhagen,REGIONAL,,,1,1,2022,2022,0
5819,5787972524318033180,Deck Riders,Denmark,Copenhagen,REGIONAL,,,1,1,2022,2022,0
5820,2052097318524244407,John Vincent,Denmark,Copenhagen,REGIONAL,,,1,1,2023,2023,0
5821,3703370115178342908,Sven Dohse,Germany,Berlin,REGIONAL,,,3,3,2017,2025,8
5822,1595915876335065627,ANNÆLIX,Denmark,All,REGIONAL,,,1,1,2024,2024,0
5823,7232134270876331272,Kawun,Denmark,Copenhagen,REGIONAL,,,1,1,2024,2024,0
5824,6215392180908021995,CERJ,Denmark,Copenhagen,REGIONAL,,,1,1,2025,2025,0
5825,3737672178463363178,Mari to the future,Denmark,Copenhagen,REGIONAL,,,1,1,2025,2025,0
5826,5960281550036193104,Reset Robot,United Kingdom,London,REGIONAL,,,2,2,2010,2017,7
5827,7371470601966198678,G. Walker,United Kingdom,London,REGIONAL,,,1,1,2017,2017,0
5828,9206487999825374411,TEDKA,Bulgaria,All,REGIONAL,,,1,1,2022,2022,0
5829,1225341681947875887,Frankel,,,,,,1,2,2022,2022,0
5830,6108612709738951287,Pattn,United Kingdom,Newcastle,REGIONAL,,,1,1,2022,2022,0
5831,7588378746536179574,eramah,United States of America,Chicago,REGIONAL,,,1,1,2024,2024,0
5832,1348024923658322155,MarcelDune,Greece,All,REGIONAL,,,1,1,2026,2026,0
5833,1636578080621527598,David Jackson,Ireland,All,REGIONAL,,,1,1,2026,2026,0
5834,1034499355041102248,MGC,Belgium,All,REGIONAL,,,1,1,2015,2015,0
5835,9052582475537229694,Brett Johnson,United States of America,Austin,REGIONAL,,,1,1,2016,2016,0
5836,5912036243938165549,Flashmob,Italy,North,REGIONAL,,,1,1,2018,2018,0
5837,8245818012427592570,Bastienne,Netherlands,Amsterdam,REGIONAL,,,3,3,2022,2024,2
5838,6074933114115281714,Megan Jane,Netherlands,Amsterdam,REGIONAL,,,1,1,2024,2024,0
5839,3727240092693775047,36framez,Netherlands,Utrecht,REGIONAL,,,1,1,2025,2025,0
5840,8171025108880950489,CaMi,Italy,Central,REGIONAL,,,1,1,2025,2025,0
5841,6254026473147823750,Prince Pasensi,Suriname,All,REGIONAL,,,1,1,2025,2025,0
5842,5140829441940667363,December,France,Paris,REGIONAL,,,1,1,2022,2022,0
5843,3330406833114893386,French 79,France,Marseille,REGIONAL,,,1,1,2023,2023,0
5844,1358716973421348552,Bonnie Spacey,France,Lyon,REGIONAL,,,1,1,2023,2023,0
5845,6618727596125780689,Kabylie Minogue,France,Paris,REGIONAL,,,1,1,2024,2024,0
5846,5625892133330192675,Anushka,Russia,Moscow,REGIONAL,,,1,1,2017,2017,0
5847,4537681660646390356,Tagir,Germany,Berlin,REGIONAL,,,1,1,2020,2020,0
5848,591628685129834364,Duane,France,Paris,REGIONAL,,,1,1,2025,2025,0
5849,2752462552818732577,Dave Coleman,United Kingdom,London,REGIONAL,,,1,1,2010,2010,0
5850,3004874953639232818,Oli Forster,United Kingdom,London,REGIONAL,,,1,3,2010,2011,1
5851,7360637256367628483,DubGraffiti,United Kingdom,London,REGIONAL,,,1,1,2011,2011,0
5852,2107130760607415226,K.I.M,United Kingdom,London,REGIONAL,,,1,1,2011,2011,0
5853,1356333638126772161,Nima Gorji,Denmark,Copenhagen,REGIONAL,,,1,1,2011,2011,0
5854,1543918359463982550,Simon Baker,United Kingdom,London,REGIONAL,,,1,1,2012,2012,0
5855,2539298409453392256,Dream 2 Science,United States of America,Pennsylvania,REGIONAL,,,1,1,2017,2017,0
5856,9108878010692362339,Joao Maria,Portugal,Lisbon,REGIONAL,,,2,3,2017,2018,1
5857,7154863659433593971,St. Joseph,Germany,Cologne,REGIONAL,,,1,1,2018,2018,0
5858,6485132821894577436,Laura Hasagun,Portugal,Lisbon,REGIONAL,,,1,1,2025,2025,0
5859,3675563218730918541,Amulador,Portugal,Lisbon,REGIONAL,,,2,2,2024,2025,1
5860,5011238814781726424,Dede,Germany,Berlin,REGIONAL,,,1,1,2025,2025,0
5861,6501555889843032237,Nathan Boost,Belgium,Antwerp,REGIONAL,,,1,1,2024,2024,0
5862,4829719166242855887,Daisy Weweh,Ukraine,All,REGIONAL,,,1,1,2025,2025,0
5863,8954728284700599850,MOKER,Belgium,Ghent,REGIONAL,,,1,1,2026,2026,0
5864,7629964271191494181,2M,Germany,Hamburg,REGIONAL,,,1,1,2026,2026,0
5865,4703836830204888,Jeigo,United Kingdom,London,REGIONAL,,,2,2,2026,2026,0
5866,8318439483095676197,Billus,Australia,Melbourne,REGIONAL,,,1,2,2019,2019,0
5867,1208084574270913717,Liam Ebbs,Australia,Sydney,REGIONAL,,,1,1,2019,2019,0
5868,8136467656104169355,Rings Around Saturn,Australia,Melbourne,REGIONAL,,,1,1,2019,2019,0
5869,3697719912540660686,Noema,Germany,Berlin,REGIONAL,,,1,1,2014,2014,0
5870,5974646022999695524,Kid Sublime,Netherlands,Amsterdam,REGIONAL,,,1,1,2014,2014,0
5871,8670661612850818021,Stijn Sadée,Netherlands,Utrecht,REGIONAL,,,1,1,2018,2018,0
5872,2812678190611215697,Sennes,Netherlands,Rotterdam,REGIONAL,,,2,4,2023,2024,1
5873,3983189362547547982,Nocturnal Animals,Ireland,Dublin,REGIONAL,,,1,1,2025,2025,0
5874,5254765929369008497,Leon Licht,Germany,Berlin,REGIONAL,,,1,1,2017,2017,0
5875,2571180016771096074,Cooper Saver,United States of America,Los Angeles,REGIONAL,,,1,1,2018,2018,0
5876,8893882041880164858,DJ Lachs,Germany,Berlin,REGIONAL,,,1,2,2019,2020,1
5877,8631050753246169403,Lennart Wiehe,Germany,Hannover,REGIONAL,,,1,1,2020,2020,0
5878,7196461737308592270,Bauernfeind,Germany,Berlin,REGIONAL,,,2,2,2020,2023,3
5879,3086106383055977709,nebbieri,Georgia,Tbilisi,REGIONAL,,,1,1,2023,2023,0
5880,3682618301594511962,Iris Menza,Belgium,All,REGIONAL,,,1,6,2021,2025,4
5881,8618371417043110040,WEBB,United Kingdom,London,REGIONAL,,,2,2,2023,2023,0
5882,8809252890213420849,Chantal Iris,Netherlands,Amsterdam,REGIONAL,,,1,1,2024,2024,0
5883,7487691355460979269,Grant Nelson,United Kingdom,London,REGIONAL,,,1,1,2025,2025,0
5884,7937595575941010408,Kyle Walker,United States of America,Los Angeles,REGIONAL,,,1,1,2025,2025,0
5885,1817628204733824147,Tvfrom86,France,Paris,REGIONAL,,,1,3,2017,2019,2
5886,4035917509244923391,Botwin,France,Lyon,REGIONAL,,,1,1,2019,2019,0
5887,185413698803062563,Liquid Soul,Switzerland,All,REGIONAL,,,2,2,2019,2025,6
5888,4017875070908413197,Yoko,,,,,,1,1,2019,2019,0
5889,4286290502553950611,Simatik,France,Lyon,REGIONAL,,,1,1,2019,2019,0
5890,1310633099362216568,XRTN,Netherlands,All,REGIONAL,,,1,1,2024,2024,0
5891,8420974895185116676,Urva Estreva,France,Lyon,REGIONAL,,,1,1,2026,2026,0
5892,3040985271035747055,CruzOe,Poland,All,REGIONAL,,,1,1,2016,2016,0
5893,5438761342547255241,Jacek Sienkiewicz,Poland,All,REGIONAL,,,1,1,2016,2016,0
5894,6855048655023747052,Bee Lincoln,Germany,Berlin,REGIONAL,,,1,1,2016,2016,0
5895,6681799381766138665,Hausbach,,,,,,1,1,2016,2016,0
5896,8625001790328246037,Oetkers,,,,,,1,1,2016,2016,0
5897,6034059254588229055,Keenarf,Poland,All,REGIONAL,,,1,1,2025,2025,0
5898,669582034237476530,LuLu Malina,Poland,All,REGIONAL,,,1,1,2025,2025,0
5899,9201751697600045872,Marvin Jam,Germany,Berlin,REGIONAL,,,1,1,2025,2025,0
5900,5404176177755889703,Mazi,United States of America,Chicago,REGIONAL,,,1,1,2025,2025,0
5901,2708461906770566055,Mathys Lenne,France,North,REGIONAL,,,1,1,2025,2025,0
5902,5194565264110951391,MIHVU,Poland,All,REGIONAL,,,1,1,2025,2025,0
5903,8547052483257500376,Reka Zalan,Germany,Berlin,REGIONAL,,,1,1,2025,2025,0
5904,5327117520627259077,Tabu,Brazil,All,REGIONAL,,,1,1,2025,2025,0
5905,3042815948460615830,Zlene,Sweden,Stockholm,REGIONAL,,,1,1,2025,2025,0
5906,4354503549057891460,Roger Sanchez,United States of America,New York City,TOP1000,,,2,4,2019,2026,7
5907,4604203971114759259,Jellybean Benitez,United States of America,New York City,REGIONAL,,,1,2,2019,2022,3
5908,3289578877127212761,Low Steppa,United Kingdom,Midlands,REGIONAL,,,1,4,2019,2024,5
5909,963678277645002249,Angelo Ferreri,Italy,South,REGIONAL,,,1,1,2019,2019,0
5910,6106497008620734374,Qubiko,Italy,South,REGIONAL,,,1,1,2019,2019,0
5911,7933109467163888611,Sandy Rivera,United States of America,New Jersey,REGIONAL,,,1,1,2022,2022,0
5912,8160162403471738127,Fat Tony,United Kingdom,London,REGIONAL,,,1,2,2023,2026,3
5913,9135055842735351036,The Duke,United Kingdom,London,REGIONAL,,,1,1,2023,2023,0
5914,413382670376627929,Gus Van Sound,Spain,Barcelona,REGIONAL,,,1,1,2025,2025,0
5915,3229613662386735844,Lewis Taylor,United Kingdom,Newcastle,REGIONAL,,,1,1,2026,2026,0
5916,3268709418097596651,Geo DJ,United Kingdom,London,REGIONAL,,,1,1,2026,2026,0
5917,2860690493604365036,K-Klass,United Kingdom,North,REGIONAL,,,2,2,2024,2026,2
5918,1428729063956334173,KH38,Germany,Berlin,REGIONAL,,,1,1,2022,2022,0
5919,5138634219130915074,HIỀN ĐIÊN,Vietnam,All,REGIONAL,,,1,1,2023,2023,0
5920,3203047305591819595,DJ NORTHERN,United Kingdom,North,REGIONAL,,,1,1,2023,2023,0
5921,7034571842996958643,JCow,,,REGIONAL,,,1,1,2024,2024,0
5922,2825691831299051535,Mr.West,United Kingdom,West + Wales,REGIONAL,,,1,8,2021,2025,4
5923,5412091461795069871,Mezla,United Kingdom,North,REGIONAL,,,1,2,2022,2022,0
5924,1560464874590021385,Popka,United Kingdom,Leeds,REGIONAL,,,1,1,2022,2022,0
5925,7998149879060559619,Karistocat,United Kingdom,London,REGIONAL,,,1,1,2022,2022,0
5926,703091152389169075,Shokunin,United Kingdom,London,REGIONAL,,,1,1,2023,2023,0
5927,3272444683449440803,Sonic Juncture,United Kingdom,Brighton,REGIONAL,,,1,1,2023,2023,0
5928,7442304284865236773,Unfound,Russia,Saint Petersburg,REGIONAL,,,1,1,2023,2023,0
5929,2872445252473977982,Venus Exotica,Turkey,Istanbul,REGIONAL,,,1,1,2023,2023,0
5930,8414696885227896400,Mattik (UK),United Kingdom,North,REGIONAL,,,1,1,2026,2026,0
5931,447100978144047820,Pheek,Canada,Montreal,REGIONAL,,,1,2,2007,2007,0
5932,1640017424464422784,Monoak,United Kingdom,London,REGIONAL,,,1,9,2014,2026,12
5933,8985422637842361833,Jo Johnson,United Kingdom,South + East,REGIONAL,,,1,5,2015,2026,11
5934,3911445222060200819,Perfume Advert,United Kingdom,Manchester,REGIONAL,,,2,2,2015,2018,3
5935,4586760488611874669,Benjamin Brunn,Germany,Hamburg,REGIONAL,,,1,1,2016,2016,0
5936,8033355987782999465,Cary Grace,United Kingdom,Bristol,REGIONAL,,,1,3,2016,2018,2
5937,82582390029067967,White Peak,United Kingdom,West + Wales,REGIONAL,,,2,2,2016,2023,7
5938,7776266659983217578,Bogus,Brazil,All,REGIONAL,,,1,2,2023,2026,3
5939,4565567080719256982,Dzc.,Austria,Vienna,REGIONAL,,,1,1,2023,2023,0
5940,6342725542891967110,Rizmo,Austria,All,REGIONAL,,,1,1,2023,2023,0
5941,7818441157349353341,Eye F,Austria,All,REGIONAL,,,1,1,2023,2023,0
5942,4358427263866558902,Scherfe,Germany,Munich,REGIONAL,,,1,1,2023,2023,0
5943,2524709471969186442,Amy Mauritz,South Africa,Cape Town,REGIONAL,,,1,1,2024,2024,0
5944,2423455156996222335,evolpeeD,Germany,Cologne,REGIONAL,,,1,2,2025,2026,1
5945,5959155462652853876,Fabiano José,Austria,All,REGIONAL,,,1,2,2025,2026,1
5946,4002166829018355086,LiSSTN,Germany,Stuttgart,REGIONAL,,,1,1,2025,2025,0
5947,3767985837254904789,Mische,,,REGIONAL,,,1,1,2025,2025,0
5948,2154955467275708324,Charles Webster,United Kingdom,London,REGIONAL,,,1,1,2025,2025,0
5949,5851824275617467024,Jojo Vice,Germany,Munich,REGIONAL,,,1,1,2025,2025,0
5950,5828914453139175615,Baka,Serbia,Belgrade,REGIONAL,,,1,1,2026,2026,0
5951,2720246902953680250,DJ Pee Bee,Germany,Munich,REGIONAL,,,1,1,2026,2026,0
5952,7061271155009184052,Gandolph Romeo,United States of America,New Jersey,REGIONAL,,,1,1,2026,2026,0
5953,7520423157300760754,KEENE,Panama,All,REGIONAL,,,1,1,2026,2026,0
5954,2617534854371065916,Art Alfie,Sweden,All,REGIONAL,,,1,1,2017,2017,0
5955,199837552536955419,Soundwalk Collective,United States of America,New York City,REGIONAL,,,1,1,2017,2017,0
5956,1931128986418485215,Christinne,Portugal,Porto,REGIONAL,,,1,1,2018,2018,0
5957,4707323490784673504,Diwa,Germany,Berlin,REGIONAL,,,1,1,2018,2018,0
5958,5061924535761361171,100hz,United Kingdom,London,REGIONAL,,,1,3,2020,2023,3
5959,746809727884845466,Cosmic DJ,Germany,Hamburg,REGIONAL,,,1,1,2020,2020,0
5960,5300092435767297318,Funk E,Romania,Bucharest,REGIONAL,,,1,1,2022,2022,0
5961,9180420017947995149,Christina Vantzou,Belgium,Brussels,REGIONAL,,,1,1,2023,2023,0
5962,293508770117255405,The Macumbas,,,,,,1,1,2023,2023,0
5963,4414860328631833364,Nina,Germany,Hamburg,REGIONAL,,,1,1,2023,2023,0
5964,502029675877515851,Tina (DE),Germany,Berlin,REGIONAL,,,1,1,2024,2024,0
5965,8635109462775120594,Chillera,Ukraine,Kyiv,REGIONAL,,,1,1,2025,2025,0
5966,749979177240375275,David Rodrigues,Portugal,Lisbon,REGIONAL,,,1,1,2025,2025,0
5967,1671650790109076449,Julius Steinhoff,Germany,Hamburg,REGIONAL,,,1,1,2025,2025,0
5968,125992674191674191,Moonbow,,,,,,1,1,2019,2019,0
5969,8387874169737337436,Jamesey,,,,,,1,1,2019,2019,0
5970,7516812850996587671,Kaizen,,,,,,1,1,2021,2021,0
5971,3865592671818288212,SOLIS,,,,,,1,1,2021,2021,0
5972,4507110088728136752,Harba,,,,,,1,1,2021,2021,0
5973,8056766688224594458,Debba,,,,,,1,2,2022,2024,2
5974,1386541917563428185,Jay Karim,,,,,,1,1,2022,2022,0
5975,7868889413580070139,Mr. Mitch,,,,,,1,1,2022,2022,0
5976,8357732454483705603,Tzekin,,,,,,1,1,2022,2022,0
5977,4626330299456616146,Strange Signals,,,,,,1,1,2022,2022,0
5978,6252999414383726364,Dylan Forbes,,,,,,1,1,2023,2023,0
5979,5316712193093476483,Hamoo,,,,,,1,2,2023,2024,1
5980,6620306919528417555,Wow,,,,,,1,1,2023,2023,0
5981,5679946530878592687,Jamiu,,,,,,1,1,2023,2023,0
5982,2356273896291184927,Phase O'Matic,,,,,,1,1,2024,2024,0
5983,9056598748977996974,SKETCH,,,,,,1,1,2024,2024,0
5984,3165293647312839312,A-Bril,,,,,,1,1,2025,2025,0
5985,3877542263616215938,Mindstate,,,,,,1,1,2025,2025,0
5986,1644543666336122090,Son of Paul,,,,,,1,1,2025,2025,0
5987,675902601743451273,Tom VR,,,,,,1,1,2025,2025,0
5988,4366763675308240865,Benyayer,,,,,,1,1,2026,2026,0
5989,7125401649727449089,eclettica,,,,,,1,1,2026,2026,0
5990,8938081782632219831,Sexy Lady Massive,,,,,,1,1,2026,2026,0
5991,8195061190950260219,Hugo Out,,,,,,1,1,2023,2023,0
5992,505089921879640991,El Mundo,,,,,,1,1,2023,2023,0
5993,8406758122359254073,Sophie du Palais,,,,,,1,1,2023,2023,0
5994,4623812118959725825,DJ Tracksuit,,,,,,1,1,2023,2023,0
5995,1384366131305279942,GOME,,,,,,1,1,2024,2024,0
5996,8653338610946244547,Jan Koster,,,,,,1,1,2024,2024,0
5997,5521317906468835779,Jeff Solo,,,,,,1,1,2024,2024,0
5998,7240913026972050632,LonnyJoco,,,,,,1,1,2024,2024,0
5999,5596099966803997332,ESTRELLA,,,,,,2,2,2026,2026,0
6000,2633124471440165155,Joe Davies,,,,,,1,1,2025,2025,0
6001,4417834032067582392,Edmondson,,,,,,1,1,2025,2025,0
6002,8680769338395462562,Jonas Landwehr,,,,,,1,1,2026,2026,0
6003,3658293259981547469,Poetter,,,,,,1,1,2026,2026,0
6004,4468789058858689969,Amount (DE),,,,,,1,1,2025,2025,0
6005,416853463363766059,Shimon,,,,,,1,1,2025,2025,0
6006,804125314926532579,Cristalyne,,,,,,1,1,2025,2025,0
6007,4120639143151848172,Rhode,,,,,,1,1,2025,2025,0
6008,1904710299078681946,Scandinavian Star,,,,,,1,1,2024,2024,0
6009,4966939328630228960,Ada Luvv,,,,,,1,1,2026,2026,0
6010,3724399624106918381,Chantssss,,,,,,1,1,2026,2026,0
6011,2627012171230354886,Heimlich Knüller,,,,,,1,1,2026,2026,0
6012,5686207467061319627,Perruche,,,,,,1,1,2025,2025,0
6013,7065030523352562050,Timmy Stewart,,,,,,1,11,2015,2024,9
6014,5528722474169056208,Hamo,,,,,,1,6,2016,2022,6
6015,6604426657642116155,T-Bone,,,,,,1,1,2016,2016,0
6016,5945487183977066492,Myler,,,,,,1,3,2017,2019,2
6017,2783047147655617828,ELLLL,,,,,,1,4,2017,2022,5
6018,6179718170785687663,Mount Palomar,,,,,,1,7,2018,2025,7
6019,7298529063977537845,R.Kitt,,,,,,1,3,2019,2024,5
6020,3939127633750235431,IDA,,,,,,1,1,2019,2019,0
6021,6781529916203278381,Korova,,,,,,1,1,2021,2021,0
6022,2184258933165781320,Piri,,,,,,1,1,2022,2022,0
6023,8683980138747022492,Mango X MathMan,,,,,,1,1,2022,2022,0
6024,6313805522303395935,EVE (IE),,,,,,1,1,2022,2022,0
6025,3474811411792406441,Danse Intermission,,,,,,1,2,2023,2024,1
6026,7259592194996238633,Dylan Fogarty,,,,,,1,2,2024,2025,1
6027,1843002327838345484,Sahana,,,,,,1,1,2025,2025,0
6028,7571787299674576030,Cricky Lyttle,,,,,,1,1,2025,2025,0
6029,6564537590578227698,KNEECAP,,,,,,1,1,2026,2026,0
6030,5084999666732018418,Divergence,,,,,,1,1,2026,2026,0
6031,5990164504738254893,Niels Broos,,,,,,1,1,2019,2019,0
6032,5846761004083902675,SAMPA,,,,,,1,1,2019,2019,0
6033,6093974468174173766,ButhoTheWarrior,,,,,,1,1,2024,2024,0
6034,1328755682103847138,acrosstheboard,,,,,,1,1,2024,2024,0
6035,720958110375873980,Tyree Cooper,,,,,,1,1,2026,2026,0
6036,2199904219172295712,Giorgos Gatzigristos,,,,,,1,1,2009,2009,0
6037,3019714979340153262,Mark Wanders,,,,,,1,2,2009,2013,4
6038,5317950444187914542,Steve Mensink,,,,,,1,1,2011,2011,0
6039,1607206359742386110,Brendon Moeller,,,,,,1,1,2012,2012,0
6040,382814816379789794,Sense Unique,,,,,,1,3,2013,2019,6
6041,23132836762579862,Thomas Elmore,,,,,,1,5,2015,2017,2
6042,20900285430793151,Planty Herbs,,,,,,1,1,2016,2016,0
6043,4531950764970061092,Rogér,,,,,,1,1,2019,2019,0
6044,543075175708410860,Nurali,,,,,,1,1,2020,2020,0
6045,8511260806306462634,WaxFiend,,,,,,1,1,2023,2023,0
6046,2732699321775204215,Plant43,,,,,,1,1,2023,2023,0
6047,8376719208988631033,Boogie Bernd,,,,,,1,1,2024,2024,0
6048,8202561949473254713,SENNIN,,,,,,1,1,2024,2024,0
6049,2663406319486954309,Space Ventura,,,,,,1,1,2024,2024,0
6050,8798680640753641600,Di After,,,,,,1,2,2025,2026,1
6051,2538985702580994050,Batune,,,,,,1,1,2025,2025,0
6052,6106933828649056106,Dante,,,,,,1,1,2026,2026,0
6053,287522073039533839,Daniel Kayrouz,,,,,,1,5,2019,2026,7
6054,3414128909612860457,Olli Koponen,,,,,,1,1,2019,2019,0
6055,8120935814400317781,Sebastian Holm,,,,,,1,2,2019,2024,5
6056,2958317260401199799,Laura MRLS,,,,,,1,2,2022,2024,2
6057,7565816777710866151,Irma,,,,,,1,1,2023,2023,0
6058,1940695611668266814,MORA (FI),,,,,,1,1,2025,2025,0
6059,2916708615146454433,Niko Demus,,,,,,1,1,2025,2025,0
6060,3898146339242537734,Nea2k,,,,,,1,1,2026,2026,0
6061,2146792714226500886,Ozan,,,,,,1,1,2026,2026,0
6062,5900597365441719961,Pet Duo,,,,,,1,8,2005,2016,11
6063,8705482283506255048,Alexander Kowalski,Germany,Berlin,REGIONAL,,,1,1,2006,2006,0
6064,1357010423028246418,Cristian Varela,Spain,Madrid,REGIONAL,,,2,3,2008,2025,17
6065,3443975481691060287,Giorgio Gigli,Italy,Central,REGIONAL,,,1,1,2014,2014,0
6066,2755830636678968925,Victor Calderone,United States of America,New York City,REGIONAL,,,1,1,2016,2016,0
6067,1870441066337986424,Ash Roy,India,Kolkata,REGIONAL,,,1,2,2017,2018,1
6068,8758849528493048603,Keith Carnal,Netherlands,Amsterdam,REGIONAL,,,1,1,2018,2018,0
6069,832352118880875364,Fiene,Netherlands,All,REGIONAL,,,2,2,2026,2026,0
6070,5812626762787750701,Nikolina,United Kingdom,London,REGIONAL,,,1,1,2026,2026,0
6071,949356465211423733,Jephta,Netherlands,All,REGIONAL,,,1,1,2024,2024,0
6072,8261469147583575889,Thoms Traxx,Netherlands,Amsterdam,REGIONAL,,,1,2,2024,2026,2
6073,8678026434563794595,Floris Fahrenheit,Netherlands,Amsterdam,REGIONAL,,,1,1,2024,2024,0
6074,2576168999493689869,MYRA (NL),Netherlands,Eindhoven,REGIONAL,,,1,1,2025,2025,0
6075,272130991194768578,CRAVO,Portugal,Lisbon,REGIONAL,,,1,1,2026,2026,0
6076,6091290227018595420,Mark du Mosch,Netherlands,All,REGIONAL,,,4,10,2012,2019,7
6077,4744196322421097997,San Proper,Netherlands,Amsterdam,REGIONAL,,,19,60,2008,2025,17
6078,2257769047403071874,Ben UFO,United Kingdom,London,TOP1000,,,44,165,2009,2026,17
6079,7376064768297437442,Floating Points,United Kingdom,London,TOP1000,,,21,70,2010,2026,16
6080,5636688798446758522,Jackmaster,United Kingdom,Scotland,REGIONAL,,,14,33,2011,2021,10
6081,6052667468653372280,Oneman,United Kingdom,London,REGIONAL,,,9,24,2010,2026,16
6082,9090296281083699394,Palms Trax,Germany,Berlin,TOP1000,,,38,141,2015,2026,11
6083,3994932960806468664,DJ Deeon,United States of America,Chicago,REGIONAL,,,3,3,2016,2018,2
6084,5385596137454621406,Hashman Deejay,Canada,Vancouver,REGIONAL,,,6,7,2014,2022,8
6085,2549424329671026101,John Talabot,Spain,Barcelona,TOP1000,,,32,85,2012,2026,14
6086,5474070434279074995,PLO Man,Germany,Berlin,REGIONAL,,,8,9,2016,2026,10
6087,6614716910123556872,David Vunk,Netherlands,Rotterdam,REGIONAL,,,15,35,2017,2025,8
6088,1278926074179567285,Matthew Herbert,United Kingdom,London,TOP1000,,,7,12,2010,2025,15
6089,3676893652565627485,Moscoman,United Kingdom,London,REGIONAL,,,13,22,2016,2023,7
6090,1091144244952141141,Tolouse Low Trax,Germany,Düsseldorf,REGIONAL,,,5,6,2016,2023,7
6091,872544616662980434,Arp Frique,Netherlands,Rotterdam,REGIONAL,,,7,11,2018,2025,7
6092,4912754186612728676,Margie,Netherlands,Amsterdam,REGIONAL,,,7,13,2017,2025,8
6093,2145952914025483921,Peaking Lights,United States of America,San Francisco/Oakland,REGIONAL,,,5,7,2018,2022,4
6094,8528688580453824586,Phuong Dan,Germany,Hamburg,REGIONAL,,,4,4,2018,2025,7
6095,1754819943767623004,Tzusing,China,Shanghai,TOP1000,,,6,8,2018,2023,5
6096,8287882949434995603,Barbara Boeing,Brazil,All,TOP1000,,,12,22,2018,2025,7
6097,5328340974538681491,Daniel Wang,Germany,Berlin,TOP1000,,,2,2,2015,2019,4
6098,4338203304313889943,Mafalda,,,TOP1000,,,20,47,2017,2025,8
6099,5274905581447094380,Stump Valley,Germany,Berlin,REGIONAL,,,3,3,2017,2019,2
6100,3701813463666748926,Dengue Dengue Dengue,Germany,Baden-Württemberg,REGIONAL,,,3,5,2019,2026,7
6101,4940634666141902681,Todd Terje,Norway,All,TOP1000,,,21,32,2010,2026,16
6102,2365307026480179567,Ribeka,United Kingdom,Glasgow,REGIONAL,,,2,3,2019,2026,7
6103,3401784701496992398,Boy Harsher,United States of America,Massachusetts,REGIONAL,,,3,3,2020,2022,2
6104,2761504471707834530,Bradley Zero,United Kingdom,London,TOP1000,,,25,61,2012,2026,14
6105,1009237469735541303,Ceephax Acid Crew,United Kingdom,South + East,REGIONAL,,,9,12,2009,2022,13
6106,733629196513552079,Darwin,Germany,Berlin,REGIONAL,,,23,48,2016,2026,10
6107,2296596001228228656,DJ Godfather,United States of America,Detroit,REGIONAL,,,2,3,2020,2026,6
6108,2135598167656379691,Jungle By Night,Netherlands,Amsterdam,REGIONAL,,,9,14,2011,2026,15
6109,5947800606004759970,Kelman Duran,Dominican Republic,All,REGIONAL,,,7,7,2020,2026,6
6110,2183504753206579615,Mr. Ho,China,Hong Kong,REGIONAL,,,5,6,2020,2026,6
6111,8596768983253660297,De Schuurman,Netherlands,The Hague,REGIONAL,,,8,10,2022,2026,4
6112,8789137220968983086,Emma DJ,France,Paris,REGIONAL,,,5,8,2019,2024,5
6113,6451837212598021218,Scratcha DVA,United Kingdom,London,REGIONAL,,,6,6,2013,2026,13
6114,1522873228027483304,Suze Ijó,Netherlands,Rotterdam,REGIONAL,,,25,56,2020,2026,6
6115,4607823039353714751,Mor Elian,United States of America,Los Angeles,TOP1000,,,21,28,2019,2026,7
6116,7966226749614191766,Russell E.L. Butler,United States of America,New York City,TOP1000,,,4,4,2022,2023,1
6117,10036044523424717,Dinamarca,Sweden,All,REGIONAL,,,4,4,2018,2026,8
6118,990761644707171358,Verraco,Colombia,All,REGIONAL,,,14,26,2017,2026,9
6119,2035515918701232770,Chaos In The CBD,New Zealand,South Island,REGIONAL,,,22,47,2016,2026,10
6120,4738732274382704537,DJ Chuckie,Netherlands,Amsterdam,REGIONAL,,,2,3,2009,2026,17
6121,2488127993586107675,EYCEE,Netherlands,Amsterdam,REGIONAL,,,3,6,2023,2026,3
6122,4153148020956382613,grittygun,Netherlands,The Hague,REGIONAL,,,3,3,2023,2026,3
6123,5612493559582533488,Lil' Louis,United States of America,Chicago,TOP1000,,,6,13,2010,2026,16
6124,3651567904016681958,Samuel Deep,Netherlands,Utrecht,REGIONAL,,,21,34,2018,2026,8
6125,4191693754115209,Robert Hood,United States of America,Detroit,TOP1000,,,16,42,2007,2026,19
6126,4931322563868148562,Mike Servito,United States of America,New York City,TOP1000,,,11,21,2015,2026,11
6127,4434142245929229194,Alfred Anders,Belgium,All,REGIONAL,,,6,15,2017,2026,9
6128,1849116557501891537,DJ Nobu,Japan,Tokyo,TOP1000,,,22,47,2015,2026,11
6129,5426554143791376994,ANNA,Brazil,All,TOP1000,,,9,19,2017,2025,8
6130,5632512268579702856,Molly,France,Paris,TOP1000,,,10,18,2015,2023,8
6131,8124117136687198281,Nicolas Lutz,Uruguay,All,TOP1000,,,20,47,2015,2026,11
6132,1794200237636034117,I Hate Models,France,Central,TOP1000,,,16,28,2018,2026,8
6133,703946988232537491,MARRØN,Netherlands,Amsterdam,REGIONAL,,,16,25,2022,2026,4
6134,6041767232352238312,Cabasa,Belgium,All,REGIONAL,,,3,4,2018,2022,4
6135,7755855171516904830,Emily Jeanne,Belgium,All,REGIONAL,,,10,16,2022,2026,4
6136,5587005878460346063,Hyperaktivist,Germany,Berlin,REGIONAL,,,10,16,2022,2026,4
6137,1271559605756406761,KETTAMA,Ireland,Galway,REGIONAL,,,14,21,2019,2026,7
6138,1442385487439917445,Adriana Lopez,Colombia,All,TOP1000,,,3,5,2019,2023,4
6139,631082033973714550,Lyric,Germany,Berlin,REGIONAL,,,2,2,2022,2023,1
6140,1190517389133092779,Voiski,France,Paris,TOP1000,,,8,14,2015,2023,8
6141,9089663288762372252,Sonhan,Belgium,All,REGIONAL,,,2,3,2023,2024,1
6142,3838057193644827465,Jessen,Belgium,Brussels,REGIONAL,,,1,1,2024,2024,0
6143,3360227291017247868,Philippa Pacho,Sweden,Stockholm,REGIONAL,,,13,18,2024,2026,2
6144,1907518563858498089,Fadi Mohem,Germany,Berlin,REGIONAL,,,11,21,2018,2026,8
6145,5890895196023221090,Spray,Ireland,All,REGIONAL,,,17,27,2023,2026,3
6146,383603045091950389,Tim Reaper,United Kingdom,London,REGIONAL,,,16,33,2021,2026,5
6147,7907734982410983285,Planetary Assault Systems,United Kingdom,London,REGIONAL,,,10,18,2011,2026,15
6148,8141834573101958061,Stanislawa,Belgium,Brussels,REGIONAL,,,2,2,2025,2025,0
6149,728736429681540426,ttyfal,Germany,Leipzig,REGIONAL,,,5,7,2023,2025,2
6150,215430584603116486,Hysope,Belgium,Brussels,REGIONAL,,,2,2,2026,2026,0
6151,3396634866685107103,Mia Koden,United Kingdom,London,REGIONAL,,,18,31,2023,2026,3
6152,7486491838546184782,ako,United Kingdom,North,REGIONAL,,,1,1,2026,2026,0
6153,8620478693881016726,Batu,United Kingdom,West + Wales,TOP1000,,,19,62,2016,2026,10
6154,8666151995646633328,Donato Dozzy,Italy,Central,TOP1000,,,20,37,2012,2026,14
6155,6527238598618615072,Rosati,Netherlands,Amsterdam,REGIONAL,,,4,4,2025,2026,1
6156,5084710132701932854,Carrier,United Kingdom,London,REGIONAL,,,5,5,2026,2026,0
6157,8438585411201595441,Older Brother,United Kingdom,London,REGIONAL,,,1,1,2026,2026,0
6158,1166851087026087376,k means,Sweden,Stockholm,REGIONAL,,,11,25,2021,2026,5
6159,1065456430942274370,Kia (AU),Australia,Melbourne,REGIONAL,,,19,31,2019,2026,7
6160,3405298616362540582,Lolo (4),Luxembourg,All,REGIONAL,,,1,1,2026,2026,0
6161,4275990623178320041,NAP (MX),United States of America,New York City,REGIONAL,,,1,1,2026,2026,0
6162,6458741161718442538,Toma Kami,France,Central,REGIONAL,,,7,14,2021,2026,5
6163,9057794297866792266,Helly,,,REGIONAL,,,5,6,2023,2026,3
6164,6365853591458001725,Innassi,Greece,Athens,REGIONAL,,,1,3,2025,2026,1
6165,863762713985894682,Ika (GE),Georgia,Tbilisi,REGIONAL,,,1,2,2025,2026,1
6166,2796420682483088659,Usherenko,United States of America,New York City,REGIONAL,,,2,5,2024,2026,2
6167,3114071121772352138,Kollektiv Ost,Germany,Mecklenburg-Vorpommern,REGIONAL,,,1,2,2025,2026,1
6168,3932870273501759416,Momentdat,Romania,Bucharest,REGIONAL,,,1,1,2025,2025,0
6169,4551376735141915488,Phil Simon,Germany,Frankfurt,REGIONAL,,,1,1,2025,2025,0
6170,5944346276989461351,Robin RB,Germany,Berlin,REGIONAL,,,3,5,2025,2026,1
6171,786898410198099116,Useless Co.,,,REGIONAL,,,1,2,2025,2026,1
6172,4028139007339448359,DJ GUS,Argentina,All,REGIONAL,,,1,1,2026,2026,0
6173,2938682670564085379,Mihnea Rog,Romania,Bucharest,REGIONAL,,,1,1,2026,2026,0
6174,6922587408412872630,Pily (2),United States of America,Arizona,REGIONAL,,,1,1,2026,2026,0
6175,3850698783545478584,Samir Chani,Luxembourg,All,REGIONAL,,,1,1,2026,2026,0
6176,986539823504246785,Disconnected,Italy,Central,REGIONAL,,,1,4,2017,2022,5
6177,6880005210365430834,Heels,,,,,,10,29,2017,2026,9
6178,3320493318858515375,Souls,,,,,,10,29,2017,2026,9
6179,8238646887177128536,Inside Moves,United Kingdom,Northern Ireland,REGIONAL,,,2,12,2022,2026,4
6180,3600135068803168122,I. JORDAN,United Kingdom,North,REGIONAL,,,12,14,2022,2026,4
6181,1249329756966385151,HAAi,Australia,Western Australia,TOP1000,,,22,49,2017,2026,9
6182,4913946321744511291,MiNNA,United Kingdom,London,REGIONAL,,,8,18,2023,2026,3
6183,2285785135336233433,Parallelle,Netherlands,Amsterdam,REGIONAL,,,7,10,2023,2026,3
6184,7502753785860104437,Nicolas Masseyeff,France,French Riviera,REGIONAL,,,2,3,2018,2025,7
6185,3890211805840954761,Âme,Germany,Berlin,TOP1000,,,24,83,2011,2026,15
6186,1170626074730948548,Miss Kittin,France,Paris,TOP1000,,,11,17,2007,2026,19
6187,734195056088368579,Sweely,France,Nice,REGIONAL,,,21,40,2018,2026,8
6188,1748269382194802444,Guillaume Gioé,France,South East,REGIONAL,,,1,1,2026,2026,0
6189,1036667586369820165,Andy Book,France,South East,REGIONAL,,,1,1,2026,2026,0
6190,4323170446173289254,grad_u,Lithuania,All,REGIONAL,,,1,7,2012,2019,7
6191,2991943348962252300,Naduve,Israel,All,REGIONAL,,,3,5,2017,2018,1
6192,1208082796289626957,Tronik Youth,United Kingdom,South + East,REGIONAL,,,1,3,2018,2019,1
6193,5096465002238099854,Anna Hanna,Lithuania,All,REGIONAL,,,1,1,2018,2018,0
6194,6341877470302782683,Interiors,Lithuania,All,REGIONAL,,,1,1,2019,2019,0
6195,2923404930161282582,job sifre,Netherlands,Amsterdam,REGIONAL,,,8,14,2018,2021,3
6196,7339286714470995330,Roe Deers,Lithuania,All,REGIONAL,,,1,2,2019,2022,3
6197,5923252037497066426,Piska Power,Germany,Berlin,REGIONAL,,,1,1,2019,2019,0
6198,1561948461271341836,Black Acid,Bosnia and Herzegovina,All,REGIONAL,,,1,1,2019,2019,0
6199,8313039506234169272,MIJU,Serbia,All,REGIONAL,,,1,2,2022,2022,0
6200,4563936488543409681,Rookas,Lithuania,All,REGIONAL,,,1,1,2022,2022,0
6201,8455322285819365126,Quartz,United Kingdom,London,REGIONAL,,,1,1,2022,2022,0
6202,8186728008114499717,Chameleonas,Lithuania,Vilnius,REGIONAL,,,1,1,2022,2022,0
6203,8634924769565608109,Caterina Barbieri,Germany,Berlin,TOP1000,,,3,4,2019,2024,5
6204,8010262393240384812,Forest Swords,United Kingdom,North,TOP1000,,,3,3,2013,2023,10
6205,3334502125256829220,Lewis Fautzi,Portugal,Porto,REGIONAL,,,3,3,2017,2023,6
6206,7252926498308391671,rRoxymore,France,Central,TOP1000,,,14,26,2016,2026,10
6207,3917027801570822108,NEUX,Georgia,Tbilisi,REGIONAL,,,1,2,2024,2026,2
6208,3740389200707989753,Stimming,Germany,Hamburg,TOP1000,,,5,7,2012,2025,13
6209,6121170940397946225,Krista Bourgeois,,,REGIONAL,,,2,2,2025,2025,0
6210,8503521462445622851,dogheadsurigeri,Poland,All,REGIONAL,,,1,1,2025,2025,0
6211,6766455035509221884,AGA2L,Hungary,All,REGIONAL,,,1,1,2025,2025,0
6212,3755831544020002247,Indirect Movement,Hungary,Budapest,REGIONAL,,,1,1,2025,2025,0
6213,3152716236131241189,Stark,,,REGIONAL,,,1,1,2025,2025,0
6214,437331091948976971,Gaston Fiore,Argentina,Buenos Aires,REGIONAL,,,1,1,2026,2026,0
6215,1081556464837580792,Pau Pérez,Spain,East,REGIONAL,,,2,9,2017,2025,8
6216,4914024422168497057,MLiR,Sweden,All,REGIONAL,,,3,4,2017,2018,1
6217,8566353089128577949,Felipe Perdomo,United States of America,Miami,REGIONAL,,,1,1,2017,2017,0
6218,3609681277558517988,Sueezo,Spain,East,REGIONAL,,,2,9,2017,2026,9
6219,7535733155033661382,AARON GEHRIG,Spain,Valencia,REGIONAL,,,1,2,2018,2024,6
6220,3156721704968400968,Axel Boman,Sweden,All,TOP1000,,,24,50,2012,2026,14
6221,8253064566086053626,Fumiya Tanaka,Japan,Tokyo,TOP1000,,,13,23,2018,2026,8
6222,7249119317554460164,Francesco Del Garda,Italy,Central,TOP1000,,,25,60,2017,2026,9
6223,6516997405004587038,Cecilio,Spain,South,REGIONAL,,,11,21,2020,2026,6
6224,1455997779977843637,Dyed Soundorom,France,Paris,TOP1000,,,18,35,2011,2026,15
6225,1427734562804790891,Alexis Cabrera,Argentina,Buenos Aires,REGIONAL,,,2,5,2019,2025,6
6226,9018010684334102278,Philo (IT),Italy,Rome,REGIONAL,,,1,1,2023,2023,0
6227,9099909218574888809,Lose Endz,Spain,North,REGIONAL,,,1,1,2023,2023,0
6228,3596052532982723001,4Pleasure,Spain,Barcelona,REGIONAL,,,1,2,2024,2025,1
6229,7898937014041253453,Felipe Valenzuela,Chile,All,TOP1000,,,2,3,2024,2025,1
6230,5599215076818244706,Liquid Earth,United States of America,California,REGIONAL,,,4,13,2021,2026,5
6231,6321879106971259516,Hugo Martinez,Spain,North,REGIONAL,,,3,4,2025,2026,1
6232,8012857764180231600,Oliver.r,United Kingdom,London,REGIONAL,,,2,3,2023,2026,3
6233,2280883607312333821,Pascal Moscheni,Spain,Ibiza,REGIONAL,,,4,23,2022,2026,4
6234,1071083261789471514,Calabasa,Spain,Madrid,REGIONAL,,,1,2,2025,2026,1
6235,7463783946386273519,Sisto,Brazil,Sao Paulo,REGIONAL,,,1,1,2025,2025,0
6236,856356654007425336,Thomas Kick (2),Spain,Barcelona,REGIONAL,,,1,1,2025,2025,0
6237,8464841866649017615,3LIAS,Lebanon,All,REGIONAL,,,1,1,2026,2026,0
6238,2568740583061626514,Charles X,United States of America,Los Angeles,REGIONAL,,,1,1,2026,2026,0
6239,7549840393942095526,Plinio,Brazil,Sao Paulo,REGIONAL,,,1,1,2026,2026,0
6240,8675891681665801761,ONA (SP),Spain,Barcelona,REGIONAL,,,3,9,2023,2026,3
6241,7622147148065486236,Rakim Under,United Kingdom,London,REGIONAL,,,3,3,2024,2026,2
6242,2950971889094651592,Stefano Andriezzi,Venezuela,All,REGIONAL,,,1,1,2026,2026,0
6243,1022169536497601560,Goose,Belgium,All,REGIONAL,,,1,2,2007,2011,4
6244,1438016673094616909,Abe Duque,United States of America,New York City,REGIONAL,,,2,2,2006,2007,1
6245,7917167934861968446,Feadz,France,Paris,REGIONAL,,,2,2,2007,2013,6
6246,3091211193670340030,Aaron Spectre,United States of America,Massachusetts,REGIONAL,,,1,1,2007,2007,0
6247,1066097914169465601,James Holden,United Kingdom,London,TOP1000,,,15,30,2007,2026,19
6248,3586290052530006281,Justice,France,Paris,TOP1000,,,1,1,2007,2007,0
6249,4949996286404989753,Polder,Netherlands,Amsterdam,REGIONAL,,,2,2,2007,2007,0
6250,1487338439306475133,Bart Skils,Netherlands,Amsterdam,TOP1000,,,7,25,2005,2026,21
6251,5160925604385562488,Quiet Village,United Kingdom,London,REGIONAL,,,2,2,2008,2011,3
6252,3800714614128531588,Kissy Sell Out,United Kingdom,London,REGIONAL,,,2,2,2008,2012,4
6253,5006773941502165752,The Flaming Lips,United States of America,Oklahoma,REGIONAL,,,1,1,2008,2008,0
6254,1053842535976992679,Hot Chip,United Kingdom,London,TOP1000,,,10,19,2008,2025,17
6255,3178720991138238711,Sven Vath,Germany,Frankfurt,TOP1000,,,10,12,2008,2026,18
6256,4967928098885097753,Bong-Ra,Netherlands,Utrecht,REGIONAL,,,1,1,2008,2008,0
6257,657668882231532020,Chase,,,,,,4,8,2009,2024,15
6258,5958149721610094903,Status,,,,,,4,8,2009,2024,15
6259,1001174596524223018,Tim Exile,Germany,Berlin,REGIONAL,,,1,1,2009,2009,0
6260,8453648868122762233,Passion Pit,United States of America,California,REGIONAL,,,1,2,2009,2009,0
6261,6734082634352233950,Tiga,Canada,Montreal,TOP1000,,,10,17,2009,2026,17
6262,8312959464100486929,Junior Boys,Canada,Toronto,REGIONAL,,,1,2,2009,2009,0
6263,7363942931508300806,Nosaj Thing,United States of America,Los Angeles,REGIONAL,,,4,5,2010,2024,14
6264,6286384133665346494,Plastikman,Germany,Berlin,REGIONAL,,,1,1,2010,2010,0
6265,2643907163596009676,Aeroplane,Belgium,All,REGIONAL,,,1,1,2010,2010,0
6266,1319296993326617516,Netsky,Belgium,All,REGIONAL,,,1,2,2010,2012,2
6267,3473132737479361787,Sub Focus,United Kingdom,London,TOP1000,,,4,4,2008,2023,15
6268,6410979490758722368,Feed Me,United Kingdom,London,REGIONAL,,,1,1,2011,2011,0
6269,6928853752925372379,James Blake,United Kingdom,London,TOP1000,,,2,4,2011,2022,11
6270,814556274331556679,Friendly Fires,United Kingdom,South + East,REGIONAL,,,2,2,2011,2018,7
6271,4963970190130641811,Flux Pavilion,United Kingdom,London,REGIONAL,,,2,6,2010,2012,2
6272,3041066109136508628,Holy Other,United Kingdom,North,REGIONAL,,,1,1,2012,2012,0
6273,8798391317257037053,Anstam,Germany,Berlin,REGIONAL,,,3,3,2012,2012,0
6274,8400321379574167769,alt-J,,,,,,1,2,2012,2017,5
6275,64039509151126742,The Knife,Sweden,All,TOP1000,,,1,1,2013,2013,0
6276,5867001317745096595,Gojira,Romania,All,REGIONAL,,,1,1,2013,2013,0
6277,5377180725887183195,Rainbow Arabia,United States of America,Los Angeles,REGIONAL,,,2,2,2009,2013,4
6278,5707498343175312430,Maya Jane Coles,United Kingdom,London,TOP1000,,,10,19,2012,2025,13
6279,5748501951358373655,Staves,Italy,Central,REGIONAL,,,1,1,2013,2013,0
6280,4143948250096810369,18+,United States of America,Los Angeles,REGIONAL,,,1,1,2015,2015,0
6281,8931801422178941068,Clementine,Germany,Berlin,REGIONAL,,,1,1,2015,2015,0
6282,3321785100196529180,Boys Noize,Germany,Berlin,TOP1000,,,6,12,2008,2024,16
6283,501516256159330957,The Chemical Brothers,United Kingdom,London,TOP1000,,,2,3,2015,2020,5
6284,1315714126134410490,ABRA,United States of America,Georgia,REGIONAL,,,2,2,2017,2017,0
6285,1248854623185235044,Deniro,Netherlands,The Hague,REGIONAL,,,7,29,2015,2024,9
6286,8295665897162537364,Vandal,United Kingdom,North,REGIONAL,,,2,2,2018,2018,0
6287,766480508596234104,Kiasmos,Iceland,All,TOP1000,,,9,12,2016,2025,9
6288,3756056223538299147,Maribou State,United Kingdom,London,TOP1000,,,13,28,2013,2025,12
6289,4504160176274083786,Warhaus,Netherlands,Amsterdam,REGIONAL,,,1,1,2018,2018,0
6290,8936417831104295492,Yaeji,United States of America,New York City,TOP1000,,,5,6,2018,2026,8
6291,7204726602390343242,Ezra Collective,United Kingdom,London,REGIONAL,,,7,8,2018,2025,7
6292,4749902642179042150,Bosha,Bulgaria,All,REGIONAL,,,1,6,2022,2026,4
6293,2893545964183189585,Stefan Alexandrov,Bulgaria,All,REGIONAL,,,1,2,2022,2023,1
6294,529658646322399435,Desyn,United Kingdom,London,REGIONAL,,,5,6,2022,2026,4
6295,2011274363891385244,Loa Szala,,,REGIONAL,,,10,12,2022,2026,4
6296,7539415529170752195,OLEG,United Kingdom,London,REGIONAL,,,1,1,2024,2024,0
6297,3863407626973654503,Charlie,Poland,All,REGIONAL,,,1,1,2025,2025,0
6298,7695384187075128942,Kiril K.,Bulgaria,Sofia,REGIONAL,,,1,1,2025,2025,0
6299,538376823373624723,N-Type,United Kingdom,London,REGIONAL,,,1,20,2008,2024,16
6300,7268972326538957579,Gentleman's Dub Club,United Kingdom,London,REGIONAL,,,2,11,2008,2017,9
6301,9073430190076586498,Spam Chop,United Kingdom,Midlands,REGIONAL,,,2,4,2008,2014,6
6302,6851897663112909053,Kulez,United Kingdom,London,REGIONAL,,,1,1,2008,2008,0
6303,7356755060029284249,Dropfellas,United Kingdom,London,REGIONAL,,,1,5,2009,2010,1
6304,196944933403722326,Lynx,United Kingdom,London,REGIONAL,,,1,1,2009,2009,0
6305,615404785517477222,Congo Natty,United Kingdom,London,REGIONAL,,,3,15,2010,2023,13
6306,3056250151702100749,SGT Pokes,United Kingdom,London,REGIONAL,,,5,19,2010,2026,16
6307,7803601575986879144,Skream,United Kingdom,London,TOP1000,,,13,25,2010,2026,16
6308,6400963441486980293,Synkro,United Kingdom,North,REGIONAL,,,4,11,2010,2023,13
6309,8429794599138053027,Planas,United Kingdom,London,REGIONAL,,,2,8,2010,2014,4
6310,4259737437697985883,Klose One,United Kingdom,London,REGIONAL,,,5,10,2010,2026,16
6311,5066721675090176518,Paul Spymania,Germany,Berlin,REGIONAL,,,2,6,2010,2012,2
6312,6428180021041962362,David Rodigan,United Kingdom,London,REGIONAL,,,4,14,2011,2023,12
6313,1719125100192636104,Cooly G,United Kingdom,London,REGIONAL,,,4,7,2011,2025,14
6314,5904866545254921618,Marcus Nasty,United Kingdom,London,REGIONAL,,,3,5,2011,2022,11
6315,8814718452411209399,Trikk,Portugal,Porto,TOP1000,,,11,31,2012,2026,14
6316,4942085243230716347,Morgan Geist,United States of America,New York City,REGIONAL,,,3,3,2011,2012,1
6317,4082677117185716716,Electric Wire Hustle,United States of America,New Mexico,REGIONAL,,,2,3,2012,2012,0
6318,1795231094816978327,The Chain,United Kingdom,London,REGIONAL,,,2,2,2012,2012,0
6319,77836153773772879,Dauwd,United Kingdom,London,TOP1000,,,5,5,2012,2026,14
6320,125913229171710944,General Levy,United Kingdom,London,REGIONAL,,,2,5,2013,2019,6
6321,55090612821221501,Terror Danjah,United Kingdom,London,REGIONAL,,,2,2,2013,2013,0
6322,1808732753695042699,B.Traits,Canada,Vancouver,TOP1000,,,3,3,2013,2017,4
6323,2889630891785102790,Hannah Wants,United Kingdom,Midlands,TOP1000,,,3,3,2014,2017,3
6324,134603636338539157,Kutmah,United Kingdom,South + East,REGIONAL,,,3,6,2014,2025,11
6325,7663014737352786308,Doc Scott,United Kingdom,London,REGIONAL,,,5,20,2014,2025,11
6326,5201500422476629826,Compa,United Kingdom,North,REGIONAL,,,1,4,2014,2018,4
6327,3121344838979496431,Onset,United Kingdom,London,REGIONAL,,,1,4,2014,2023,9
6328,1476068965916969324,TS2W,United Kingdom,West + Wales,REGIONAL,,,2,5,2014,2019,5
6329,8523748147902680730,Madlib,United States of America,Los Angeles,REGIONAL,,,4,5,2010,2019,9
6330,4422507354650064057,Pete Rock,United States of America,New York City,REGIONAL,,,1,1,2015,2015,0
6331,6288031433436941313,Pinch,,,,,,1,1,2015,2015,0
6332,3058403277796491450,Artful Dodger,United Kingdom,London,REGIONAL,,,2,4,2015,2016,1
6333,4431873951739789013,FKJ,France,Paris,REGIONAL,,,3,5,2015,2023,8
6334,1064558168034136018,Ancient Alien,Germany,Berlin,REGIONAL,,,1,1,2015,2015,0
6335,1951202997577037907,Jon Phonics,United Kingdom,London,REGIONAL,,,1,1,2015,2015,0
6336,4048269274088546962,Neek,United Kingdom,West + Wales,REGIONAL,,,4,11,2016,2026,10
6337,2235205709653982937,Hodge,United Kingdom,West + Wales,TOP1000,,,8,26,2013,2026,13
6338,2568078387901968749,Mark Pritchard,Australia,Sydney,REGIONAL,,,1,1,2016,2016,0
6339,2718214564276853869,Alpha Steppa,United Kingdom,London,REGIONAL,,,2,2,2017,2019,2
6340,5744296660629298519,Elisa Do Brasil,France,Paris,REGIONAL,,,2,29,2008,2026,18
6341,8972042131710048275,Killa P,United Kingdom,London,REGIONAL,,,2,11,2017,2026,9
6342,7559364665655642221,Nídia,France,South West,REGIONAL,,,5,5,2017,2026,9
6343,5289939997843786575,SPENG,Australia,Sydney,REGIONAL,,,2,2,2017,2017,0
6344,7705688693113259698,El-B,United Kingdom,London,REGIONAL,,,4,8,2018,2026,8
6345,3850139979191122525,Sepia,United Kingdom,London,REGIONAL,,,1,8,2018,2025,7
6346,8572551217446484192,Villem,United Kingdom,South + East,REGIONAL,,,1,2,2018,2018,0
6347,2767714451772452063,Red Eye,United States of America,Dallas/Fort Worth,REGIONAL,,,2,2,2015,2018,3
6348,4892882628768315445,Mr Virgo,United Kingdom,London,REGIONAL,,,1,2,2018,2018,0
6349,6950721011073017363,DJ Storm,United Kingdom,London,REGIONAL,,,12,23,2017,2026,9
6350,1314638500288298472,Patife,Brazil,All,REGIONAL,,,1,1,2018,2018,0
6351,3546888465124254313,Egoless,Croatia,All,REGIONAL,,,2,6,2016,2020,4
6352,5988544276621734459,Think'd,Italy,Milan,REGIONAL,,,1,1,2019,2019,0
6353,6108961222363270067,Halogenix,United Kingdom,London,REGIONAL,,,3,4,2018,2022,4
6354,2986465538338366154,Manara (UK),United Kingdom,London,REGIONAL,,,5,5,2019,2023,4
6355,3694933633319735109,Arkaik,United Kingdom,South + East,REGIONAL,,,1,2,2019,2024,5
6356,1448821926581073147,Kid Drama,United Kingdom,London,REGIONAL,,,2,5,2017,2024,7
6357,1449707843429180032,Satl,Poland,All,REGIONAL,,,1,3,2020,2023,3
6358,2508675659663626942,Scar Duggy,United Kingdom,London,REGIONAL,,,2,3,2021,2026,5
6359,7977656311787377543,Big Kani,United Kingdom,London,REGIONAL,,,1,2,2022,2026,4
6360,669087596254796936,Izco,United Kingdom,London,REGIONAL,,,6,16,2020,2026,6
6361,5726265943498465570,Lemon D,United Kingdom,London,REGIONAL,,,1,1,2022,2022,0
6362,3123164204978262395,Al Wootton,United Kingdom,London,REGIONAL,,,7,10,2021,2026,5
6363,7563920506406487309,Bruce,United Kingdom,London,REGIONAL,,,8,17,2018,2022,4
6364,4858214878585175227,Ill Truth,United Kingdom,West + Wales,REGIONAL,,,1,1,2022,2022,0
6365,1485411944274193206,Jess Bays,United Kingdom,London,REGIONAL,,,2,3,2019,2022,3
6366,1187051888372835038,Laksa,United Kingdom,London,REGIONAL,,,5,7,2019,2025,6
6367,7566863757008584093,RIZ LA TEEF,United Kingdom,London,REGIONAL,,,2,5,2022,2025,3
6368,5038262475192015472,Yushh,United Kingdom,Bristol,REGIONAL,,,8,19,2021,2026,5
6369,2235615700447309057,Diverge,United Kingdom,Leeds,REGIONAL,,,2,3,2022,2024,2
6370,1429603602049901331,Gnasha,United Kingdom,Bristol,REGIONAL,,,1,1,2022,2022,0
6371,3590749267113987904,MC Flux,United Kingdom,London,REGIONAL,,,2,2,2022,2022,0
6372,1039051892135274037,Zonae,United Kingdom,Bristol,REGIONAL,,,1,1,2022,2022,0
6373,5707972331817814989,Henzo,United Kingdom,North,REGIONAL,,,2,4,2022,2024,2
6374,3311128359495205687,IC3,United Kingdom,London,REGIONAL,,,3,3,2019,2024,5
6375,8040850787705183908,Dynamite MC,United Kingdom,London,REGIONAL,,,2,2,2016,2023,7
6376,1329553554904027065,Thys,Poland,Warsaw,REGIONAL,,,1,2,2024,2026,2
6377,4222729643955442625,Denis Ago,Albania,All,REGIONAL,,,1,1,2024,2024,0
6378,866784052267356093,DJ Polo,United Kingdom,Bristol,REGIONAL,,,4,6,2017,2025,8
6379,4440285340960638442,Fliss Mayo,United Kingdom,Bristol,REGIONAL,,,5,7,2023,2026,3
6380,3577595876926114292,Formella,United Kingdom,London,REGIONAL,,,2,3,2024,2026,2
6381,1156480062641917375,Napes,United Kingdom,Bristol,REGIONAL,,,2,4,2024,2026,2
6382,3997051300818223581,Sir Hiss,United Kingdom,Bristol,REGIONAL,,,2,3,2024,2025,1
6383,3502035543770457096,eylau,Poland,All,REGIONAL,,,1,1,2024,2024,0
6384,3619911129776707085,wauneu,Poland,Warsaw,REGIONAL,,,1,1,2024,2024,0
6385,8679558401860436891,M.I.C (The Master of Inane Conversation),United Kingdom,London,REGIONAL,,,1,1,2024,2024,0
6386,1608746005334060327,Sister Zo,United States of America,New York City,REGIONAL,,,2,2,2025,2025,0
6387,6172294587414494546,Cesco,Italy,Venice,REGIONAL,,,2,3,2025,2026,1
6388,6195768795636456085,Chinese Daughter,United Kingdom,London,REGIONAL,,,2,3,2025,2026,1
6389,3414873948685971034,Visages,France,Toulouse,REGIONAL,,,1,2,2025,2026,1
6390,7342837403621170206,Proc Fiskal,United Kingdom,Edinburgh,REGIONAL,,,1,1,2025,2025,0
6391,384213927524940749,Mulholland,United Kingdom,West + Wales,REGIONAL,,,1,1,2025,2025,0
6392,1516651249995025707,Creep Woland,United Kingdom,Glasgow,REGIONAL,,,1,1,2025,2025,0
6393,6044184231769095360,X-Coast,Serbia,All,REGIONAL,,,7,8,2024,2025,1
6394,6487051068204817993,PethbUri,Spain,Barcelona,REGIONAL,,,1,1,2025,2025,0
6395,8546253581329518786,Arnii,Georgia,Tbilisi,REGIONAL,,,1,1,2026,2026,0
6396,8339401954155468857,Big Dope P,France,Paris,REGIONAL,,,1,1,2026,2026,0
6397,2934618184776318964,Fujita Pinnacle,Slovenia,All,REGIONAL,,,2,2,2024,2026,2
6398,856258823032997950,JIALING,United States of America,Baltimore,REGIONAL,,,1,1,2026,2026,0
6399,841553442467395511,Lioness Power,United Kingdom,Leeds,REGIONAL,,,1,1,2026,2026,0
6400,7748872946037205880,ophélie,France,South West,REGIONAL,,,4,4,2026,2026,0
6401,6608164117078261334,T-Man (UK),United Kingdom,Manchester,REGIONAL,,,1,1,2026,2026,0
6402,1237286486426571642,Wraz,Canada,Montreal,REGIONAL,,,1,1,2026,2026,0
6403,507190260062615755,Joe Corti,United Kingdom,London,REGIONAL,,,1,7,2017,2021,4
6404,5067630165418648204,Liam Palmer,United Kingdom,London,REGIONAL,,,6,63,2017,2026,9
6405,2653765229244525255,Julian James,United Kingdom,London,REGIONAL,,,1,9,2017,2021,4
6406,1808848554191508831,Justin Pak,United Kingdom,London,REGIONAL,,,1,1,2017,2017,0
6407,733431335773544733,Ozzie Guven,United Kingdom,London,REGIONAL,,,3,5,2021,2026,5
6408,456747406639653024,Kolter,Germany,Cologne,REGIONAL,,,7,17,2022,2026,4
6409,8145180084533906329,Tania Vulcano,Spain,Ibiza,TOP1000,,,1,1,2022,2022,0
6410,919828586624796785,Mason Collective,United Kingdom,Manchester,REGIONAL,,,3,4,2019,2024,5
6411,1030771611752325712,Joris Voorn,Netherlands,Amsterdam,TOP1000,,,13,41,2005,2026,21
6412,7454822681527681240,Denis Sulta,United Kingdom,Scotland,TOP1000,,,11,21,2017,2024,7
6413,6012535126093680190,Crazy P,United Kingdom,Midlands,REGIONAL,,,14,60,2013,2026,13
6414,5023696859143396886,Jeffery (UK),United Kingdom,London,REGIONAL,,,1,1,2023,2023,0
6415,6285617206018281261,Mateo Dufour,Argentina,Buenos Aires,REGIONAL,,,1,2,2023,2024,1
6416,8775983601631396097,Jentzen,United Kingdom,Manchester,REGIONAL,,,2,2,2023,2024,1
6417,7251642293754941985,HAR-V,United Kingdom,London,REGIONAL,,,1,1,2024,2024,0
6418,3369624372644193159,Ben Sterling,United Kingdom,Midlands,REGIONAL,,,2,4,2019,2025,6
6419,5426532713002857747,D Stone,Netherlands,Amsterdam,REGIONAL,,,5,6,2025,2026,1
6420,4403898367685813899,Tonno Disko,Netherlands,Amsterdam,REGIONAL,,,3,3,2024,2026,2
6421,5380198816736797728,Frenchhh,United Kingdom,London,REGIONAL,,,1,2,2025,2026,1
6422,6438224179966700991,Marsolo,Netherlands,Utrecht,REGIONAL,,,8,17,2024,2026,2
6423,1321441193682581011,Alexis Raphael,United Kingdom,London,REGIONAL,,,3,4,2025,2026,1
6424,2696242251791209203,Clive Henry,United Kingdom,London,REGIONAL,,,2,2,2025,2026,1
6425,7798614465220376,Elena Moroder,Germany,Berlin,REGIONAL,,,1,1,2025,2025,0
6426,1073870790045077917,Obskur,,,REGIONAL,,,5,11,2025,2026,1
6427,6703707796987231608,Marco Carola,Italy,Central,TOP1000,,,7,26,2008,2026,18
6428,4899552330890897472,ALISHA,United Kingdom,Midlands,REGIONAL,,,3,4,2026,2026,0
6429,8154558134188096917,Laura De Greef,Belgium,Brussels,REGIONAL,,,3,3,2021,2026,5
6430,8792841278871217994,Kike Cornejo,Spain,Barcelona,REGIONAL,,,1,1,2026,2026,0
6431,5954445267765221036,Ewan McVicar,United Kingdom,Scotland,REGIONAL,,,8,13,2022,2026,4
6432,2583353625956433832,Bo Conquest,United Kingdom,London,REGIONAL,,,3,3,2026,2026,0
6433,793446236768316467,Cam Stockman,United Kingdom,Manchester,REGIONAL,,,4,4,2026,2026,0
6434,3387082822378848096,Finnebassen,Norway,All,REGIONAL,,,5,7,2014,2026,12
6435,4999332073920376171,O'Neil McDowall,United Kingdom,London,REGIONAL,,,2,2,2026,2026,0
6436,4764186604123290976,Riley,United Kingdom,London,REGIONAL,,,2,2,2026,2026,0
6437,2182947665018927270,Robbie Doherty,United Kingdom,Northern Ireland,REGIONAL,,,4,18,2023,2026,3
6438,5664352198882735210,Bwi-Bwi,France,South East,REGIONAL,,,3,7,2017,2024,7
6439,8567967657462198756,Maggie,France,Paris,REGIONAL,,,1,1,2018,2018,0
6440,250341462598877795,Ben3000,France,Paris,REGIONAL,,,1,3,2018,2023,5
6441,2381008659595707518,Max Vincent Raw,Germany,Bavaria,REGIONAL,,,1,1,2019,2019,0
6442,227945371181629196,Kumquat,Netherlands,Amsterdam,REGIONAL,,,1,2,2019,2019,0
6443,7385022828267236924,Sonia,,,,,,1,1,2019,2019,0
6444,2455556441792399838,Manfredas,Lithuania,All,TOP1000,,,16,33,2018,2026,8
6445,8290280066068298747,Grand V,France,Paris,REGIONAL,,,2,3,2017,2021,4
6446,6198412009673468456,Ash Scholem,Georgia,Tbilisi,REGIONAL,,,1,1,2022,2022,0
6447,2109714881406248954,DJ Life,Australia,Melbourne,REGIONAL,,,3,3,2022,2026,4
6448,3959027007008439294,Benoit B,France,Paris,REGIONAL,,,1,1,2022,2022,0
6449,2873385812439654847,Cromby,Ireland,All,TOP1000,,,6,19,2015,2026,11
6450,4099096357896889942,Lea Occhi,France,Paris,TOP1000,,,6,7,2023,2026,3
6451,5075767222748305491,Sarcus Soundsystem,France,Paris,REGIONAL,,,1,1,2023,2023,0
6452,1184794470381962790,matilda (2),France,West,REGIONAL,,,2,2,2023,2024,1
6453,333851429863071555,itako,France,East,REGIONAL,,,1,1,2024,2024,0
6454,8011966401435715019,Jeku,Finland,Helsinki,REGIONAL,,,1,1,2024,2024,0
6455,2890127524590083412,Maï-Linh,France,Paris,REGIONAL,,,5,7,2024,2026,2
6456,4547170357664902493,Maemm,France,Paris,REGIONAL,,,2,3,2024,2026,2
6457,9088556390370985614,Banali,Germany,Stuttgart,REGIONAL,,,1,1,2024,2024,0
6458,4372409114776228740,Anaïs Liro,France,North,REGIONAL,,,2,2,2025,2025,0
6459,2333570710753954403,Drawbridge,France,South East,REGIONAL,,,1,2,2025,2026,1
6460,5616171349663625548,Forest,France,Paris,REGIONAL,,,2,18,2025,2026,1
6461,5183704196010394107,Tewo Rina,France,Paris,REGIONAL,,,1,2,2025,2025,0
6462,3303663124665725169,Naone,South Korea,All,REGIONAL,,,9,22,2022,2026,4
6463,4459263518057666619,Daniele Baldelli,Italy,Central,TOP1000,,,9,14,2015,2025,10
6464,8815758344877171156,Nick Höppner,Germany,Berlin,TOP1000,,,4,10,2011,2025,14
6465,7246594709378298509,Nathalie Seres,Germany,Berlin,REGIONAL,,,6,12,2017,2026,9
6466,3918068186984077681,Trancesetters of Westphalia,Germany,North Rhine-Westphalia,REGIONAL,,,1,3,2026,2026,0
6467,8503789333752711331,Massaï,United Kingdom,London,REGIONAL,,,3,4,2019,2026,7
6468,3710852916100229941,Mel,France,Paris,REGIONAL,,,1,2,2026,2026,0
6469,4767039045233345320,OLGA B.,France,Paris,REGIONAL,,,1,2,2026,2026,0
6470,1897765235784586705,Milton Bradley,Germany,Berlin,TOP1000,,,2,2,2015,2016,1
6471,5975135095783478891,Jack de Marseille,France,French Riviera,REGIONAL,,,2,4,2015,2024,9
6472,8981955813619053692,Maximilian Stolze,Germany,Jena,REGIONAL,,,1,1,2015,2015,0
6473,3198306858232322139,Roman Poncet,France,Paris,REGIONAL,,,2,3,2016,2019,3
6474,6120423499548989337,Philistin,France,Lyon,REGIONAL,,,1,1,2016,2016,0
6475,2835447422304394037,Schmeckefuchs,Germany,Berlin,REGIONAL,,,1,1,2016,2016,0
6476,498004923949631495,David Mears,France,French Riviera,REGIONAL,,,1,1,2017,2017,0
6477,735297579012858240,HollSön,France,Paris,REGIONAL,,,1,1,2017,2017,0
6478,6663311909096894339,Max Shen,China,Shanghai,REGIONAL,,,1,1,2017,2017,0
6479,4856745878011786889,Alinka,Ukraine,Kyiv,TOP1000,,,5,5,2017,2026,9
6480,593457987796098718,Vale,Belgium,Brussels,REGIONAL,,,1,1,2017,2017,0
6481,7567911354629426160,Amarou,,,,,,1,2,2017,2026,9
6482,1612975150455033763,Costanza,Italy,Rome,REGIONAL,,,2,2,2025,2025,0
6483,4513007846869796097,Max Dewavrin,France,North,REGIONAL,,,2,3,2024,2025,1
6484,7988387222723286122,Obé.,France,West,REGIONAL,,,2,3,2016,2025,9
6485,4581978095386558372,SEND HER,France,Nantes,REGIONAL,,,1,1,2025,2025,0
6486,2799104652211067551,Vitaline,France,Paris,REGIONAL,,,1,2,2025,2026,1
6487,1147939390013221833,Vingt-Deux,France,Bordeaux,REGIONAL,,,1,1,2026,2026,0
6488,6895417652885274956,Stelios,United Kingdom,West + Wales,REGIONAL,,,1,1,2026,2026,0
6489,2598577812110234956,pulli,Germany,Berlin,REGIONAL,,,1,1,2026,2026,0
6490,8862867025086698561,Philipp Johann Thimm,Germany,Bavaria,REGIONAL,,,1,1,2026,2026,0
6491,1188185789404622960,OPÄK,France,Paris,REGIONAL,,,2,3,2024,2026,2
6492,8657482684163134494,Kohra,India,Delhi,REGIONAL,,,2,2,2020,2026,6
6493,6539585530614932050,Jonas Alexander,France,Paris,REGIONAL,,,1,1,2026,2026,0
6494,4698553442392999866,Forest On Stasys,Argentina,Buenos Aires,REGIONAL,,,1,1,2026,2026,0
6495,3889052762956165095,Parallax,Spain,Madrid,REGIONAL,,,2,2,2023,2026,3
6496,2328150632238739340,Anisetta Brothers,Italy,Milan,REGIONAL,,,1,1,2026,2026,0
6497,7909384231742247125,Poulard.,France,Paris,REGIONAL,,,1,1,2026,2026,0
6498,7601664681522569508,Equus Belli,France,Paris,REGIONAL,,,1,1,2026,2026,0
6499,1885980021312084514,Eltouss,France,Lille,REGIONAL,,,1,1,2026,2026,0
6500,6480600777571674014,Woody,Germany,Berlin,REGIONAL,,,5,6,2011,2024,13
6501,6592089889924812602,DJ TLR,Netherlands,The Hague,REGIONAL,,,3,6,2013,2019,6
6502,1742111627818517878,RAFF,Netherlands,Rotterdam,REGIONAL,,,3,4,2018,2024,6
6503,1430838231091907497,Egyptian Lover,United States of America,Los Angeles,TOP1000,,,12,14,2016,2025,9
6504,2219044853912327463,DJ Flush,Germany,Berlin,REGIONAL,,,1,1,2018,2018,0
6505,3239462611722443178,Gamma Intel,Netherlands,Rotterdam,REGIONAL,,,5,10,2018,2024,6
6506,1714518870215387665,Zohar,Netherlands,Amsterdam,REGIONAL,,,7,17,2019,2025,6
6507,5580466859054164830,Conrad Soundsystem,Netherlands,Amsterdam,REGIONAL,,,1,1,2022,2022,0
6508,4436443571644821263,Special Guest DJ,United States of America,Chicago,REGIONAL,,,1,1,2022,2022,0
6509,7807125862846657554,JakoJako,Germany,Berlin,REGIONAL,,,13,25,2023,2026,3
6510,6581481692998408680,iO,Ukraine,All,REGIONAL,,,2,2,2018,2023,5
6511,5542618712293352901,François X,France,Paris,TOP1000,,,4,8,2017,2025,8
6512,926820883462349469,Laure Croft,Netherlands,Amsterdam,REGIONAL,,,1,1,2024,2024,0
6513,6568290548232931977,VEL (MA),France,Lyon,REGIONAL,,,4,8,2023,2026,3
6514,7076152883092095734,Lucky Done Gone,Netherlands,Amsterdam,REGIONAL,,,8,12,2018,2026,8
6515,8608928625592235240,Dario Zenker,Germany,Munich,REGIONAL,,,1,1,2025,2025,0
6516,9088809167866162060,Jetti,Netherlands,Rotterdam,REGIONAL,,,6,10,2018,2026,8
6517,833980608095287506,salute,Austria,Vienna,REGIONAL,,,13,17,2023,2026,3
6518,8908083119711211293,Horse Meat Disco,United Kingdom,London,TOP1000,,,20,64,2014,2026,12
6519,6959789596329405827,Bunny,United Kingdom,Midlands,REGIONAL,,,1,2,2025,2026,1
6520,6932429181097764841,Boulderhead,United Kingdom,Bristol,REGIONAL,,,2,2,2024,2025,1
6521,2211173468732443366,The Darrs,United Kingdom,Birmingham,REGIONAL,,,2,3,2023,2025,2
6522,7695071481039833859,Alex Bau,Germany,Munich,REGIONAL,,,1,2,2014,2015,1
6523,7241440527271578542,The Advent,United Kingdom,London,TOP1000,,,6,16,2007,2026,19
6524,3757059286559977576,Bas Mooy,Netherlands,Rotterdam,TOP1000,,,2,3,2009,2014,5
6525,1926887140556108650,Damoon,Netherlands,Rotterdam,REGIONAL,,,1,1,2014,2014,0
6526,259590692902824787,Hollen,Italy,South,REGIONAL,,,1,2,2014,2015,1
6527,5081017775782693924,Johannes Heil,Germany,Frankfurt,REGIONAL,,,4,7,2011,2017,6
6528,5747733823510679038,Jonasson,Germany,Frankfurt,REGIONAL,,,1,1,2015,2015,0
6529,8726293778768579222,Petre Inspirescu,Romania,All,TOP1000,,,7,10,2015,2025,10
6530,4227948982085433178,Sampol,Spain,Barcelona,REGIONAL,,,1,1,2015,2015,0
6531,7642188751304209053,Technasia,France,Paris,TOP1000,,,2,4,2009,2018,9
6532,5160790537388783829,Shifted,United Kingdom,London,TOP1000,,,7,8,2013,2022,9
6533,2195044521549471712,Andres Campo,Spain,Barcelona,REGIONAL,,,3,3,2018,2025,7
6534,3302622506696267203,Luigi Madonna,Italy,Naples,TOP1000,,,2,6,2014,2024,10
6535,1180147651566678509,John Digweed,United Kingdom,South + East,TOP1000,,,7,8,2012,2026,14
6536,6373284684154566928,Olivier Weiter,Netherlands,Amsterdam,REGIONAL,,,6,11,2009,2025,16
6537,515014711130941414,Anfisa Letyago,Italy,Naples,TOP1000,,,7,13,2022,2026,4
6538,7168253260645831541,Deeparture,Netherlands,Amsterdam,REGIONAL,,,1,3,2023,2024,1
6539,2658030445595649116,Noumé,Netherlands,The Hague,REGIONAL,,,3,7,2023,2025,2
6540,4009255121856248018,Olympe,Italy,North,REGIONAL,,,3,11,2023,2026,3
6541,2772909930534848906,Tifra,Netherlands,Utrecht,REGIONAL,,,2,5,2023,2025,2
6542,6237339699165512438,Wax Wings,United Kingdom,London,REGIONAL,,,3,7,2021,2023,2
6543,3745348957735837520,Eelke Kleijn,Netherlands,Rotterdam,REGIONAL,,,3,10,2013,2024,11
6544,8153774136546884612,Joyhauser,Belgium,All,REGIONAL,,,3,7,2022,2026,4
6545,8904477766767004364,Victor Ruiz,Brazil,All,REGIONAL,,,2,5,2023,2026,3
6546,6851908890161230851,Tonco,Netherlands,Amsterdam,REGIONAL,,,1,1,2024,2024,0
6547,7924219114514298256,SPEEDY,Tunisia,All,REGIONAL,,,2,2,2024,2024,0
6548,1282407527449880294,Juliana,Mexico,Mexico City,REGIONAL,,,1,1,2024,2024,0
6549,2052738391378539969,Sex Wax,Australia,Melbourne,REGIONAL,,,1,1,2025,2025,0
6550,7893636362602098815,Bimini,United Kingdom,London,REGIONAL,,,1,2,2025,2025,0
6551,1987250169891989962,dangerous dreaming,Germany,Berlin,REGIONAL,,,2,3,2023,2025,2
6552,4544344465266205335,Boris Coelman,Netherlands,Amsterdam,REGIONAL,,,1,2,2025,2025,0
6553,5084214239450806648,Beau Didier,Netherlands,Amsterdam,REGIONAL,,,2,4,2024,2026,2
6554,8721215963430299160,Juliana X,Netherlands,Rotterdam,REGIONAL,,,1,1,2025,2025,0
6555,2274099111817524621,Entasia,United Kingdom,Liverpool,REGIONAL,,,2,3,2025,2026,1
6556,8995420448614224800,Keyrah,United Kingdom,Birmingham,REGIONAL,,,2,2,2023,2026,3
6557,9189544296756170671,Arca,United States of America,New York City,TOP1000,,,2,3,2017,2024,7
6558,4569481765742416908,Trancey Beaker,United Kingdom,London,REGIONAL,,,1,2,2024,2024,0
6559,2796381687887865970,Francesco Tristano,Luxembourg,All,TOP1000,,,5,5,2009,2018,9
6560,2166437208108903404,Oxia,France,South East,TOP1000,,,6,13,2007,2019,12
6561,7328616978047303160,Redshape,Germany,Berlin,TOP1000,,,5,10,2007,2019,12
6562,3565218566157795189,Miguel Payda,Spain,South,REGIONAL,,,1,3,2018,2020,2
6563,8764682529684245618,Animal Picnic,Spain,North,REGIONAL,,,1,1,2019,2019,0
6564,4164802828208856544,Christian Löffler,Germany,Mecklenburg-Vorpommern,REGIONAL,,,7,9,2016,2026,10
6565,2543104603526462970,Pako Vega,Spain,South,REGIONAL,,,1,1,2019,2019,0
6566,895832634924311631,Keope,Slovenia,All,REGIONAL,,,1,1,2024,2024,0
6567,1930869653484214877,Ivano Tetelepta,Netherlands,All,REGIONAL,,,2,2,2023,2025,2
6568,1999359826473473747,UJ/DV,Malta,All,REGIONAL,,,1,4,2024,2026,2
6569,1139205561940975310,Luca Cordina,United Kingdom,London,REGIONAL,,,1,3,2024,2026,2
6570,3977136729664334301,FRÆNZ:,Germany,Berlin,REGIONAL,,,2,3,2025,2025,0
6571,5646151479759273336,Tod Louie,Norway,Oslo,REGIONAL,,,1,1,2025,2025,0
6572,8442457879707726534,Nesta,Lebanon,All,REGIONAL,,,1,2,2025,2026,1
6573,5480753255377355937,David Elimelech,,,REGIONAL,,,4,5,2022,2026,4
6574,5479138425802185527,Compuphonic,Belgium,All,REGIONAL,,,2,2,2012,2016,4
6575,6236540962728295763,Sasha,United Kingdom,London,TOP1000,,,6,7,2016,2026,10
6576,6565856250320835637,Schwarzmann,Germany,Berlin,REGIONAL,,,3,5,2014,2018,4
6577,129115968759286992,Stephan Bodzin,Germany,Bremen,TOP1000,,,9,22,2008,2026,18
6578,7742106400276018685,Guti,Argentina,All,TOP1000,,,6,9,2012,2018,6
6579,3530521505062516525,Ulf Eriksson,Sweden,All,REGIONAL,,,7,12,2016,2025,9
6580,1916342498562513438,Harted,Belgium,All,REGIONAL,,,1,1,2017,2017,0
6581,3614694848347677812,Ramioul,Belgium,All,REGIONAL,,,1,1,2017,2017,0
6582,6551906000166865997,Rodriguez Jr.,United States of America,Miami,TOP1000,,,5,5,2012,2018,6
6583,1791231271719635726,Amp Fiddler,United States of America,Detroit,TOP1000,,,5,8,2017,2020,3
6584,5456837756740440562,Worakls,France,South East,TOP1000,,,4,11,2014,2026,12
6585,2695275923847940014,Attari,Belgium,Brussels,REGIONAL,,,2,3,2019,2022,3
6586,8419420723783046767,Charlotte Adigéry,Belgium,All,REGIONAL,,,4,5,2020,2024,4
6587,2811483435227605390,Mr. G,United Kingdom,London,TOP1000,,,9,19,2016,2024,8
6588,5661449205229715793,MoMA Ready,United States of America,New York City,REGIONAL,,,2,2,2021,2023,2
6589,1277775158652522229,Wanderwelle,Netherlands,Amsterdam,REGIONAL,,,2,2,2019,2021,2
6590,3766581486253043441,Reza,Finland,All,REGIONAL,,,3,3,2011,2021,10
6591,8061759542219047393,Burnt Friedman,Germany,Berlin,REGIONAL,,,6,11,2011,2024,13
6592,7867395774700235502,Ben Bertrand,Belgium,Brussels,REGIONAL,,,1,1,2021,2021,0
6593,3682827426727376486,Katia Curie,Ukraine,Kyiv,REGIONAL,,,9,17,2022,2026,4
6594,8499777369192393136,Rumi von Baires,Argentina,Buenos Aires,REGIONAL,,,2,3,2022,2025,3
6595,3828759537680304790,Fabe.,Austria,All,REGIONAL,,,1,1,2022,2022,0
6596,4433186135256009864,Alex Medina,Spain,South,REGIONAL,,,1,1,2022,2022,0
6597,1783807644408093679,Elkka,United Kingdom,London,REGIONAL,,,12,19,2021,2026,5
6598,5809711397338122773,Omar-S,United States of America,Detroit,TOP1000,,,7,10,2009,2025,16
6599,3726984693265089086,Rochelle Jordan,Canada,Toronto,REGIONAL,,,1,1,2023,2023,0
6600,5508257853599524018,7038634357,United States of America,Virginia,REGIONAL,,,1,1,2024,2024,0
6601,7045453663551642061,Ava Eva,Belgium,Brussels,REGIONAL,,,2,4,2023,2026,3
6602,6407400641092935384,Jonas Lion,Belgium,All,REGIONAL,,,3,5,2013,2025,12
6603,4196958037951209372,Hagop Tchaparian,United Kingdom,London,REGIONAL,,,4,5,2023,2025,2
6604,3468973105053107445,Jersey,France,Paris,REGIONAL,,,3,3,2024,2025,1
6605,7655047742072557259,Laryssa Kim,Italy,Central,REGIONAL,,,2,3,2024,2026,2
6606,1235063185196099619,Rick Baguette,Belgium,All,REGIONAL,,,2,3,2024,2026,2
6607,4329623977413927799,Vegyn,United Kingdom,London,REGIONAL,,,4,4,2022,2024,2
6608,3894306773533277063,DC Noises,Belgium,Antwerp,REGIONAL,,,2,3,2025,2026,1
6609,8041758756942460885,Ben Böhmer,Germany,Berlin,REGIONAL,,,8,14,2017,2025,8
6610,8310367539249284541,Ben Kaczor,Switzerland,All,REGIONAL,,,3,4,2019,2025,6
6611,2548974542679370539,Mattias El Mansouri,Sweden,Stockholm,REGIONAL,,,4,6,2024,2026,2
6612,8003882547332420284,Niels Orens,Belgium,Brussels,REGIONAL,,,1,1,2025,2025,0
6613,262592004845717501,Qendresa,United Kingdom,London,REGIONAL,,,3,3,2021,2026,5
6614,6588558786319529744,Matt Rowley,United Kingdom,London,REGIONAL,,,1,1,2024,2024,0
6615,741751581790733089,Brlee,Slovenia,All,REGIONAL,,,1,1,2019,2019,0
6616,6788536025424760683,Trulson,Slovenia,All,REGIONAL,,,1,1,2019,2019,0
6617,1903022460360484439,Urban Jeram,Slovenia,All,REGIONAL,,,1,1,2019,2019,0
6618,7436735647113402577,Alleged Witches,Slovenia,All,REGIONAL,,,2,3,2018,2022,4
6619,5138674502599786546,Nite Fleit,Australia,Melbourne,REGIONAL,,,4,5,2019,2023,4
6620,8468536996999592592,Le Chocolat Noir,Croatia,All,REGIONAL,,,4,8,2017,2022,5
6621,292449092189108160,Vasko,North Macedonia,All,REGIONAL,,,1,6,2022,2025,3
6622,4044529392995058624,RotorMotor,Slovenia,All,REGIONAL,,,1,2,2022,2023,1
6623,781573930400786281,Obscur,Slovenia,All,REGIONAL,,,1,2,2023,2025,2
6624,6738925179154257856,N I K O L A,,,REGIONAL,,,1,1,2025,2025,0
6625,443480497194082696,Pepi Jogarde,Croatia,All,REGIONAL,,,3,3,2023,2026,3
6626,5972644442327903131,Anthony Linell,Sweden,All,TOP1000,,,8,8,2018,2026,8
6627,4720676564401435201,Comfort Zone,United States of America,New York City,REGIONAL,,,1,1,2026,2026,0
6628,2020516811586000926,Jade Seatle,United Kingdom,London,REGIONAL,,,10,18,2014,2026,12
6629,262847068481799999,Pytzek,Croatia,All,REGIONAL,,,6,8,2015,2026,11
6630,2748090128333912424,Oberman,Netherlands,Rotterdam,REGIONAL,,,9,34,2016,2026,10
6631,1142786373223056906,Tammo Hesselink,Netherlands,Amsterdam,REGIONAL,,,7,18,2018,2025,7
6632,4408310065408921856,Kleingeld,Netherlands,Rotterdam,REGIONAL,,,2,2,2019,2024,5
6633,695837834460424602,Mattikk,Netherlands,Amsterdam,REGIONAL,,,4,10,2016,2024,8
6634,6194579948566894747,Phaserboys,Germany,Düsseldorf,REGIONAL,,,1,1,2019,2019,0
6635,4604702417270379486,Talik,United Kingdom,London,REGIONAL,,,1,1,2021,2021,0
6636,3659387102895562491,Finnaman,United Kingdom,London,REGIONAL,,,3,3,2021,2023,2
6637,638868853359293984,Okitap,Netherlands,Amsterdam,REGIONAL,,,1,2,2024,2024,0
6638,7381960586549962776,Hilbert,Netherlands,Rotterdam,REGIONAL,,,1,2,2024,2025,1
6639,4891344804800071855,Panda Lassow,Germany,Dresden,REGIONAL,,,3,3,2019,2024,5
6640,3675158442705280317,FTP Doctor,Germany,Munich,REGIONAL,,,1,1,2025,2025,0
6641,6510103596398055177,Diamin,Chile,Santiago,REGIONAL,,,3,3,2023,2026,3
6642,610203931702311529,Sophie Lloyd,United Kingdom,London,REGIONAL,,,2,11,2019,2026,7
6643,4378761054607859910,Mr Doris,Spain,Ibiza,REGIONAL,,,2,4,2021,2023,2
6644,2709556905825046279,The Unabombers,United Kingdom,North,REGIONAL,,,3,3,2018,2021,3
6645,4410521161798701001,Tigerbalm,United Kingdom,London,REGIONAL,,,2,3,2023,2025,2
6646,6964901398373277821,Maze,,,,,,3,7,2017,2024,7
6647,365218800751776282,Aisha Mirza,United Kingdom,London,REGIONAL,,,1,3,2021,2023,2
6648,3010400127563158970,Harry Gay,United Kingdom,London,REGIONAL,,,1,7,2021,2024,3
6649,8000110825572573719,Nanzhen Yang,Germany,Berlin,REGIONAL,,,1,1,2022,2022,0
6650,5070242459599932139,Donnie Sunshine,United Kingdom,London,REGIONAL,,,1,6,2022,2025,3
6651,1759395211613287964,KUNTEAA,United Kingdom,London,REGIONAL,,,1,2,2022,2024,2
6652,2797403315475742388,Samantha Togni,United Kingdom,London,REGIONAL,,,1,5,2022,2026,4
6653,2541283891707079154,allyXpress,New Zealand,Auckland,REGIONAL,,,1,2,2023,2023,0
6654,2273349571271799127,Donna (UK),United Kingdom,London,REGIONAL,,,1,1,2023,2023,0
6655,3187100318938273203,TAAHLIAH,United Kingdom,Glasgow,REGIONAL,,,7,10,2023,2026,3
6656,4864974037077020966,Donna,Germany,Berlin,REGIONAL,,,1,1,2023,2023,0
6657,6221766589728766666,TEDESCO,United Kingdom,London,REGIONAL,,,2,7,2023,2026,3
6658,8265596528713288486,Karlie Marx,United Kingdom,London,REGIONAL,,,1,3,2024,2026,2
6659,438879182006304386,Maze DJ,United Kingdom,London,REGIONAL,,,1,2,2024,2025,1
6660,3642917591009606298,Ophilion,United Kingdom,London,REGIONAL,,,1,1,2024,2024,0
6661,2451910403780655410,HENDERSON,United Kingdom,London,REGIONAL,,,2,2,2024,2024,0
6662,1989571668015423474,Jojo Jones,United Kingdom,London,REGIONAL,,,2,4,2022,2024,2
6663,4554671467485184884,Juergen Junker,United Kingdom,London,REGIONAL,,,1,1,2024,2024,0
6664,105724962704189458,Krystal Lake,United Kingdom,London,REGIONAL,,,1,1,2024,2024,0
6665,7072387327889063530,SuCré SaLé,France,Paris,REGIONAL,,,1,1,2016,2016,0
6666,6174480844817230044,Gescu,Romania,All,REGIONAL,,,2,7,2018,2022,4
6667,7486474952835384637,Oceanvs Orientalis,Turkey,Istanbul,REGIONAL,,,1,1,2018,2018,0
6668,1253253226949349768,Pablo Valentino,,,REGIONAL,,,2,12,2015,2021,6
6669,114936892474803994,Miroslav,Portugal,Lisbon,REGIONAL,,,1,1,2021,2021,0
6670,6088279644814441317,Yen Sung,Portugal,Lisbon,REGIONAL,,,5,8,2021,2025,4
6671,4345293919383274521,Baby Ford,United Kingdom,London,REGIONAL,,,1,1,2016,2016,0
6672,3564942401954025008,SHAY,Switzerland,All,REGIONAL,,,2,2,2021,2021,0
6673,8985882688025269854,DJ Winggold,United Kingdom,London,REGIONAL,,,3,5,2021,2024,3
6674,2746955176209533188,Krywald,,,,,,7,38,2016,2026,10
6675,5564121232180296466,Paige (Night Service),United Kingdom,London,REGIONAL,,,1,1,2022,2022,0
6676,2749638132839925560,ohmydais,United Kingdom,London,REGIONAL,,,5,8,2022,2024,2
6677,523839492310573267,SUCHI,Norway,Oslo,REGIONAL,,,5,7,2022,2026,4
6678,1522526818291937141,Yung Reenie,United Kingdom,London,REGIONAL,,,2,2,2023,2023,0
6679,5281399325916988876,IceMorph,United Kingdom,London,REGIONAL,,,2,3,2024,2025,1
6680,6151840727955587011,FYI Robyn,United Kingdom,London,REGIONAL,,,4,7,2023,2026,3
6681,2791646142961627088,Two Shell,United Kingdom,London,REGIONAL,,,6,8,2022,2025,3
6682,4509684047860049741,Bunney,United Kingdom,Leeds,REGIONAL,,,5,8,2024,2026,2
6683,6134344828274888982,DJ Subaru,United Kingdom,Leeds,REGIONAL,,,4,5,2026,2026,0
6684,8008115157374096261,Moose,Netherlands,Amsterdam,REGIONAL,,,2,2,2026,2026,0
6685,5834236276746542618,Ruff Sqwad,United Kingdom,London,REGIONAL,,,2,2,2026,2026,0
6686,3862976130333441531,Vargas,Mexico,Guadalajara,REGIONAL,,,2,2,2024,2024,0
6687,4836329943226922430,João Azevedo,Portugal,Lisbon,REGIONAL,,,1,1,2025,2025,0
6688,1411531017943501684,Pisetzky,Italy,Central,REGIONAL,,,3,6,2015,2019,4
6689,2492454632347119828,Dirty Doering,Germany,Berlin,REGIONAL,,,3,5,2015,2019,4
6690,162941985511562388,Einmusik,Germany,Berlin,REGIONAL,,,4,8,2012,2026,14
6691,1543382801426238192,Madmotormiquel,Germany,Berlin,TOP1000,,,4,7,2018,2026,8
6692,5212483651273550532,Marcus Meinhardt,Germany,Berlin,REGIONAL,,,1,2,2018,2019,1
6693,7050654960198933100,Malbetrieb,Netherlands,All,REGIONAL,,,5,34,2011,2018,7
6694,5800557630666982592,Larry Gus,Italy,North,REGIONAL,,,2,2,2015,2019,4
6695,3508097930741346187,Otzeki,United Kingdom,London,REGIONAL,,,2,2,2019,2019,0
6696,3866917320419103314,Some Chemistry,Netherlands,Amsterdam,REGIONAL,,,2,18,2016,2025,9
6697,4845796906878384572,Adana Twins,Germany,Hamburg,TOP1000,,,4,7,2014,2022,8
6698,7294891677010624955,Kristin Velvet,Australia,New South Wales,REGIONAL,,,1,1,2022,2022,0
6699,6793896862174670191,Chris Schwarzwälder,Germany,Berlin,REGIONAL,,,1,1,2022,2022,0
6700,8754309220684953165,Festimi Soundsystem,Netherlands,Amsterdam,REGIONAL,,,1,1,2022,2022,0
6701,1415770118543472197,RSS Disco,Germany,Hamburg,REGIONAL,,,3,5,2022,2025,3
6702,2704834038529018381,JAMIIE,Germany,Berlin,REGIONAL,,,5,5,2023,2026,3
6703,4612871717209023808,Sarah Wild,Germany,Jena,REGIONAL,,,2,5,2023,2026,3
6704,3543161721756891617,Juli N. More,Germany,Berlin,REGIONAL,,,1,3,2023,2025,2
6705,4657461345156124120,Venz,Netherlands,Amsterdam,REGIONAL,,,1,1,2024,2024,0
6706,7849966459982296947,Slick Chick,Netherlands,Rotterdam,REGIONAL,,,1,1,2025,2025,0
6707,9013076822309186083,Delorean,Spain,Barcelona,REGIONAL,,,2,2,2015,2016,1
6708,152781407873610015,Odd Parents,Spain,Barcelona,REGIONAL,,,2,2,2016,2016,0
6709,3134232137427979793,Jesse Rose,United Kingdom,London,REGIONAL,,,4,8,2010,2017,7
6710,5558938010651957679,Radiocontrol,Spain,Barcelona,REGIONAL,,,1,1,2016,2016,0
6711,1380706626105256800,Benoit,,,,,,4,5,2012,2016,4
6712,751304770660467947,Kim Ann Foxman,United States of America,New York City,TOP1000,,,4,5,2016,2026,10
6713,4313735630371159901,Terrence Parker,United States of America,Detroit,REGIONAL,,,5,7,2016,2020,4
6714,1619477126529508354,Joanna K,Poland,All,REGIONAL,,,1,1,2017,2017,0
6715,8962881353517163258,Psychemagik,United Kingdom,London,REGIONAL,,,4,8,2016,2026,10
6716,4916341500077420360,Neverdogs,Italy,Central,REGIONAL,,,1,1,2017,2017,0
6717,3104665908906150032,Victor Fernandez,Spain,Barcelona,REGIONAL,,,1,1,2018,2018,0
6718,6407853458325162675,Akirahawks,Germany,Berlin,REGIONAL,,,1,1,2018,2018,0
6719,1958516618783784300,Yann Eras,France,South West,REGIONAL,,,2,2,2018,2019,1
6720,4622478175281539324,Jvan,Argentina,All,REGIONAL,,,1,1,2018,2018,0
6721,3813131831185171689,Francisco Allendes,Chile,All,REGIONAL,,,1,1,2018,2018,0
6722,3220524392988683501,Pablo Inzunza,Chile,All,REGIONAL,,,1,1,2018,2018,0
6723,3760958635377756633,Ferenc,Spain,Barcelona,REGIONAL,,,1,1,2018,2018,0
6724,396986900451083021,Shall Ocin,Argentina,All,REGIONAL,,,2,9,2015,2026,11
6725,1938176089648549344,Juan Solo,Spain,Barcelona,REGIONAL,,,1,1,2020,2020,0
6726,8702111007476968616,Sama Yax,Spain,Barcelona,REGIONAL,,,2,9,2018,2025,7
6727,3915710412052331700,Opoku,Spain,Barcelona,REGIONAL,,,1,1,2020,2020,0
6728,4303518714406215990,Moritz Hofbauer,Germany,Baden-Württemberg,REGIONAL,,,1,7,2021,2024,3
6729,1533966635397303781,Gordo (1),United States of America,California,REGIONAL,,,1,1,2022,2022,0
6730,319879978784923309,Ahl Iver,Spain,Barcelona,REGIONAL,,,2,4,2021,2024,3
6731,1770306276030631814,La Fraicheur,Germany,Berlin,REGIONAL,,,2,4,2022,2023,1
6732,5231412040783459955,mink,United States of America,New York City,REGIONAL,,,1,1,2022,2022,0
6733,4961551269363165805,AINES,Spain,Barcelona,REGIONAL,,,2,2,2022,2025,3
6734,9174363122555901960,Bottin,Italy,North,REGIONAL,,,1,1,2022,2022,0
6735,5465035133576229552,Renato Ratier,Brazil,All,REGIONAL,,,1,2,2022,2022,0
6736,8621191055596942536,NiZ Djane,,,,,,1,5,2022,2023,1
6737,819506948349816246,Lilly Palmer,Switzerland,All,TOP1000,,,2,3,2022,2026,4
6738,185590249778569460,Imox,Spain,Barcelona,REGIONAL,,,2,4,2022,2025,3
6739,2303412688489531172,Chambord,France,Paris,REGIONAL,,,1,1,2022,2022,0
6740,8981827316507685976,TWO EX,Spain,Madrid,REGIONAL,,,1,1,2022,2022,0
6741,8838557543209270156,Momoda,Lebanon,All,REGIONAL,,,1,3,2023,2026,3
6742,6822717572708658099,Guy Mantzur,Israel,All,REGIONAL,,,1,1,2023,2023,0
6743,4376306027357225964,Drazzit,United Kingdom,London,REGIONAL,,,1,4,2023,2024,1
6744,2050108118295175609,Animal Trainer,Switzerland,All,REGIONAL,,,1,1,2023,2023,0
6745,2551613373156377384,Noncitizens,Argentina,Buenos Aires,REGIONAL,,,1,1,2023,2023,0
6746,5771141877026359048,Sergi (ES),Spain,Barcelona,REGIONAL,,,1,1,2023,2023,0
6747,9124845549903963512,Angelo Cortines,Dominican Republic,All,REGIONAL,,,1,1,2023,2023,0
6748,6585869840385635645,Hugo Esmeraldo,Spain,Barcelona,REGIONAL,,,1,1,2023,2023,0
6749,4439489904424450219,Noe osses,Argentina,All,REGIONAL,,,1,5,2023,2025,2
6750,8232583267329211392,Sindicato Del Baile,Spain,Barcelona,REGIONAL,,,1,1,2024,2024,0
6751,1426059852113678502,Ellenbeat,Italy,North,REGIONAL,,,1,1,2024,2024,0
6752,8112788586757953244,KinAhau,Mexico,Quintana Roo,REGIONAL,,,1,1,2024,2024,0
6753,3619700019636713897,Lee Ann Roberts,South Africa,Durban,REGIONAL,,,2,5,2022,2024,2
6754,759362281124401971,Groovemami,Spain,North,REGIONAL,,,1,1,2024,2024,0
6755,1533949723800529055,Inku,Switzerland,Zurich,REGIONAL,,,1,1,2024,2024,0
6756,5690206714274092812,Kevin de Vries,Germany,Berlin,TOP1000,,,5,13,2018,2026,8
6757,9180557901690257848,LM,Venezuela,All,REGIONAL,,,1,1,2024,2024,0
6758,7119019838267475991,Rivo,France,South West,REGIONAL,,,1,1,2025,2025,0
6759,6012215083750196799,OMRI.,Israel,Tel Aviv,REGIONAL,,,1,1,2025,2025,0
6760,6111829768365579568,Magdalena,Colombia,Medellin,REGIONAL,,,1,2,2025,2025,0
6761,8333400256728074235,Melvo Baptiste,United Kingdom,London,REGIONAL,,,2,7,2019,2025,6
6762,3632600677325306411,meera (NO),Norway,All,REGIONAL,,,1,1,2025,2025,0
6763,950552054659753476,Pyramid of Knowledge,France,Paris,REGIONAL,,,1,2,2023,2024,1
6764,3092476615147686804,Heidy Fly,France,Nantes,REGIONAL,,,1,1,2024,2024,0
6765,4212934814017993945,KOLLER,France,West,REGIONAL,,,1,1,2024,2024,0
6766,2519981596549623454,Vrika,Spain,Madrid,REGIONAL,,,1,1,2024,2024,0
6767,7994010565350371672,Atrice,Switzerland,All,REGIONAL,,,2,4,2025,2026,1
6768,9212998031550231029,Sindh,France,East,REGIONAL,,,2,3,2025,2026,1
6769,4300798104968450380,Martin Gilleshøj,Denmark,Copenhagen,REGIONAL,,,1,1,2025,2025,0
6770,2390942595414692705,Hagva,Italy,South,REGIONAL,,,1,1,2026,2026,0
6771,2262391865344282780,OCCA,Japan,Hokkaido,REGIONAL,,,2,2,2024,2026,2
6772,2418740119238478261,Skodde,Norway,Oslo,REGIONAL,,,1,1,2026,2026,0
6773,4389003360715695328,Peel Seamus,Netherlands,Amsterdam,REGIONAL,,,3,5,2007,2016,9
6774,7955475576524416807,Aron Friedman,Netherlands,Amsterdam,REGIONAL,,,2,4,2008,2025,17
6775,7750842592475092652,Trus'me,United Kingdom,North,REGIONAL,,,3,7,2008,2014,6
6776,2749248128059815210,Ra.H,Germany,Berlin,REGIONAL,,,1,1,2008,2008,0
6777,7866942049259863928,Jus-Ed,United States of America,Connecticut,TOP1000,,,4,8,2009,2026,17
6778,953811904108886072,Esther Duijn,Germany,Berlin,TOP1000,,,2,2,2009,2014,5
6779,6120100301683052315,Claro Intelecto,United Kingdom,Manchester,REGIONAL,,,2,2,2009,2012,3
6780,7838001929952597395,Funkerman,Netherlands,Amsterdam,REGIONAL,,,1,1,2010,2010,0
6781,5607847276167658204,Jayson,Hungary,All,REGIONAL,,,1,1,2010,2010,0
6782,5156770778022030523,Futureboogie,United Kingdom,West + Wales,REGIONAL,,,4,13,2011,2019,8
6783,9015448049673949547,Le Voyage,Netherlands,All,REGIONAL,,,1,1,2011,2011,0
6784,2231070721393948,Boss Axis,Germany,Erfurt,REGIONAL,,,1,1,2012,2012,0
6785,6060860384186902376,Gesaffelstein,France,Central,REGIONAL,,,5,7,2011,2016,5
6786,5657635366602645603,Weltschmerz,,,,,,1,1,2012,2012,0
6787,4524050221466085512,De Man Zonder Schaduw,Netherlands,Amsterdam,REGIONAL,,,2,2,2011,2012,1
6788,3655586137839955634,Silent Servant,United States of America,Los Angeles,TOP1000,,,3,6,2012,2018,6
6789,1089126712467741612,Versalife,Netherlands,All,REGIONAL,,,2,4,2013,2014,1
6790,8148757320107868243,Mike Banks,United States of America,Detroit,TOP1000,,,4,8,2014,2026,12
6791,1513817400411414688,Jay Daniel,United States of America,Detroit,REGIONAL,,,3,4,2013,2020,7
6792,1072127669846134406,Moritz Von Oswald Trio,Germany,Berlin,REGIONAL,,,1,1,2014,2014,0
6793,6029152258637289138,Tobias.,Germany,Berlin,TOP1000,,,4,7,2014,2026,12
6794,5461045171765653994,Inigo Kennedy,United Kingdom,London,TOP1000,,,4,7,2006,2021,15
6795,2191661605266211863,Carlos Souffront,United States of America,Detroit,TOP1000,,,2,10,2015,2023,8
6796,8678481704717437048,Asyl Cahier,Japan,Tokyo,REGIONAL,,,1,1,2016,2016,0
6797,4962004626167310141,Jose Amba,Greece,Athens,REGIONAL,,,1,1,2016,2016,0
6798,61491002186619158,Polatof,Greece,All,REGIONAL,,,1,1,2016,2016,0
6799,6350450512116551588,TR-101,Germany,Berlin,REGIONAL,,,1,1,2016,2016,0
6800,5399549564015782426,Gonno,Japan,Tokyo,REGIONAL,,,2,2,2016,2019,3
6801,6209285017461653124,Shhhhh,Japan,Tokyo,REGIONAL,,,1,1,2016,2016,0
6802,1156519643127603953,KABUTO,Japan,Tokyo,REGIONAL,,,1,1,2016,2016,0
6803,7510684981274059649,Kruz,Colombia,Bogotá,REGIONAL,,,1,1,2017,2017,0
6804,7014456013743150318,Gladkazuka,Colombia,All,REGIONAL,,,1,1,2017,2017,0
6805,8396993490133084463,Andrea Paz,Chile,Santiago,REGIONAL,,,2,2,2017,2019,2
6806,8353024308617219272,DJ Okapi,South Africa,Johannesburg,REGIONAL,,,6,8,2017,2019,2
6807,8504507575376260497,Beatrice Dillon,United Kingdom,London,TOP1000,,,4,4,2016,2024,8
6808,5576931931140569007,Wolfgang Voigt,Germany,Cologne,TOP1000,,,2,2,2016,2017,1
6809,6691438988153275747,Josh Cheon,United States of America,San Francisco/Oakland,REGIONAL,,,4,6,2017,2018,1
6810,8232490275555031984,Vermelho,Brazil,All,REGIONAL,,,2,8,2017,2019,2
6811,1772133331237120256,L_cio,Brazil,All,REGIONAL,,,1,1,2017,2017,0
6812,5789105743467455964,Øyvind Morken,Norway,All,REGIONAL,,,4,4,2017,2019,2
6813,5715664680691531907,DEBONAIR,United Kingdom,London,TOP1000,,,5,6,2018,2023,5
6814,8697696739198244245,Shabaka,United Kingdom,London,REGIONAL,,,2,2,2018,2026,8
6815,7812109117958067710,DJ Nuts,Brazil,Sao Paulo,REGIONAL,,,1,1,2018,2018,0
6816,296037422105994976,Maria Rita,Brazil,All,REGIONAL,,,1,1,2018,2018,0
6817,1528026616448632454,Arpanet,United States of America,Detroit,REGIONAL,,,3,3,2018,2024,6
6818,152385166278131584,Cosmic Force,Netherlands,Utrecht,REGIONAL,,,2,2,2019,2019,0
6819,439459779740236849,Galaxian,United Kingdom,Scotland,REGIONAL,,,2,3,2019,2022,3
6820,3171841653745317945,Sarah Davachi,United States of America,Los Angeles,TOP1000,,,2,2,2018,2019,1
6821,2316651601754927751,Sunn O))),United States of America,Portland,REGIONAL,,,2,2,2019,2025,6
6822,982510746147398624,The Transcendence Orchestra,United Kingdom,Midlands,REGIONAL,,,2,6,2016,2024,8
6823,7653604844403343994,Wally Badarou,France,Central,REGIONAL,,,2,2,2019,2019,0
6824,8788398508671556336,Maja Pa,Croatia,All,REGIONAL,,,4,9,2020,2024,4
6825,9038327933139017759,Prins Emanuel,Sweden,All,REGIONAL,,,3,5,2015,2024,9
6826,8204005633174465803,33EMYBW,China,Shanghai,TOP1000,,,3,3,2020,2024,4
6827,7445107018115535809,DJ Sundae,France,Paris,REGIONAL,,,3,3,2022,2025,3
6828,5211065170640526901,ADRIATIC COASTING,Croatia,All,REGIONAL,,,3,7,2019,2025,6
6829,8431610738084707672,AMPFEMININE,Netherlands,Rotterdam,REGIONAL,,,2,2,2022,2022,0
6830,7773877451803053419,Felix Hall,United Kingdom,London,REGIONAL,,,1,1,2022,2022,0
6831,6700267340544700519,DJ Haram,United States of America,New York City,TOP1000,,,2,3,2022,2026,4
6832,7255495852525018830,Waclaw Zimpel,Poland,All,REGIONAL,,,2,4,2022,2026,4
6833,113861814207114552,keiyaA,United States of America,Chicago,REGIONAL,,,4,6,2022,2026,4
6834,818071355384385907,Scorn,United Kingdom,Midlands,REGIONAL,,,2,2,2008,2022,14
6835,5136422519321392335,Frontinn,Brazil,Sao Paulo,REGIONAL,,,2,3,2019,2024,5
6836,4024648632963014466,Leeon (UK),United Kingdom,Scotland,REGIONAL,,,1,1,2023,2023,0
6837,267015219211266876,Buttechno,Germany,Berlin,REGIONAL,,,3,4,2019,2025,6
6838,1072241324652184717,Dis Fig,United States of America,New York City,TOP1000,,,2,2,2020,2023,3
6839,8516111028556421737,Jerzy Mączyński,Poland,Warsaw,REGIONAL,,,2,2,2023,2025,2
6840,6290792468807051925,WaqWaq Kingdom,Japan,Tokyo,REGIONAL,,,5,5,2022,2023,1
6841,784386509225150293,Aunty Rayzor,Nigeria,All,REGIONAL,,,2,2,2024,2026,2
6842,7528600017170385702,Brent Jacko,Netherlands,Amsterdam,REGIONAL,,,2,3,2024,2025,1
6843,4601631661107004337,Safety Trance,Venezuela,All,REGIONAL,,,3,4,2023,2024,1
6844,8328364028127396739,Delano Legito,Netherlands,Eindhoven,REGIONAL,,,4,5,2024,2026,2
6845,8017116959212076943,E-Fishpool,Australia,Melbourne,REGIONAL,,,1,1,2024,2024,0
6846,2496332528696293404,Ayesha,United States of America,New York City,REGIONAL,,,1,3,2024,2025,1
6847,8979615174032854338,Arsenal Mikebe,Uganda,All,REGIONAL,,,2,3,2025,2026,1
6848,6601674184216806819,Ulla,United States of America,Pennsylvania,REGIONAL,,,3,6,2022,2025,3
6849,8356502943781352391,aka Kos,Netherlands,All,REGIONAL,,,1,1,2025,2025,0
6850,1591558965065963132,DARKSIDE,United States of America,New York City,REGIONAL,,,4,5,2014,2026,12
6851,541380803920157604,Devon Rexi,Netherlands,Amsterdam,REGIONAL,,,3,3,2026,2026,0
6852,1601756117435348665,James Massiah,United Kingdom,London,REGIONAL,,,6,18,2021,2026,5
6853,3488261616968675488,The Black Dog,United Kingdom,North,REGIONAL,,,1,1,2026,2026,0
6854,4127975167566178921,Giu Nunez,Brazil,Sao Paulo,REGIONAL,,,1,1,2026,2026,0
6855,6113769100172159273,Tone B. Nimble,United States of America,Chicago,REGIONAL,,,2,2,2019,2022,3
6856,2516403737093888457,Joe Cotch,United Kingdom,London,REGIONAL,,,2,2,2024,2026,2
6857,182371247165178237,Albert van Abbe,Netherlands,Eindhoven,REGIONAL,,,4,6,2014,2025,11
6858,1269153817031596865,Peder Mannerfelt,Sweden,All,TOP1000,,,3,3,2016,2025,9
6859,3332896174156704056,Mister Saturday Night,United States of America,New York City,REGIONAL,,,4,6,2016,2018,2
6860,538868022322594392,Golin,Japan,Chubu,REGIONAL,,,1,1,2019,2019,0
6861,8796919387224978582,Deborah X,Netherlands,Rotterdam,REGIONAL,,,3,3,2021,2022,1
6862,3629928031356453928,Regularfantasy,Canada,Vancouver,REGIONAL,,,3,3,2023,2024,1
6863,8698361295259169819,BAE BAE,United States of America,Los Angeles,REGIONAL,,,1,1,2024,2024,0
6864,8358892874341211684,Vers,Belgium,Ghent,REGIONAL,,,1,1,2024,2024,0
6865,7472328922495767887,Alírio,Brazil,All,REGIONAL,,,1,1,2025,2025,0
6866,2551781672892950179,Angel Rocket,United Kingdom,London,REGIONAL,,,2,2,2021,2025,4
6867,3437112114870384467,Perra Inmunda,Germany,Berlin,REGIONAL,,,1,1,2025,2025,0
6868,4469400183221178995,SRD (1),Belgium,Antwerp,REGIONAL,,,1,1,2025,2025,0
6869,9210904451436047605,Edouard Hauki,Belgium,Brussels,REGIONAL,,,1,1,2025,2025,0
6870,195598735880119428,Sam Goku,,,REGIONAL,,,3,3,2024,2025,1
6871,9133065503868269117,DeepChord,United States of America,Detroit,REGIONAL,,,4,4,2014,2026,12
6872,5895697978273569364,quest?onmarq,United States of America,New York City,REGIONAL,,,1,1,2026,2026,0
6873,7548164736262608945,STDJ,Belgium,Brussels,REGIONAL,,,2,2,2025,2026,1
6874,6835396986707182516,i-sha,United Kingdom,South + East,REGIONAL,,,3,38,2021,2026,5
6875,3958632860030206588,Immy,Canada,Toronto,REGIONAL,,,2,2,2026,2026,0
6876,1858313695635084469,Marc Acardipane,Germany,Frankfurt,REGIONAL,,,2,3,2021,2026,5
6877,7670758505622153745,Dj wiggles,United Kingdom,London,REGIONAL,,,5,6,2024,2026,2
6878,6933955964946522385,Jazzheadchronic,United Kingdom,London,REGIONAL,,,1,1,2016,2016,0
6879,176332875873224655,Honey Soundsystem,United States of America,San Francisco/Oakland,TOP1000,,,5,9,2016,2018,2
6880,1526787337734863976,Wayne Snow,Nigeria,All,REGIONAL,,,5,6,2021,2026,5
6881,2192800679434801162,Sue Veneers,United Kingdom,London,REGIONAL,,,1,5,2022,2024,2
6882,4141412593264601263,Baby Rollén,United Kingdom,London,REGIONAL,,,6,6,2022,2026,4
6883,2533836421095594048,MarshmeLLo,United Kingdom,London,REGIONAL,,,4,6,2022,2025,3
6884,6116442183372780979,Glade Marie,United Kingdom,London,REGIONAL,,,1,1,2023,2023,0
6885,609333785048796453,Nat Wendell,United Kingdom,London,REGIONAL,,,2,2,2024,2025,1
6886,7234736641003076676,MLE (UK),United Kingdom,London,REGIONAL,,,3,3,2019,2024,5
6887,557585199902903910,FNKD,United Kingdom,London,REGIONAL,,,2,3,2024,2026,2
6888,3232859622457172273,Lola So,United Kingdom,Birmingham,REGIONAL,,,1,1,2024,2024,0
6889,7132906498118114510,Man Power,United Kingdom,Newcastle,REGIONAL,,,7,16,2016,2025,9
6890,2892692225235942892,Addsound,United Kingdom,Bristol,REGIONAL,,,1,2,2025,2025,0
6891,1550338927952716664,Blixa,Argentina,Buenos Aires,REGIONAL,,,5,5,2022,2025,3
6892,8473112253157318754,Seiji Ono,France,Paris,REGIONAL,,,3,3,2020,2025,5
6893,7024833725339817804,DAR DISKU,Bahrain,All,REGIONAL,,,8,12,2019,2026,7
6894,3819035559674046879,Julion De'Angelo,United States of America,Detroit,REGIONAL,,,2,2,2024,2025,1
6895,3915688925388107361,YUVIE,Japan,Tokyo,REGIONAL,,,1,1,2025,2025,0
6896,9141079084287672184,MileZ,United Kingdom,London,REGIONAL,,,1,1,2025,2025,0
6897,6917416690076093147,Lil Silva,United Kingdom,London,REGIONAL,,,2,2,2013,2026,13
6898,6857177445780040598,Bjørn Torske,Norway,All,REGIONAL,,,3,4,2018,2026,8
6899,1517065546503755168,Medlam,United Kingdom,London,REGIONAL,,,1,4,2010,2013,3
6900,4605598479673321491,Jakwob,United Kingdom,London,REGIONAL,,,2,2,2010,2014,4
6901,5606705355194728604,The Boogaloo Crew,United Kingdom,London,REGIONAL,,,1,1,2010,2010,0
6902,9152831237470443944,Park Ranger,United Kingdom,London,REGIONAL,,,2,6,2010,2017,7
6903,3124562932689681113,Mr Solid Gold,United Kingdom,London,REGIONAL,,,4,10,2010,2026,16
6904,8802950014342069041,Hesseltime,United Kingdom,London,REGIONAL,,,3,18,2010,2019,9
6905,7318319905907345240,Cubiq,United Kingdom,Midlands,REGIONAL,,,1,3,2011,2013,2
6906,2863094908031567117,Alphabet Pony,United Kingdom,London,REGIONAL,,,1,1,2011,2011,0
6907,3469942246932433585,Lorcan Mak,Ireland,All,REGIONAL,,,1,2,2011,2016,5
6908,3988348299341746409,Ifan Dafydd,United Kingdom,West + Wales,REGIONAL,,,1,1,2012,2012,0
6909,5485486732407679187,Ashley Wild,United Kingdom,London,REGIONAL,,,1,1,2012,2012,0
6910,1693926865553369803,OJ Smooth,United Kingdom,Edinburgh,REGIONAL,,,1,3,2013,2014,1
6911,6149388316543273321,Preacha,Australia,Sydney,REGIONAL,,,1,1,2013,2013,0
6912,7846108417676798537,Mr Beatnick,United Kingdom,London,REGIONAL,,,2,2,2014,2014,0
6913,6734739897930551049,Morris Cowan,United Kingdom,North,REGIONAL,,,1,3,2014,2016,2
6914,359550355013551764,Frank,,,,,,1,1,2015,2015,0
6915,2999815163560573486,Nils Diezel,Germany,Frankfurt,REGIONAL,,,1,1,2015,2015,0
6916,295946843425572345,Jacques Adda,United Kingdom,London,REGIONAL,,,4,7,2012,2026,14
6917,5643581775775177751,DJ Deep,France,Paris,TOP1000,,,6,7,2012,2025,13
6918,5022356371437284285,Jeen,France,South East,REGIONAL,,,1,1,2016,2016,0
6919,376414504496414361,Peak,,,,,,3,13,2016,2019,3
6920,633811787948116861,ALNA,United Kingdom,London,REGIONAL,,,1,2,2017,2018,1
6921,6297807328711055339,Africaine 808,Germany,Berlin,REGIONAL,,,2,3,2016,2018,2
6922,742512038445004032,Michal Zietara,Germany,Berlin,REGIONAL,,,3,3,2016,2023,7
6923,1063655802593277357,MC Fox,United Kingdom,North,REGIONAL,,,1,1,2019,2019,0
6924,5767443983979999410,Babs,,,,,,1,1,2019,2019,0
6925,5733040942254618181,Benson Herbert,United Kingdom,London,REGIONAL,,,1,1,2019,2019,0
6926,3646525640588869744,Stav,Colombia,All,REGIONAL,,,3,7,2016,2024,8
6927,7078178273760886106,Poison Ivy,United Kingdom,Manchester,REGIONAL,,,2,7,2021,2026,5
6928,1523554672130144278,Son of Philip,United Kingdom,Midlands,REGIONAL,,,2,3,2022,2026,4
6929,8315109492135609942,Viscera,United Kingdom,West + Wales,REGIONAL,,,2,5,2019,2024,5
6930,4576915784286842993,NIIX,United Kingdom,Manchester,REGIONAL,,,2,2,2022,2025,3
6931,4588358329863026480,Remi Mazet,United Kingdom,London,REGIONAL,,,2,3,2022,2025,3
6932,4504101894127808191,EM + STAV,United Kingdom,Bristol,REGIONAL,,,4,8,2022,2026,4
6933,6951012418201542797,Ghoulish,United Kingdom,Manchester,REGIONAL,,,1,1,2023,2023,0
6934,5427847049879268481,Nick (IT),Italy,Venice,REGIONAL,,,1,1,2023,2023,0
6935,8393017436118930530,Radondo,Germany,Berlin,REGIONAL,,,2,2,2022,2023,1
6936,2830462434701870757,Robert Drewek,Germany,Frankfurt,REGIONAL,,,1,2,2024,2025,1
6937,2862963151633222364,Bob G,Sweden,Malmo,REGIONAL,,,1,1,2024,2024,0
6938,4635257315808981396,Case (2),United Kingdom,London,REGIONAL,,,2,3,2024,2025,1
6939,8950593785011758999,Jago,Germany,Karlsruhe,REGIONAL,,,1,1,2024,2024,0
6940,6010202606205345776,Kenny Blacksmith,United Kingdom,London,REGIONAL,,,1,2,2024,2025,1
6941,5333200113852881460,Kinso,United Kingdom,Leeds,REGIONAL,,,1,5,2024,2026,2
6942,2135697431017974516,Midnight Snack,Canada,Toronto,REGIONAL,,,1,1,2024,2024,0
6943,6844964658185069905,Pete Melba,United Kingdom,Leeds,REGIONAL,,,4,8,2023,2026,3
6944,6300920757359263031,SSSLIP,United Kingdom,London,REGIONAL,,,1,1,2024,2024,0
6945,5997527505663774156,This,,,,,,1,1,2024,2024,0
6946,1979237044976013629,Tim Taylor,United Kingdom,London,REGIONAL,,,1,2,2024,2025,1
6947,6407658662068375382,Listiq,United Kingdom,London,REGIONAL,,,1,1,2025,2025,0
6948,1581081055734074430,The Zawose Queens,Tanzania,All,REGIONAL,,,1,1,2025,2025,0
6949,2482878276108732795,Amy Cutter,United Kingdom,London,REGIONAL,,,1,1,2025,2025,0
6950,2668834897349877186,Humble B Flat,United Kingdom,Midlands,REGIONAL,,,1,1,2025,2025,0
6951,1526578199519207694,Manuel Darquart,New Zealand,Auckland,REGIONAL,,,2,4,2024,2025,1
6952,1766898126526127363,Huerta,United States of America,Los Angeles,REGIONAL,,,6,15,2017,2026,9
6953,335159366174238973,RIRIA,Japan,Tokyo,REGIONAL,,,8,8,2026,2026,0
6954,7593194475441866789,Steve Bug,Germany,Berlin,TOP1000,,,3,4,2007,2013,6
6955,4716327596972437304,Dusty Kid,Italy,South,REGIONAL,,,1,2,2010,2013,3
6956,8203379325593716516,Fraktal,France,Paris,REGIONAL,,,1,1,2010,2010,0
6957,1360458001376777238,CDBL,France,Paris,REGIONAL,,,1,1,2012,2012,0
6958,4698219912509889788,Manu Le Malin,France,Paris,REGIONAL,,,2,31,2012,2026,14
6959,3698262730301727672,Mondkopf,France,Paris,REGIONAL,,,2,5,2011,2015,4
6960,6382853848968150526,DJ Hell,Germany,Berlin,TOP1000,,,7,11,2006,2026,20
6961,5206928061315202909,Pierre_,France,Paris,REGIONAL,,,1,1,2013,2013,0
6962,886695313978871710,Antigone,France,Paris,TOP1000,,,2,3,2014,2018,4
6963,5602938533533460492,Clement Landrau,France,Central,REGIONAL,,,1,4,2014,2016,2
6964,5600363809393311733,Ateph Elidja,France,Paris,REGIONAL,,,1,1,2014,2014,0
6965,8420736616421658293,Phil Fiction,Canada,Montreal,REGIONAL,,,1,2,2014,2015,1
6966,2472164617774020057,Delskiz,France,Paris,REGIONAL,,,1,2,2015,2016,1
6967,2105047713250979977,Minimum Syndicat,France,Paris,REGIONAL,,,2,2,2015,2017,2
6968,309015012176180424,Laurent Maldo,France,South West,REGIONAL,,,1,1,2015,2015,0
6969,2901533105382739570,Antoine Pamaran,France,West,REGIONAL,,,1,1,2015,2015,0
6970,1552595848905191231,Birth Of Frequency,France,Paris,REGIONAL,,,1,1,2016,2016,0
6971,2872635187694897999,Benjamin Damage,United Kingdom,London,TOP1000,,,4,6,2014,2026,12
6972,5605000426588965282,Pavane,France,Paris,REGIONAL,,,1,2,2016,2019,3
6973,3971823790752102172,Witxes,France,South East,REGIONAL,,,2,2,2015,2016,1
6974,8138908029950007839,Red Rack'em,United Kingdom,West + Wales,REGIONAL,,,2,2,2017,2017,0
6975,942192739849613045,Deadlift,Germany,Berlin,REGIONAL,,,1,1,2017,2017,0
6976,4253275028958494685,Quantic,United Kingdom,West + Wales,REGIONAL,,,2,2,2017,2022,5
6977,2819075990768579932,Signal ST,France,Paris,REGIONAL,,,1,3,2017,2018,1
6978,6002291240409700084,Jabba 2.3,France,West,REGIONAL,,,1,2,2017,2018,1
6979,8808678123395741185,Jardin,France,Paris,REGIONAL,,,1,1,2017,2017,0
6980,1614761887107919594,14anger,France,South East,REGIONAL,,,1,2,2018,2024,6
6981,5172430541903711476,Yann Polewka,France,West,REGIONAL,,,1,2,2018,2020,2
6982,1330833106073782461,H.MESS,France,West,REGIONAL,,,1,2,2018,2021,3
6983,7044077358205715378,Somniac One,Lithuania,All,REGIONAL,,,4,8,2019,2025,6
6984,7763868180535022321,OMMA,,,,,,1,1,2019,2019,0
6985,1192655856723958039,Maoupa Mazzocchetti,France,Marseille,REGIONAL,,,2,2,2019,2020,1
6986,2298821757045322261,Monolithe Noir,Belgium,Brussels,REGIONAL,,,1,1,2020,2020,0
6987,4513605579808918454,Vanadís,France,West,REGIONAL,,,1,1,2022,2022,0
6988,6819394106083367900,Mouse,United Kingdom,Midlands,REGIONAL,,,1,1,2022,2022,0
6989,4439471134126930601,Paloma Colombe,France,Paris,REGIONAL,,,1,1,2023,2023,0
6990,5117496008839992574,Soft Crash,Germany,Berlin,REGIONAL,,,1,1,2023,2023,0
6991,5219606729836765705,Richelieu,France,West,REGIONAL,,,1,1,2023,2023,0
6992,5683785902683579527,RABBeAT,France,Central,REGIONAL,,,1,1,2024,2024,0
6993,4395588126256792773,Wallis,France,Paris,REGIONAL,,,4,4,2023,2024,1
6994,1676812599269909322,Nova Materia,France,Paris,REGIONAL,,,2,2,2019,2025,6
6995,8982757284063131701,Digé m0m0,France,West,REGIONAL,,,1,1,2025,2025,0
6996,4112010916796521117,Goldie B,France,Paris,REGIONAL,,,2,4,2022,2025,3
6997,3823572869947323721,Flore,France,South East,REGIONAL,,,4,10,2012,2026,14
6998,2973595296410027234,ROÜGE,France,Marseille,REGIONAL,,,2,2,2024,2026,2
6999,6405682990747805931,Apiento,United Kingdom,London,REGIONAL,,,2,10,2016,2026,10
7000,8071047607315467892,Tayo,United Kingdom,London,REGIONAL,,,4,8,2015,2026,11
7001,4964535111732353929,Wichita Ron,United States of America,San Francisco/Oakland,REGIONAL,,,1,2,2016,2017,1
7002,46889505438910466,House Of Traps,United Kingdom,Edinburgh,REGIONAL,,,1,1,2017,2017,0
7003,9017090072721146565,Olof Uhlin,Sweden,All,REGIONAL,,,1,2,2017,2022,5
7004,5907916968379152333,Hammer,United Kingdom,Northern Ireland,REGIONAL,,,3,11,2015,2024,9
7005,5585866388660773240,Nic Baird,United Kingdom,London,REGIONAL,,,2,3,2018,2019,1
7006,824854088581724945,Phat Phil Cooper,United Kingdom,North,REGIONAL,,,1,1,2018,2018,0
7007,8390790360893842750,Toby Tobias,United Kingdom,London,REGIONAL,,,3,3,2013,2019,6
7008,5158925841505742114,Pedrodollar,Sweden,Stockholm,REGIONAL,,,3,3,2016,2022,6
7009,8357077352094429807,Beepolar,Croatia,All,REGIONAL,,,1,1,2022,2022,0
7010,5463119063495594384,Carnero,Croatia,Zagreb,REGIONAL,,,1,2,2022,2023,1
7011,4004385518086853320,Tender T,Sweden,All,REGIONAL,,,1,1,2022,2022,0
7012,5522346337717538879,Planet Rolly,United States of America,Los Angeles,REGIONAL,,,1,1,2023,2023,0
7013,6605235067298302173,Alexis Le-Tan,France,Paris,REGIONAL,,,3,4,2022,2025,3
7014,917034335929443420,Dave P,United States of America,Pennsylvania,REGIONAL,,,1,3,2024,2026,2
7015,5143418079552019822,Sinéad,United States of America,San Francisco/Oakland,REGIONAL,,,3,3,2024,2025,1
7016,2081865772049961593,SOFA SOFA,United Kingdom,Bristol,REGIONAL,,,2,7,2019,2026,7
7017,8563689621144214792,Tabula,Croatia,All,REGIONAL,,,1,1,2024,2024,0
7018,8371581966721592070,DJ Aficionado,Spain,Barcelona,REGIONAL,,,1,1,2025,2025,0
7019,4248889721178285759,Burly Chassis,United Kingdom,West + Wales,REGIONAL,,,1,1,2026,2026,0
7020,8680984233647943143,Royal Male,United Kingdom,Manchester,REGIONAL,,,2,2,2026,2026,0
7021,1672307867333470362,FELINE (JP),Japan,Tokyo,REGIONAL,,,1,1,2026,2026,0
7022,3777026559722256795,Sammy String,United Kingdom,West + Wales,REGIONAL,,,2,12,2009,2016,7
7023,6169561516048701458,Zaquoir,Germany,Leipzig,REGIONAL,,,1,2,2014,2014,0
7024,4925187269952753985,Joe Ellis,United Kingdom,West + Wales,REGIONAL,,,3,28,2007,2026,19
7025,1035649724323543127,Ethyl,United Kingdom,London,REGIONAL,,,2,5,2011,2015,4
7026,6615391690614115641,Bake,United Kingdom,Scotland,REGIONAL,,,3,4,2016,2023,7
7027,8596672478623659797,Cervo,United Kingdom,North,REGIONAL,,,3,5,2016,2019,3
7028,5152703017607203632,Sticky,United Kingdom,London,REGIONAL,,,1,1,2018,2018,0
7029,4532545667567233725,HouseWork,United States of America,Chicago,REGIONAL,,,1,2,2018,2019,1
7030,6341170278877398602,Fast Eddie,United States of America,Chicago,REGIONAL,,,1,1,2019,2019,0
7031,7936559028922042212,Wheelman,United Kingdom,Glasgow,REGIONAL,,,1,5,2022,2026,4
7032,8805300022170114927,Prince Of Deptford,Germany,Berlin,REGIONAL,,,1,3,2022,2026,4
7033,7597897601522057487,Marcy,Italy,North,REGIONAL,,,1,1,2023,2023,0
7034,4372597564417254061,Reuben G,United Kingdom,Sheffield,REGIONAL,,,1,1,2024,2024,0
7035,1334649890866063426,Big Ang,United Kingdom,Sheffield,REGIONAL,,,3,3,2024,2026,2
7036,8371488843624872043,Villella,United Kingdom,London,REGIONAL,,,3,6,2021,2025,4
7037,5949422002063877790,YNZN.P,Nepal,All,REGIONAL,,,1,1,2025,2025,0
7038,4557371505095735823,YASMEENAH (2),United States of America,Minnesota,REGIONAL,,,1,1,2026,2026,0
7039,2268150183626066675,Daniel 2000,Spain,Barcelona,REGIONAL,,,1,2,2019,2022,3
7040,643436628271716321,Marcelo Pantani,Spain,Barcelona,REGIONAL,,,1,1,2019,2019,0
7041,6519026966992283717,Guille De Juan,Spain,Barcelona,REGIONAL,,,1,1,2019,2019,0
7042,6031147690174884467,Clap Kent,Spain,Madrid,REGIONAL,,,1,3,2021,2024,3
7043,7115627793997128377,Lanav,Spain,Barcelona,REGIONAL,,,2,3,2023,2026,3
7044,2633143969204953296,nicole.AIFF,Spain,Barcelona,REGIONAL,,,1,3,2024,2025,1
7045,7657108779025056654,Ana Banana,Spain,Barcelona,REGIONAL,,,1,1,2025,2025,0
7046,8893405815161715597,Myrcene,Spain,Barcelona,REGIONAL,,,1,2,2025,2025,0
7047,5308467046598587595,Tom Boogizm,United Kingdom,North,REGIONAL,,,3,6,2021,2025,4
7048,1294755009668222154,Glossy Mario,Spain,Madrid,REGIONAL,,,3,4,2024,2026,2
7049,3004166159470045511,Bibi,Spain,Madrid,REGIONAL,,,1,1,2026,2026,0
7050,3350629623102345094,Memory Palace,Colombia,All,REGIONAL,,,1,1,2026,2026,0
7051,5635646277984362078,Mila Morr,Colombia,All,REGIONAL,,,1,1,2026,2026,0
7052,459229651903633050,CAROLINA (2),Chile,All,REGIONAL,,,1,1,2026,2026,0
7053,7520849180371283085,Faze Action,United Kingdom,London,REGIONAL,,,1,1,2026,2026,0
7054,7269899971312752531,Not Him,Netherlands,All,REGIONAL,,,1,1,2013,2013,0
7055,7123178974174252479,Neo Young,Netherlands,Amsterdam,REGIONAL,,,1,23,2013,2022,9
7056,9203667109144304148,Patrick Chardronnet,Germany,Berlin,REGIONAL,,,2,2,2006,2013,7
7057,932333141858611140,L'Atelier,Netherlands,Amsterdam,REGIONAL,,,2,2,2013,2018,5
7058,3899492522345527744,Folker Zwart,Netherlands,Amsterdam,REGIONAL,,,2,2,2008,2014,6
7059,6673211862658858306,Conforce,Netherlands,Rotterdam,REGIONAL,,,4,5,2011,2017,6
7060,1221746816773804739,MUUI,Germany,Berlin,REGIONAL,,,1,1,2015,2015,0
7061,2509894248087749880,Kreon,United Kingdom,London,REGIONAL,,,1,1,2015,2015,0
7062,5017590619672675391,DoubtingThomas,Germany,Berlin,REGIONAL,,,1,1,2015,2015,0
7063,1691437263621171647,Jim Lok,Netherlands,All,REGIONAL,,,1,7,2016,2019,3
7064,7593450460110328217,Joachim Spieth,Germany,Stuttgart,REGIONAL,,,2,2,2016,2016,0
7065,311898899703276649,Amotik,United Kingdom,London,REGIONAL,,,2,4,2017,2026,9
7066,7112197391014354417,Sigward,Netherlands,Amsterdam,REGIONAL,,,2,2,2017,2017,0
7067,8306007275716279310,Jolar Drim,Netherlands,All,REGIONAL,,,1,3,2017,2018,1
7068,839784186814395613,Alex Jansen,Netherlands,All,REGIONAL,,,2,12,2009,2022,13
7069,2209104903414068344,Remy Unger,Netherlands,Amsterdam,REGIONAL,,,1,2,2019,2021,2
7070,1016476138697964185,SHLTR,Netherlands,Amsterdam,REGIONAL,,,1,1,2019,2019,0
7071,6356404786121498216,Jos Lok,Netherlands,All,REGIONAL,,,1,2,2022,2025,3
7072,7573831698931401304,DJ Europarking,Netherlands,Amsterdam,REGIONAL,,,2,4,2023,2026,3
7073,7776076272907301997,Dash Berlin,Netherlands,The Hague,REGIONAL,,,1,1,2024,2024,0
7074,6425748370574193441,KHAS,Netherlands,All,REGIONAL,,,1,1,2025,2025,0
7075,3411195711048171447,Carmen Lisa (2),Netherlands,Amsterdam,REGIONAL,,,2,2,2025,2026,1
7076,3194704285615553129,Wordcolour,United Kingdom,London,REGIONAL,,,1,1,2026,2026,0
7077,3769890354962089023,Citizen Kain,France,South East,REGIONAL,,,2,2,2006,2016,10
7078,2180410044914400366,Raz Ohara,Germany,Berlin,REGIONAL,,,1,1,2008,2008,0
7079,64533686372689222,Cobblestone Jazz,Canada,Vancouver,REGIONAL,,,1,1,2008,2008,0
7080,51266549941175111,Enola,France,West,REGIONAL,,,1,4,2009,2010,1
7081,7839377374948816881,Bugge Wesseltoft,Norway,All,REGIONAL,,,1,1,2009,2009,0
7082,6878375854833565619,Phil Asher,United Kingdom,London,REGIONAL,,,1,1,2009,2009,0
7083,3297482501610219996,Pantha Du Prince,Germany,Hamburg,TOP1000,,,4,8,2010,2021,11
7084,1973060934763013240,Shlomi Aber,Spain,Barcelona,TOP1000,,,1,1,2010,2010,0
7085,4295447180604189309,Ekkohaus,Germany,Berlin,REGIONAL,,,1,1,2010,2010,0
7086,9185032442804818701,Yakine,Germany,Berlin,REGIONAL,,,1,1,2011,2011,0
7087,6613974890681889980,La soff,France,Paris,REGIONAL,,,1,1,2011,2011,0
7088,1090153078241450891,J.Dovy,France,South East,REGIONAL,,,1,1,2011,2011,0
7089,6407489263205551923,JNPLSRC,France,South East,REGIONAL,,,1,1,2011,2011,0
7090,6231444146268724300,MF Doom,United States of America,New York City,REGIONAL,,,1,1,2012,2012,0
7091,8468986603959808197,Elzo,United Kingdom,South + East,REGIONAL,,,1,3,2012,2013,1
7092,7894675192083937743,Patrick Vidal,France,Paris,REGIONAL,,,1,2,2012,2016,4
7093,5356013866449502742,Arto Mwambe,Germany,Frankfurt,REGIONAL,,,1,1,2012,2012,0
7094,6322284829531463413,David Carretta,France,Marseille,REGIONAL,,,1,1,2012,2012,0
7095,3193109384293493231,Kim Pixa,Czech Republic,All,REGIONAL,,,1,1,2012,2012,0
7096,8368597410006059364,Thomas Villard,France,South East,REGIONAL,,,1,1,2012,2012,0
7097,6543778742741644063,Thomas Hessler,Georgia,Tbilisi,REGIONAL,,,1,1,2012,2012,0
7098,531501493067143263,Leome,France,South East,REGIONAL,,,2,2,2012,2018,6
7099,8885384788925300422,Theo de Montgeri,France,South East,REGIONAL,,,1,2,2012,2013,1
7100,5434660487982419119,Cosey,,,,,,1,1,2012,2012,0
7101,3036052496183142045,Wild Aspect,France,South East,REGIONAL,,,2,4,2013,2019,6
7102,316148489853844352,MaMan,Netherlands,All,REGIONAL,,,1,2,2013,2013,0
7103,4488132033074697729,Hang the DJ,United Kingdom,London,REGIONAL,,,1,3,2013,2014,1
7104,2893306774352897078,DJ PJ,United States of America,Chicago,REGIONAL,,,1,5,2013,2019,6
7105,8738967104081656822,Breton,United Kingdom,London,REGIONAL,,,1,2,2013,2013,0
7106,4080349235067099250,Aquarius Heaven,Germany,Berlin,REGIONAL,,,1,1,2013,2013,0
7107,9136651818908109551,Hampus Time,United Kingdom,London,REGIONAL,,,1,1,2014,2014,0
7108,513333988650573731,Rich Aucoin,Canada,Nova Scotia,REGIONAL,,,1,1,2014,2014,0
7109,6354898648993702585,Chevel,Italy,North,REGIONAL,,,1,1,2014,2014,0
7110,3249020014400540537,Sierra Sam,Germany,Berlin,REGIONAL,,,1,1,2014,2014,0
7111,6860901020003987263,Marco Resmann,Germany,Berlin,REGIONAL,,,2,2,2014,2016,2
7112,6090981623449033076,Jessamine,Germany,Berlin,REGIONAL,,,1,2,2015,2015,0
7113,6751679016561095143,Oubys,Belgium,All,REGIONAL,,,1,1,2015,2015,0
7114,5213043235606254918,Sloven,France,South East,REGIONAL,,,1,1,2015,2015,0
7115,6046577964167415494,Roman Prost,France,Lyon,REGIONAL,,,1,1,2015,2015,0
7116,6907022150264119558,Gab McFly,France,South East,REGIONAL,,,1,1,2015,2015,0
7117,9016947826629648661,Sven Weisemann,Germany,Berlin,TOP1000,,,3,16,2008,2019,11
7118,788800290499735993,Lee Bannon,United States of America,San Francisco/Oakland,REGIONAL,,,1,1,2016,2016,0
7119,7394408211108770002,Unjin,South Korea,Seoul,REGIONAL,,,1,1,2016,2016,0
7120,5251167436676142199,Copy Paste Soul,United Kingdom,London,REGIONAL,,,1,1,2016,2016,0
7121,7469085240679899417,dEbruit,France,Paris,REGIONAL,,,1,1,2016,2016,0
7122,582707172346731736,Hergè,France,South East,REGIONAL,,,1,1,2016,2016,0
7123,665335928469763210,Ison,Greece,All,REGIONAL,,,1,1,2017,2017,0
7124,5782085041351463756,PTU,,,REGIONAL,,,1,1,2017,2017,0
7125,7536954947206338886,SØS Gunver Ryberg,Denmark,All,TOP1000,,,2,4,2016,2020,4
7126,6057900523927769701,Nicolas Bailly,France,Lyon,REGIONAL,,,1,1,2018,2018,0
7127,4625641668259987616,Monoloc,Germany,Berlin,TOP1000,,,2,2,2017,2018,1
7128,6206004386583015223,Amandra,France,Central,REGIONAL,,,1,1,2019,2019,0
7129,2340776860608076492,Die Wilde Jagd,Germany,Berlin,REGIONAL,,,1,1,2019,2019,0
7130,2067531258271229375,Clap! Clap!,Italy,North,REGIONAL,,,2,2,2015,2019,4
7131,1362968013040963709,Château Flight,France,Paris,REGIONAL,,,1,2,2020,2024,4
7132,5959762942423237813,Bamao Yendé,France,Paris,REGIONAL,,,1,2,2021,2022,1
7133,1365685089551768341,Mahiane,France,West,REGIONAL,,,1,1,2021,2021,0
7134,1349864320985408247,Félicia Atkinson,France,Central,REGIONAL,,,1,1,2021,2021,0
7135,6859865276494900643,Saku Sahara,France,Lyon,REGIONAL,,,1,3,2021,2025,4
7136,9086790795994683085,Cornelius Doctor,France,Lyon,REGIONAL,,,1,3,2021,2024,3
7137,2689263009843125287,Cinna Peyghamy,France,Paris,REGIONAL,,,2,2,2021,2026,5
7138,5818669717637677478,Anais Leszcynska,,,,,,1,1,2022,2022,0
7139,2255814625428552705,Meuko! Meuko!,Taiwan,Taipei,REGIONAL,,,2,2,2018,2022,4
7140,4681445439932985444,Pelada,Canada,Montreal,REGIONAL,,,2,2,2018,2022,4
7141,1008441473202632749,Broodoo Ramses,France,Paris,REGIONAL,,,1,1,2022,2022,0
7142,2229682005854240267,Jana Woodstock,Ukraine,All,REGIONAL,,,1,1,2023,2023,0
7143,3313594569794902056,Tomasa del Real,Chile,All,REGIONAL,,,1,1,2024,2024,0
7144,2896429585601942989,Mees Javois,Netherlands,Utrecht,REGIONAL,,,2,4,2025,2026,1
7145,1440455789848712869,OPOSITION,France,Lyon,REGIONAL,,,1,1,2025,2025,0
7146,5544866247701876324,Blood of Aza,United Kingdom,London,REGIONAL,,,1,2,2025,2026,1
7147,409299502333824461,Heith,Italy,North,REGIONAL,,,1,1,2025,2025,0
7148,3919511720219497096,Basswell,France,Lyon,REGIONAL,,,1,1,2025,2025,0
7149,2890539058389528540,OMAKS,France,Paris,REGIONAL,,,1,1,2025,2025,0
7150,1537971839372810285,Sklaer,France,Lyon,REGIONAL,,,2,2,2023,2025,2
7151,676607875223646143,Hirma,Switzerland,Geneva,REGIONAL,,,1,1,2026,2026,0
7152,3655600517583875319,Kabeaushé,Kenya,All,REGIONAL,,,1,1,2026,2026,0
7153,5180333213742315884,Nixss,Colombia,Bogotá,REGIONAL,,,1,1,2026,2026,0
7154,1380194577323697289,BETÏSES,France,Lyon,REGIONAL,,,2,2,2026,2026,0
7155,970376284662514514,Sina XX,France,Paris,REGIONAL,,,1,1,2026,2026,0
7156,8387148414622538525,Benny (El Rio Hostel),United Kingdom,London,REGIONAL,,,1,1,2026,2026,0
7157,3826756697873657823,Crossing Avenue,Italy,South,REGIONAL,,,1,1,2017,2017,0
7158,8621535029196703064,Moderate Kingdom,Italy,South,REGIONAL,,,1,1,2018,2018,0
7159,8105939090522908456,JAIR,Brazil,Sao Paulo,REGIONAL,,,1,1,2019,2019,0
7160,6151198560006309686,Andrea Fiorito,Italy,South,REGIONAL,,,1,1,2019,2019,0
7161,921598187094856632,Camilla Gligorov,Italy,Milan,REGIONAL,,,1,1,2020,2020,0
7162,3398805106636095074,Orazio Rispo,United States of America,New York City,REGIONAL,,,1,1,2020,2020,0
7163,6274243813114937536,Riccardo BHI,Italy,North,REGIONAL,,,1,4,2022,2024,2
7164,601132395039893331,Garçon De Rue,Italy,Milan,REGIONAL,,,1,1,2023,2023,0
7165,3986132993388932337,Natti,Israel,All,REGIONAL,,,1,1,2023,2023,0
7166,7664840318123966862,Nikita Green,United States of America,Miami,REGIONAL,,,1,1,2024,2024,0
7167,4253249933191286788,Brando Lupi,Italy,Central,REGIONAL,,,1,1,2024,2024,0
7168,7670488266464163889,ThanksMate,United Kingdom,London,REGIONAL,,,2,5,2024,2025,1
7169,5217423018672916155,Sarah Ninon,France,Paris,REGIONAL,,,1,1,2024,2024,0
7170,1416050770422946142,Acidgigi,Italy,North,REGIONAL,,,1,1,2024,2024,0
7171,2042321134978942916,Sister Effect,Italy,North,REGIONAL,,,1,1,2025,2025,0
7172,7795853469432685642,Maono,Italy,Milan,REGIONAL,,,1,3,2025,2026,1
7173,5539471407114942841,Oceanwax,Italy,Rome,REGIONAL,,,1,1,2025,2025,0
7174,8561476813458254127,Qursarina,Kazakhstan,All,REGIONAL,,,1,1,2025,2025,0
7175,7182308424978792815,Inner Lakes,Italy,Milan,REGIONAL,,,3,3,2025,2026,1
7176,38297374485301945,Alex Neri,Italy,Central,REGIONAL,,,1,1,2026,2026,0
7177,2945651346845779393,Pearl River Sound,Italy,South,REGIONAL,,,1,1,2026,2026,0
7178,1804872539358731183,Carly Zeng,China,Shenzhen,REGIONAL,,,2,2,2025,2026,1
7179,1233936837413967599,Serafina,Germany,Hamburg,REGIONAL,,,4,7,2025,2026,1
7180,4514120551680876910,Billy Currie,Australia,Melbourne,REGIONAL,,,1,1,2025,2025,0
7181,5926262597173279374,La Santa,United Kingdom,London,REGIONAL,,,1,1,2024,2024,0
7182,1762844214820264524,CARLEO,Italy,Naples,REGIONAL,,,1,2,2024,2024,0
7183,6674818423258342006,Agostino Casillo,Italy,South,REGIONAL,,,1,1,2025,2025,0
7184,3144509259178236339,Trevor Fung,United Kingdom,London,REGIONAL,,,2,2,2026,2026,0
7185,2125101182657134873,Bearcubs,United Kingdom,London,REGIONAL,,,1,1,2013,2013,0
7186,4061547181591572236,Dolan Bergin,United Kingdom,London,REGIONAL,,,2,9,2013,2017,4
7187,6938001560842214997,WIFE,Ireland,All,REGIONAL,,,1,1,2013,2013,0
7188,1303331232836624549,Andy Lemay,United Kingdom,London,REGIONAL,,,1,1,2013,2013,0
7189,2026747365991720651,Stray,United Kingdom,London,REGIONAL,,,1,1,2014,2014,0
7190,6674392054121919072,Cut Hands,United Kingdom,Scotland,REGIONAL,,,1,1,2014,2014,0
7191,2601241493694949662,Waajeed,United States of America,Detroit,REGIONAL,,,3,3,2015,2024,9
7192,1936659919788471337,DJ Kon,United States of America,Massachusetts,REGIONAL,,,1,1,2015,2015,0
7193,5993589917581699345,JoeFarr,United Kingdom,West + Wales,REGIONAL,,,1,1,2015,2015,0
7194,7836819626310959077,Born Cheating,Ireland,Dublin,REGIONAL,,,1,2,2016,2018,2
7195,796321557485338260,Moses,Portugal,All,REGIONAL,,,2,2,2017,2024,7
7196,7768231389170561336,Mark Flash,United States of America,Detroit,REGIONAL,,,3,4,2018,2022,4
7197,3979410812606158652,DJ Labud,Croatia,All,REGIONAL,,,1,1,2018,2018,0
7198,4296290682908477259,efemme,United Kingdom,London,REGIONAL,,,1,1,2018,2018,0
7199,5345480209269792363,Lucy Locket,United Kingdom,North,REGIONAL,,,2,4,2018,2022,4
7200,1549866537015385210,Rory Flynn,United Kingdom,North,REGIONAL,,,1,1,2019,2019,0
7201,5782731241280693235,Will Lister,United Kingdom,London,REGIONAL,,,1,2,2019,2021,2
7202,3321404525928479008,Tho,United Kingdom,London,REGIONAL,,,3,10,2021,2026,5
7203,9059716581443702302,Albin (BR),Brazil,Sao Paulo,REGIONAL,,,1,2,2023,2024,1
7204,4197418470434391319,James Andrew,United Kingdom,London,REGIONAL,,,2,7,2021,2025,4
7205,7988297711492870320,Souls,Canada,Montreal,REGIONAL,,,3,3,2022,2023,1
7206,706792891219320309,Travis (1),,,,,,1,1,2023,2023,0
7207,104362822072587611,Onur Özer (2),Turkey,Istanbul,REGIONAL,,,1,1,2025,2025,0
7208,7232113198447703458,Nastik (UA),Ukraine,All,REGIONAL,,,1,1,2025,2025,0
7209,6861851694791589587,Paula Juana,Colombia,All,REGIONAL,,,3,5,2024,2026,2
7210,2505427226409442156,Lazy Susan,Australia,Sydney,REGIONAL,,,1,1,2026,2026,0
7211,478140750699702904,Idklang,Austria,All,REGIONAL,,,1,1,2026,2026,0
7212,258198908298691952,Sascha Braemer,Germany,Berlin,REGIONAL,,,2,3,2012,2017,5
7213,1385191016404327108,Danilo Dumonte,Germany,Düsseldorf,REGIONAL,,,1,1,2012,2012,0
7214,9081094617035980274,David Hasert,Germany,Cologne,REGIONAL,,,1,1,2012,2012,0
7215,2380275623243785604,Taron Trekka,Germany,Berlin,REGIONAL,,,2,5,2011,2012,1
7216,57580878928109834,Ernesto Ferreyra,Argentina,All,REGIONAL,,,1,1,2014,2014,0
7217,6052150905740992596,Timo Maas,Germany,Hannover,TOP1000,,,1,1,2014,2014,0
7218,5726807701998579107,Joseph Capriati,Italy,Central,TOP1000,,,6,26,2011,2026,15
7219,2054429313049936095,Björn Grimm,Germany,Cologne,REGIONAL,,,1,1,2018,2018,0
7220,8926699057146771104,Rebecca von Kalinowsky,Germany,Cologne,REGIONAL,,,1,1,2019,2019,0
7221,4334348642531884477,Lactoluke,Germany,Cologne,REGIONAL,,,1,2,2022,2023,1
7222,561052141751667905,Medea,Germany,Dortmund / Essen,REGIONAL,,,1,3,2022,2024,2
7223,7600629691909404449,Interplay,Germany,Dortmund / Essen,REGIONAL,,,1,1,2022,2022,0
7224,4938565338756328957,Mariami,Georgia,Tbilisi,REGIONAL,,,1,2,2023,2026,3
7225,5332266505564521341,DBBD,Germany,Berlin,REGIONAL,,,1,3,2023,2025,2
7226,7277136183394108125,Trancemaster Krause,Germany,Saxony-Anhalt,REGIONAL,,,1,2,2024,2026,2
7227,3130137900712968931,Kim She,Germany,Berlin,REGIONAL,,,2,3,2024,2024,0
7228,7316843454436096989,Anna Konda,Germany,Cologne,REGIONAL,,,1,1,2025,2025,0
7229,2958336293795213304,KUKO,Germany,Cologne,REGIONAL,,,2,4,2025,2026,1
7230,6488594105423594687,Anna Cainelli,Germany,Cologne,REGIONAL,,,1,3,2025,2026,1
7231,1398549440258177791,zwilling.,Germany,Bavaria,REGIONAL,,,1,2,2026,2026,0
7232,2498951765008929932,Nissa Carrington,,,REGIONAL,,,1,2,2026,2026,0
7233,5241219511831182550,Niko Maxen,United Kingdom,Leeds,REGIONAL,,,1,1,2018,2018,0
7234,3285056782328363333,Kerry Wallace,Australia,Sydney,REGIONAL,,,2,2,2022,2024,2
7235,1132577687472129919,Ray Keith,United Kingdom,London,REGIONAL,,,2,2,2019,2022,3
7236,1760889812863098327,Young Pulse,France,Paris,REGIONAL,,,2,3,2019,2023,4
7237,4146278188991827177,Hardcore Babes,United Kingdom,Liverpool,REGIONAL,,,1,1,2026,2026,0
7238,4059984753026257188,Papu Raf,United Kingdom,Liverpool,REGIONAL,,,1,1,2026,2026,0
7239,6490739860670901803,DJ D.Dee,Canada,Vancouver,REGIONAL,,,1,1,2019,2019,0
7240,5176171515932657268,Stamp The Wax,United Kingdom,London,REGIONAL,,,3,6,2015,2022,7
7241,2907715163095654991,Kieran Jandu,United Kingdom,North,REGIONAL,,,1,2,2022,2024,2
7242,7241983489184600476,Martha Pinel,Brazil,Rio de Janeiro,REGIONAL,,,1,2,2023,2024,1
7243,8420237326072359750,Sisi Savidge,,,REGIONAL,,,1,1,2025,2025,0
7244,3200898509987296945,Lightfoot,United Kingdom,London,REGIONAL,,,3,4,2022,2025,3
7245,764093257215357951,Lydia Fikan,United Kingdom,Manchester,REGIONAL,,,1,1,2024,2024,0
7246,9130007644798545189,Soph,United Kingdom,London,REGIONAL,,,2,2,2024,2025,1
7247,2490268808361541191,Soul Case,Germany,Frankfurt,REGIONAL,,,1,1,2024,2024,0
7248,6892513464586186424,Aiden Francis,United Kingdom,Manchester,REGIONAL,,,1,1,2025,2025,0
7249,4370820737904448965,Nonna Fab,United Kingdom,North,REGIONAL,,,3,4,2022,2025,3
7250,3887224383202065162,Maya,Italy,South,REGIONAL,,,1,1,2026,2026,0
7251,4766388071495016721,Jaymo,,,,,,1,1,2016,2016,0
7252,8626445500794402361,The 2 Bears,United Kingdom,London,REGIONAL,,,1,1,2017,2017,0
7253,3277952840483586606,Christian Loeffler (DE),Germany,Karlsruhe,REGIONAL,,,1,1,2017,2017,0
7254,1374497190841688569,Desirée,,,,,,1,1,2022,2022,0
7255,5887474660073207869,Storken,Sweden,Stockholm,REGIONAL,,,2,3,2022,2022,0
7256,3610552827331134744,DJ F16 Falcon,France,Paris,REGIONAL,,,1,1,2023,2023,0
7257,4332287299809023159,Kitty Amor,United Kingdom,London,REGIONAL,,,4,5,2022,2026,4
7258,5019332902797213863,Frederika,Bulgaria,All,REGIONAL,,,2,3,2023,2024,1
7259,3460996491615687852,Lili Chan,Japan,Tokyo,REGIONAL,,,1,1,2023,2023,0
7260,3724130970062998248,Mr Bongo,United Kingdom,South + East,REGIONAL,,,1,1,2023,2023,0
7261,7718583044140699829,Kate Hutchinson,United Kingdom,London,REGIONAL,,,1,1,2024,2024,0
7262,788899405528970011,KaYa (UK),United Kingdom,London,REGIONAL,,,1,1,2025,2025,0
7263,6835429094284486139,FCUKERS,United States of America,New York City,REGIONAL,,,3,4,2025,2026,1
7264,5341668675564873402,The Avalanches,Australia,Melbourne,REGIONAL,,,1,1,2026,2026,0
7265,2283513627648321280,Dale Castell,United Kingdom,Leeds,REGIONAL,,,1,1,2012,2012,0
7266,3110196851374036199,Brett Sinclair,United Kingdom,North,REGIONAL,,,1,1,2012,2012,0
7267,6833179532311362804,Skirt,United Kingdom,Midlands,REGIONAL,,,1,1,2013,2013,0
7268,3913274410303603457,Claudia Cazacu,United Kingdom,London,REGIONAL,,,1,1,2013,2013,0
7269,6714667491416385677,Laura Jones,United Kingdom,North,TOP1000,,,2,2,2014,2014,0
7270,6236541675503691902,Route 94,United Kingdom,London,REGIONAL,,,4,7,2014,2026,12
7271,6767212879040774661,James Rigby,United Kingdom,North,REGIONAL,,,1,1,2014,2014,0
7272,6001694432331681334,Arno Cost,France,Paris,REGIONAL,,,1,1,2015,2015,0
7273,625461410654217008,Standfast,United Kingdom,Midlands,REGIONAL,,,1,1,2015,2015,0
7274,8343088818439200815,Kody,,,,,,1,1,2015,2015,0
7275,2601587640036964622,Steve Lawler,United Kingdom,London,TOP1000,,,1,1,2016,2016,0
7276,272156848184991622,KC Lights,United Kingdom,Glasgow,REGIONAL,,,1,1,2017,2017,0
7277,4800215854442914310,Wilkinson,United Kingdom,London,REGIONAL,,,3,3,2017,2025,8
7278,4044971474118199612,Gorgon City,United Kingdom,London,TOP1000,,,4,5,2015,2023,8
7279,3269284743313559127,Billy Kenny,United Kingdom,North,REGIONAL,,,1,1,2018,2018,0
7280,3449258448195790042,Distinkt,United Kingdom,London,REGIONAL,,,1,1,2019,2019,0
7281,7220018547715842232,OC,,,,,,1,1,2021,2021,0
7282,3607760517866954947,Watchers,United Kingdom,London,REGIONAL,,,1,1,2026,2026,0
7283,4319178276702728239,Leifur James,United Kingdom,London,REGIONAL,,,1,1,2019,2019,0
7284,5535834414041034420,Ben Hayes,United Kingdom,London,REGIONAL,,,1,1,2019,2019,0
7285,170466517923734110,Neil Pierce,United Kingdom,London,REGIONAL,,,1,1,2019,2019,0
7286,3890061559205563950,Matt Davies,United Kingdom,London,REGIONAL,,,2,2,2020,2023,3
7287,1974686560351608627,Daebak,United Kingdom,London,REGIONAL,,,1,1,2020,2020,0
7288,4015728272502493278,La Rumba,United Kingdom,North,REGIONAL,,,2,8,2020,2025,5
7289,6851093152354215179,corto.alto,United Kingdom,Glasgow,REGIONAL,,,1,3,2021,2026,5
7290,571342784701033529,AALIYAH,Germany,Hamburg,REGIONAL,,,1,1,2021,2021,0
7291,312766209425651299,Papaoul,United Kingdom,London,REGIONAL,,,1,3,2021,2022,1
7292,4368571209382696952,Sam Bhok,United Kingdom,Bristol,REGIONAL,,,1,1,2022,2022,0
7293,3497996918962654025,Son Of,Switzerland,Geneva,REGIONAL,,,1,1,2023,2023,0
7294,7666898841142918760,Echo Juliet,United Kingdom,Birmingham,REGIONAL,,,1,1,2024,2024,0
7295,2699195759227084340,Emily Dust,United Kingdom,London,REGIONAL,,,1,1,2024,2024,0
7296,8075990523718200897,Laura Jackson,United Kingdom,Manchester,REGIONAL,,,1,1,2024,2024,0
7297,3245239126993806912,NoName,Germany,Dresden,REGIONAL,,,1,1,2025,2025,0
7298,7178295810981208624,Raidaa,United Kingdom,London,REGIONAL,,,2,2,2024,2025,1
7299,6525831416026821095,Stereolab,United Kingdom,London,REGIONAL,,,1,1,2026,2026,0
7300,3602755038974554963,JKriv,United States of America,New York City,REGIONAL,,,1,1,2026,2026,0
7301,6060939419668250878,King Britt,United States of America,Pennsylvania,REGIONAL,,,1,1,2026,2026,0
7302,8099629350526333527,Primrose,United Kingdom,London,REGIONAL,,,1,2,2021,2023,2
7303,4555970679586773720,Not Telling,United Kingdom,London,REGIONAL,,,1,1,2023,2023,0
7304,5218859942045909015,DJ Derek,United Kingdom,South + East,REGIONAL,,,1,2,2012,2013,1
7305,7715517681701739469,The Kelly Twins,United Kingdom,West + Wales,REGIONAL,,,1,1,2013,2013,0
7306,6355209500938465050,Crump,United Kingdom,West + Wales,REGIONAL,,,1,1,2013,2013,0
7307,4386239119683957490,Cyril Hahn,Switzerland,All,REGIONAL,,,1,2,2014,2014,0
7308,8083736930355236894,Lukas (UK),United Kingdom,West + Wales,REGIONAL,,,1,1,2014,2014,0
7309,214812437997081180,Billy Disney,United Kingdom,West + Wales,REGIONAL,,,1,3,2015,2016,1
7310,5379266130724281260,Shenk,United Kingdom,London,REGIONAL,,,1,1,2015,2015,0
7311,7961329661437014379,Third Son,United Kingdom,London,REGIONAL,,,2,2,2015,2022,7
7312,3733237586097960619,Katy B,United Kingdom,London,REGIONAL,,,1,2,2016,2025,9
7313,1658063390138499026,Origins Sound,United Kingdom,West + Wales,REGIONAL,,,1,1,2018,2018,0
7314,4811855596348998968,Plura,United Kingdom,West + Wales,REGIONAL,,,1,1,2019,2019,0
7315,3499003187036361422,Hot Buttered Soul,United Kingdom,West + Wales,REGIONAL,,,1,1,2019,2019,0
7316,7264910987734851264,Bad B!tch Dubz,United Kingdom,Bristol,REGIONAL,,,1,2,2024,2025,1
7317,4057500954607209887,SIS:DEM,United Kingdom,London,REGIONAL,,,1,1,2024,2024,0
7318,2685719995353329396,Lily Huu,United Kingdom,Bristol,REGIONAL,,,1,1,2024,2024,0
7319,5744912721812339273,Fonzo (UK),United Kingdom,Bristol,REGIONAL,,,2,2,2025,2026,1
7320,9059028272731561523,Bushbaby,United Kingdom,South + East,REGIONAL,,,1,1,2025,2025,0
7321,2180908752050084205,Jensen,Belgium,All,REGIONAL,,,1,1,2018,2018,0
7322,7995701344261723652,Carlota,Spain,Ibiza,REGIONAL,,,2,2,2022,2022,0
7323,7043124744084693804,Mutex,Malta,All,REGIONAL,,,1,1,2022,2022,0
7324,8453796786874677719,Ollie Lishman,Australia,Melbourne,REGIONAL,,,1,3,2024,2026,2
7325,5959984603583812569,Fresh Prince,Malta,All,REGIONAL,,,1,2,2025,2026,1
7326,8058284655166812374,Parvatis,Malta,All,REGIONAL,,,1,1,2025,2025,0
7327,6393294349032415198,22 Interns,Netherlands,Amsterdam,REGIONAL,,,1,1,2026,2026,0
7328,4662996373298159185,DJ Rou,Italy,Bologna,REGIONAL,,,1,1,2022,2022,0
7329,2863393994741243639,Ayce Bio,Italy,Milan,REGIONAL,,,1,1,2022,2022,0
7330,2835992086720189504,Rachel Lyn,Australia,Melbourne,REGIONAL,,,1,1,2023,2023,0
7331,6668149384571006534,Rene Engel,Netherlands,Amsterdam,REGIONAL,,,1,1,2024,2024,0
7332,4474174497469435719,Alume,Netherlands,Amsterdam,REGIONAL,,,1,1,2025,2025,0
7333,3165935733732930863,Dantiez,United States of America,Michigan,REGIONAL,,,1,1,2026,2026,0
7334,4350817732655139226,Slacker,United Kingdom,London,REGIONAL,,,1,1,2019,2019,0
7335,1569060976717630566,Caldera,Germany,North Rhine-Westphalia,REGIONAL,,,1,1,2019,2019,0
7336,4341874379599280363,FFT,United Kingdom,London,REGIONAL,,,1,1,2022,2022,0
7337,5940035926939426820,DJ Gonz,United Kingdom,London,REGIONAL,,,1,1,2022,2022,0
7338,4134516539626929276,Leeway,United Kingdom,London,REGIONAL,,,1,2,2022,2023,1
7339,7756224432336492314,Asquith,United Kingdom,London,REGIONAL,,,1,1,2022,2022,0
7340,1737481995577233155,Pierre Codarin,United Kingdom,London,REGIONAL,,,1,1,2022,2022,0
7341,3669465248022696168,Denzel,Finland,All,REGIONAL,,,2,9,2019,2026,7
7342,5385053565296161771,Gregor (2),Serbia,All,REGIONAL,,,1,1,2022,2022,0
7343,5991381823650430889,Tramma,United Kingdom,West + Wales,REGIONAL,,,1,1,2023,2023,0
7344,7407883645251965190,Pretty Sneaky,Germany,Berlin,REGIONAL,,,1,1,2023,2023,0
7345,7006555109856504526,Phelimuncasi,South Africa,Cape Town,REGIONAL,,,1,1,2024,2024,0
7346,6693342218897541148,Turkana,Italy,Central,REGIONAL,,,1,1,2024,2024,0
7347,1415236676241182449,Eldon (1),United Kingdom,London,REGIONAL,,,1,2,2024,2025,1
7348,3026369933790620457,Christoph de Babalon,Germany,Berlin,REGIONAL,,,2,2,2024,2025,1
7349,2285547560610576075,Dan Johnson,United Kingdom,London,REGIONAL,,,1,1,2026,2026,0
7350,3445562903708618984,Mike Levitt,United Kingdom,London,REGIONAL,,,1,1,2026,2026,0
7351,3540091942460586229,Marcus Schmickler,Germany,Cologne,REGIONAL,,,1,1,2015,2015,0
7352,1721969549183849064,Puce Mary,Denmark,All,REGIONAL,,,2,3,2011,2015,4
7353,8142961347273924447,Finn of Tomland,Sweden,All,REGIONAL,,,1,4,2015,2018,3
7354,1305562587483745254,Apeiron Crew,Denmark,All,REGIONAL,,,1,1,2016,2016,0
7355,742629018985079696,Camilla Sparksss,Canada,Toronto,REGIONAL,,,1,1,2016,2016,0
7356,8950402422102659860,Yves De Mey,Belgium,All,REGIONAL,,,1,1,2017,2017,0
7357,8964079905962731180,dj. flugvél og geimskip,Iceland,All,REGIONAL,,,2,2,2018,2018,0
7358,7817904135930312900,Duke,,,,,,1,1,2019,2019,0
7359,316249908954963595,Vanessa Amara,Denmark,Copenhagen,REGIONAL,,,1,1,2020,2020,0
7360,6512994278332754508,Suutoo,United Kingdom,London,REGIONAL,,,1,1,2023,2023,0
7361,8944803661744228202,Sarahsson,United Kingdom,Bristol,REGIONAL,,,1,1,2024,2024,0
7362,6215440802991179933,Vanity Productions,Denmark,Copenhagen,REGIONAL,,,2,3,2012,2024,12
7363,7673154008874635899,Yas Meen Selectress,Egypt,All,REGIONAL,,,1,2,2025,2025,0
7364,7701326217708735889,Nik Colk Void,United Kingdom,London,REGIONAL,,,1,1,2025,2025,0
7365,7303155125255908639,Navid Izadi,United States of America,Los Angeles,REGIONAL,,,1,1,2014,2014,0
7366,8804344957633109002,Oliver Koletzki,Germany,Berlin,TOP1000,,,4,12,2013,2025,12
7367,459850471189763049,Miki Craven,Spain,Barcelona,REGIONAL,,,1,1,2017,2017,0
7368,5987068942082849775,Hd Substance,Spain,Madrid,REGIONAL,,,1,1,2017,2017,0
7369,1372214860136285544,Tati Pimont,Brazil,All,REGIONAL,,,1,1,2017,2017,0
7370,2198247045810834467,Be Svendsen,Denmark,All,REGIONAL,,,3,4,2015,2022,7
7371,2536034437805389381,Damian Schwartz,Spain,Madrid,REGIONAL,,,1,1,2018,2018,0
7372,1873168297573850827,Kerala Dust,United Kingdom,London,TOP1000,,,3,3,2019,2023,4
7373,1654780891886161300,Sam Shure,Germany,Berlin,REGIONAL,,,2,2,2019,2023,4
7374,8420962246174719019,Sjamsoedin,Netherlands,Amsterdam,REGIONAL,,,2,4,2018,2019,1
7375,62385740863873735,Okaxy,Germany,Leipzig,REGIONAL,,,1,1,2019,2019,0
7376,4695441391900534304,BLOT!,,,,,,1,1,2020,2020,0
7377,377487688423296985,LVTL,Netherlands,Amsterdam,REGIONAL,,,1,1,2021,2021,0
7378,361579075048100388,Blurry Slur,India,Mumbai,REGIONAL,,,1,3,2022,2025,3
7379,2426016718770137893,THEMBA,South Africa,Johannesburg,REGIONAL,,,2,2,2019,2022,3
7380,6619635674355449945,Katalina Schwarz,Chile,Santiago,REGIONAL,,,1,1,2023,2023,0
7381,927108662101862284,Kollision,India,Mumbai,REGIONAL,,,1,4,2024,2025,1
7382,7177669919154075071,From House to Disco,Brazil,All,REGIONAL,,,1,1,2024,2024,0
7383,8973616785336690045,Anhedonia,Peru,All,REGIONAL,,,1,1,2024,2024,0
7384,7227002483473410327,Curol,Brazil,Sao Paulo,REGIONAL,,,1,3,2024,2025,1
7385,1153710880654897341,Tasnneem,India,Hyderabad,REGIONAL,,,1,1,2024,2024,0
7386,6141210305099441663,Lola Edo,Netherlands,Amsterdam,REGIONAL,,,3,4,2024,2024,0
7387,8781245371282575314,Noise Diva,Netherlands,Amsterdam,REGIONAL,,,1,1,2024,2024,0
7388,2621378847901318126,Natascha Polké,Switzerland,Zurich,REGIONAL,,,1,3,2025,2025,0
7389,1790058861167618243,I-RO,Netherlands,Amsterdam,REGIONAL,,,2,2,2025,2025,0
7390,1863823545859738907,Audio Units,India,Bangalore,REGIONAL,,,1,1,2025,2025,0
7391,5157138983976847616,Jazz Dalia,Netherlands,Amsterdam,REGIONAL,,,1,1,2026,2026,0
7392,5928653005501810754,Demir,,,,,,1,1,2010,2010,0
7393,1451723082898536927,Sapriori,Denmark,All,REGIONAL,,,1,1,2010,2010,0
7394,8704642655126123035,2000F,Denmark,Copenhagen,REGIONAL,,,1,1,2011,2011,0
7395,4980202963317872717,Cockwhore,,,,,,1,3,2011,2023,12
7396,4710617040697496,Justin Side,Denmark,All,REGIONAL,,,1,1,2012,2012,0
7397,3930546243450540816,Hankat,Denmark,All,REGIONAL,,,1,1,2012,2012,0
7398,6509447635714990708,Henri Matisse,Denmark,All,REGIONAL,,,1,2,2013,2017,4
7399,8353681572029806123,Total Freedom,United States of America,Los Angeles,TOP1000,,,1,1,2013,2013,0
7400,6137570896972103954,Stassy,Germany,Berlin,REGIONAL,,,1,1,2013,2013,0
7401,7824379920030559381,Drop Out Orchestra,Sweden,All,REGIONAL,,,1,1,2013,2013,0
7402,111164829867842762,Tim Andresen,Denmark,All,REGIONAL,,,2,11,2010,2023,13
7403,7704345780548560599,MHM One,Denmark,All,REGIONAL,,,1,1,2016,2016,0
7404,5079432923884057394,DJ Aligator,Iran,All,REGIONAL,,,1,1,2017,2017,0
7405,4809599027391826576,Troels Hass,Denmark,Copenhagen,REGIONAL,,,1,1,2017,2017,0
7406,7529680157845294336,Steen Kong,Denmark,All,REGIONAL,,,1,1,2017,2017,0
7407,7591646060842726318,Riff Raff,United States of America,Houston,REGIONAL,,,1,1,2017,2017,0
7408,5431472119757329644,Lehar,Italy,North,REGIONAL,,,1,1,2018,2018,0
7409,82285657296357572,Radeckt,Denmark,All,REGIONAL,,,1,2,2018,2022,4
7410,5178231887900825259,Mark Knight,United Kingdom,South + East,REGIONAL,,,1,1,2019,2019,0
7411,7094813370294867070,Toro Y Moi,United States of America,South Carolina,REGIONAL,,,1,1,2019,2019,0
7412,8574888965791071019,Amanda Baun,Denmark,Copenhagen,REGIONAL,,,1,2,2022,2022,0
7413,4730394718928834629,Harrison Heat,Denmark,All,REGIONAL,,,1,4,2022,2026,4
7414,1563362657444959590,Lucky Lube,Denmark,Copenhagen,REGIONAL,,,1,1,2023,2023,0
7415,7531147572524495850,Dash (CZ),Czech Republic,All,REGIONAL,,,1,1,2023,2023,0
7416,3713544651425146855,Adexia,Denmark,Copenhagen,REGIONAL,,,1,1,2023,2023,0
7417,7003570021836163277,dj bootymagic,Denmark,All,REGIONAL,,,1,1,2023,2023,0
7418,2609682162079214988,Hamdi (UK),United Kingdom,South + East,REGIONAL,,,1,1,2023,2023,0
7419,2587901855756072960,Frida Darko,,,REGIONAL,,,1,1,2024,2024,0
7420,2976328886658433760,Kotoe,Brazil,Sao Paulo,REGIONAL,,,3,3,2025,2026,1
7421,1197867893344891643,HAKEEM (2),Denmark,Copenhagen,REGIONAL,,,1,1,2025,2025,0
7422,4456182796195952432,Lulla-Li,Denmark,Copenhagen,REGIONAL,,,1,1,2026,2026,0
7423,9187119737082369693,Teison,Netherlands,Amsterdam,REGIONAL,,,1,1,2026,2026,0
7424,2022239301392190541,Al Ester,United States of America,Detroit,REGIONAL,,,1,1,2020,2020,0
7425,3022930197007931877,ELEANOR,Australia,Sydney,REGIONAL,,,2,5,2021,2025,4
7426,2951709765021666902,Burden,Italy,Rome,REGIONAL,,,1,1,2022,2022,0
7427,8836655850900810918,ODA HALITI,Kosovo,All,REGIONAL,,,1,1,2022,2022,0
7428,5221315854749250269,Julia Goldfarb,United Kingdom,London,REGIONAL,,,2,2,2023,2026,3
7429,8705204589138415693,Mother of Mankind,United Kingdom,Bristol,REGIONAL,,,1,1,2024,2024,0
7430,8805401026470588690,Coco,,,,,,1,1,2024,2024,0
7431,8048456786277807704,Above,,,,,,1,1,2025,2025,0
7432,7933590398567987518,EarthLife,Italy,Milan,REGIONAL,,,1,1,2025,2025,0
7433,6429440505586556798,Kotiēr,United States of America,New York City,REGIONAL,,,1,1,2026,2026,0
7434,5881035683313214318,Mia Aurora,United Kingdom,London,REGIONAL,,,1,1,2026,2026,0
7435,2942262267274172003,Flapjackers,Belgium,All,REGIONAL,,,1,1,2015,2015,0
7436,3043272810691386938,Idriss D,Italy,North,REGIONAL,,,1,2,2016,2017,1
7437,5411462941910663332,Michel Cleis,Switzerland,All,REGIONAL,,,1,1,2016,2016,0
7438,4350269443414071414,Re.You,Germany,Berlin,REGIONAL,,,1,1,2017,2017,0
7439,8388932390520925222,Igor Vicente,Belgium,Brussels,REGIONAL,,,1,4,2017,2020,3
7440,574961949181700856,OG Karin,Netherlands,Rotterdam,REGIONAL,,,2,3,2023,2026,3
7441,8132526952801316505,DJ 13NRV,France,Marseille,REGIONAL,,,1,1,2022,2022,0
7442,5131104613754929239,Kumanope,France,South East,REGIONAL,,,1,2,2022,2023,1
7443,1827983446992503233,Mystique (2),France,Marseille,REGIONAL,,,1,3,2022,2024,2
7444,2025011015339122030,NOGE,France,Marseille,REGIONAL,,,1,1,2024,2024,0
7445,2169053526864225370,Zendid,France,Central,REGIONAL,,,1,3,2016,2019,3
7446,321431479478302291,Lowris,France,Paris,REGIONAL,,,1,1,2017,2017,0
7447,489828726500580442,Aline Raphael,Germany,Berlin,REGIONAL,,,1,1,2017,2017,0
7448,8350300536120400054,Flord King,Sweden,All,REGIONAL,,,1,1,2019,2019,0
7449,7407536658044743451,Jamie Ward,United Kingdom,London,REGIONAL,,,1,1,2010,2010,0
7450,4991467086587391034,Scott Kemp,United Kingdom,London,REGIONAL,,,1,3,2011,2011,0
7451,6309920556516757636,Cris James,United Kingdom,London,REGIONAL,,,1,1,2011,2011,0
7452,2573402431993483452,Ryan,,,,,,1,1,2011,2011,0
7453,8122940904949326450,Will Taylor,United Kingdom,London,REGIONAL,,,1,1,2011,2011,0
7454,4499233442904488152,Johnny Fiore,United Kingdom,London,REGIONAL,,,1,1,2011,2011,0
7455,8780056713120528019,Corpsy,United Kingdom,London,REGIONAL,,,1,1,2011,2011,0
7456,2624005367508216754,Jafar,Sweden,All,REGIONAL,,,1,1,2012,2012,0
7457,1691919380790049772,Bulletproof,Netherlands,Amsterdam,REGIONAL,,,1,1,2013,2013,0
7458,3586155634293124328,Brad Francis,United Kingdom,London,REGIONAL,,,1,1,2013,2013,0
7459,7598243637415383238,Pete J,United States of America,Chicago,REGIONAL,,,1,4,2014,2023,9
7460,6310463739869885452,Pedro Tenreiro,Portugal,Lisbon,REGIONAL,,,1,1,2018,2018,0
7461,3222650385275628487,Adam Purnell,Portugal,Lisbon,REGIONAL,,,1,1,2025,2025,0
7462,970140524678844209,Brusca,Portugal,Lisbon,REGIONAL,,,1,1,2025,2025,0
7463,2195628973884642721,Adriani,,,,,,1,1,2019,2019,0
7464,1450457599375162556,EZEKIEL SOUNDSYSTEM,Belgium,All,REGIONAL,,,1,4,2021,2022,1
7465,6873947396097585639,Lou Karsh,Australia,Melbourne,REGIONAL,,,1,1,2019,2019,0
7466,1164974943817390383,Peter Invasion,Germany,Leipzig,REGIONAL,,,1,3,2019,2022,3
7467,5462693500574618310,Barbara Hofmann,Germany,Nürnberg,REGIONAL,,,1,2,2021,2022,1
7468,4957883690159659910,NAITWA,Germany,Leipzig,REGIONAL,,,1,2,2022,2022,0
7469,7868340890815088639,Muallem,Germany,Munich,REGIONAL,,,2,8,2022,2026,4
7470,4091206845827029012,PAREKA,,,REGIONAL,,,1,1,2024,2024,0
7471,8108310343039925619,WINDFUHR,Germany,Berlin,REGIONAL,,,1,1,2025,2025,0
7472,5049671088465737496,Knxwledge,United States of America,California,REGIONAL,,,1,1,2023,2023,0
7473,6159933416494318335,kryptogram,United States of America,Chicago,REGIONAL,,,1,1,2024,2024,0
7474,1240539748325366976,Candidate,United Kingdom,Liverpool,REGIONAL,,,1,1,2025,2025,0
7475,7067076092871459937,Matan Klevan,,,REGIONAL,,,1,2,2025,2025,0
7476,2179239799543404315,Pilou,France,Lyon,REGIONAL,,,1,2,2017,2018,1
7477,4629387204368046171,Gaia Barella,Italy,Milan,REGIONAL,,,1,1,2023,2023,0
7478,5235510236506081089,Rebequita,France,Paris,REGIONAL,,,2,2,2023,2026,3
7479,1608051987876669549,KERN1000,France,Lyon,REGIONAL,,,1,1,2023,2023,0
7480,2440645966078698004,SLVL,Netherlands,All,REGIONAL,,,1,1,2024,2024,0
7481,3573974858717859553,Holy Priest,Germany,Cologne,REGIONAL,,,1,1,2025,2025,0
7482,4505804379945531744,Nyctonian,Netherlands,Utrecht,REGIONAL,,,1,1,2025,2025,0
7483,4849558956813311963,LOST,Japan,Kansai,REGIONAL,,,2,2,2018,2024,6
7484,1130397681834600314,Marcotix,Australia,Sydney,REGIONAL,,,1,1,2016,2016,0
7485,2682422511061370079,Signal Deluxe,Germany,Berlin,REGIONAL,,,1,1,2016,2016,0
7486,844790527037102563,Toby Dreher,Germany,Berlin,REGIONAL,,,1,1,2016,2016,0
7487,8652054486911917038,Extinct Species,Poland,All,REGIONAL,,,1,1,2016,2016,0
7488,3619240849247566441,Alex New,Germany,Cologne,REGIONAL,,,1,1,2025,2025,0
7489,1640482337174157169,Blazej Malinowski,Poland,Warsaw,REGIONAL,,,1,1,2025,2025,0
7490,1417821207849163455,Dominic Leix,Poland,Warsaw,REGIONAL,,,1,1,2025,2025,0
7491,1161550934039898660,Glasse,Poland,All,REGIONAL,,,1,1,2025,2025,0
7492,7175513131698320425,Jemski.,South Africa,Durban,REGIONAL,,,1,1,2025,2025,0
7493,3732627871587533504,kalkyl,Sweden,All,REGIONAL,,,1,1,2025,2025,0
7494,6079140803124934413,Spectribe,Poland,All,REGIONAL,,,1,1,2025,2025,0
7495,6266125268731155172,SNIK,Poland,All,REGIONAL,,,1,1,2025,2025,0
7496,8782812968245241859,Thorkell Máni,Iceland,All,REGIONAL,,,1,1,2025,2025,0
7497,6691798161431661930,John Morales,United States of America,New Jersey,REGIONAL,,,1,1,2019,2019,0
7498,3831323294973846423,Roberto Surace,Italy,South,REGIONAL,,,1,3,2019,2020,1
7499,112052658322429502,Shiba San,France,Paris,TOP1000,,,1,2,2019,2019,0
7500,6651931744861190201,Seamus Haji,United Kingdom,London,REGIONAL,,,1,2,2019,2020,1
7501,4362654322328216871,Marcel Vogel,Netherlands,Amsterdam,TOP1000,,,1,1,2019,2019,0
7502,5418169785462922747,Snips,United Kingdom,London,REGIONAL,,,1,1,2019,2019,0
7503,5121066689777094094,Sebb Junior,Spain,South,REGIONAL,,,1,1,2019,2019,0
7504,661595296927473938,Black Motion,South Africa,All,REGIONAL,,,1,1,2020,2020,0
7505,2996940372347618639,Harry Romero,United States of America,New Jersey,REGIONAL,,,1,1,2021,2021,0
7506,7296924820091911387,SMXDGE,United Kingdom,South + East,REGIONAL,,,1,1,2026,2026,0
7507,6097866190883294335,Alex Mills,United Kingdom,London,REGIONAL,,,1,1,2026,2026,0
7508,4329795165475702762,Josh Torlot,United Kingdom,London,REGIONAL,,,1,1,2026,2026,0
7509,2937207156297486430,Flemish.Fetish,,,,,,1,1,2022,2022,0
7510,8503908934400280131,JAARA,Germany,Berlin,REGIONAL,,,1,1,2023,2023,0
7511,4838129152031459179,MI$$ JUNIA,Germany,Kassel,REGIONAL,,,2,2,2024,2025,1
7512,6548671473607241495,Posture,Germany,Berlin,REGIONAL,,,1,1,2024,2024,0
7513,4458340528355549237,Souci,Serbia,All,REGIONAL,,,1,1,2024,2024,0
7514,3678500614064114766,Shadysnack,Germany,Berlin,REGIONAL,,,1,1,2026,2026,0
7515,3512564319110140606,SENERGI,Spain,Barcelona,REGIONAL,,,1,1,2026,2026,0
7516,2055725787134483163,Cipher,Jordan,All,REGIONAL,,,1,2,2022,2023,1
7517,3879795632578441115,Hand-made,United Kingdom,Scotland,REGIONAL,,,1,2,2023,2023,0
7518,6419310461221250228,VSVN,United Kingdom,London,REGIONAL,,,2,2,2023,2025,2
7519,8687036948865012977,idaH,United Kingdom,London,REGIONAL,,,2,4,2023,2025,2
7520,2350038591517485692,Mas Que Nada Brothers,United Kingdom,London,REGIONAL,,,2,2,2024,2026,2
7521,3683098053448330461,Bovill,United Kingdom,London,REGIONAL,,,1,5,2010,2016,6
7522,5239055569487099067,Dan Bean,United Kingdom,London,REGIONAL,,,1,8,2015,2026,11
7523,1457136621690878336,Freib,France,West,REGIONAL,,,1,1,2016,2016,0
7524,7840725990494445041,DJ Wey,United States of America,New York City,REGIONAL,,,1,1,2018,2018,0
7525,5413941193560612235,El Choop,United Kingdom,London,REGIONAL,,,1,3,2019,2024,5
7526,8218275741646576501,Jordan GCZ,,,REGIONAL,,,2,3,2019,2023,4
7527,1596254748441083669,Kate08,United Kingdom,London,REGIONAL,,,1,1,2023,2023,0
7528,8876372777700993961,RS Tangent,United Kingdom,Bristol,REGIONAL,,,1,1,2026,2026,0
7529,4653558647368299619,tanjuesch,Germany,Munich,REGIONAL,,,1,3,2023,2026,3
7530,2001199293242523191,Thor Rixon,South Africa,Cape Town,REGIONAL,,,1,1,2023,2023,0
7531,8153724863997846351,Anni Herzer,Austria,All,REGIONAL,,,1,3,2025,2026,1
7532,4862761101075096377,DJ Sprudel,Austria,Vienna,REGIONAL,,,1,2,2025,2026,1
7533,9122624616745932753,FIFI (2),United Kingdom,Edinburgh,REGIONAL,,,1,1,2026,2026,0
7534,2407114647036638907,Sumi (3),Austria,Vienna,REGIONAL,,,1,1,2026,2026,0
7535,3288499310120735030,OCH,United Kingdom,London,REGIONAL,,,1,1,2017,2017,0
7536,913418619325387263,Pandilla LTD,Portugal,Lisbon,REGIONAL,,,1,3,2018,2022,4
7537,5907756175080487989,Space System,Indonesia,All,REGIONAL,,,1,1,2019,2019,0
7538,2758300394161591597,BeatPete,Germany,Berlin,REGIONAL,,,1,3,2019,2024,5
7539,3092591529728581403,Robohands,United Kingdom,London,REGIONAL,,,1,1,2019,2019,0
7540,1443622205175926760,Celice Monnette,Mexico,Monterrey,REGIONAL,,,1,1,2022,2022,0
7541,3296457983113918086,Romeu,Portugal,Algarve,REGIONAL,,,1,2,2022,2024,2
7542,2807279216254729172,Tonic,,,,,,1,1,2023,2023,0
7543,7218167445290665993,LYZA,Germany,Berlin,REGIONAL,,,1,1,2023,2023,0
7544,5717945678565182673,AAguilAA,Belgium,Brussels,REGIONAL,,,1,1,2023,2023,0
7545,2355263898456573283,rea*,,,REGIONAL,,,1,3,2023,2025,2
7546,4154055259415597175,Eamon Harkin,United States of America,New York City,REGIONAL,,,1,1,2024,2024,0
7547,4188489797253504981,Punisher,United States of America,Detroit,REGIONAL,,,1,1,2024,2024,0
7548,413481153584135527,Will Samson,United Kingdom,London,REGIONAL,,,1,1,2024,2024,0
7549,5993738562260660734,Zoe Polanski,,,REGIONAL,,,1,1,2024,2024,0
7550,3883808494683104351,claire rousay,United States of America,San Antonio,REGIONAL,,,1,1,2025,2025,0
7551,8680525020895897495,Chaka Khan't,,,,,,1,1,2018,2018,0
7552,1378183052506593386,Guilhem Monin,,,,,,1,1,2018,2018,0
7553,4813781650072273571,Martin Josef,,,,,,1,1,2018,2018,0
7554,1500241219515959386,DJ Cheers,,,,,,1,1,2021,2021,0
7555,7455542774712164027,Bklava,,,,,,2,3,2022,2023,1
7556,7032329420703194294,LVRA,,,,,,1,1,2023,2023,0
7557,291691645797468519,John Xie,,,,,,1,1,2024,2024,0
7558,3601894154834805101,Revstreet,,,,,,1,1,2024,2024,0
7559,777970400791188234,Rotation Policy,,,,,,1,1,2024,2024,0
7560,3194568641048955886,Asa Tate,,,,,,2,2,2025,2026,1
7561,4892465758970317606,CESKA,,,,,,1,2,2025,2026,1
7562,1646957850001950331,DEM (3),,,,,,1,1,2025,2025,0
7563,3698360631081316941,Joe Gabbitas,,,,,,1,1,2025,2025,0
7564,3647393174052641748,Peri,,,,,,1,1,2025,2025,0
7565,7902588711599737706,Suerta,,,,,,1,2,2025,2026,1
7566,9205506481504891922,BEN GERRANS,,,,,,1,1,2026,2026,0
7567,2765136816557953199,Cleanfield,,,,,,2,2,2023,2025,2
7568,7165261521541642160,Deep Filip,,,,,,1,2,2023,2024,1
7569,7219587612369375629,Farry,,,,,,2,2,2023,2025,2
7570,4904512279034906932,Lieke TR,,,,,,1,1,2023,2023,0
7571,3658603081525744598,Lizzy Green,,,,,,2,2,2023,2023,0
7572,8708255905111026042,Mario Marini,,,,,,2,5,2019,2026,7
7573,8340679892887885877,Rochelle Dietz,,,,,,1,1,2023,2023,0
7574,527670712345163949,ISIS,,,,,,1,1,2024,2024,0
7575,8637337346604375119,Jpattersson,,,,,,1,1,2024,2024,0
7576,3354631907998409217,Leo Kloeve,,,,,,1,1,2024,2024,0
7577,1992150880438628889,1tbsp,,,,,,2,2,2026,2026,0
7578,4219049956554876091,DJ Louis V,,,,,,1,1,2025,2025,0
7579,352605438946971158,Keegan McQuade,,,,,,1,1,2026,2026,0
7580,408314445560337505,Felix Fleer,,,,,,1,1,2026,2026,0
7581,8032596841416166848,Out Of Place Artefacts,,,,,,1,1,2026,2026,0
7582,6188196908825639594,Sons Of Hidden,,,,,,1,1,2026,2026,0
7583,6375064880642839745,Toru Ikemoto,,,,,,1,1,2026,2026,0
7584,1515215058636967966,Urbi,,,,,,1,1,2026,2026,0
7585,5837920999155474104,Aäg (PT),,,,,,1,1,2026,2026,0
7586,465115092093659403,Kiawash,,,,,,1,1,2025,2025,0
7587,2546296752542440040,Tensal,,,,,,1,1,2026,2026,0
7588,587119691251748491,LOR (UK),,,,,,1,1,2016,2016,0
7589,2734338050574239278,Terriers,,,,,,1,1,2016,2016,0
7590,3523358264350698477,DJ Deece,,,,,,1,4,2017,2018,1
7591,7662894821008578996,Cans,,,,,,1,1,2017,2017,0
7592,7769178947826208979,Brién,,,,,,1,3,2019,2023,4
7593,2987163317072031121,KITT,,,,,,1,1,2021,2021,0
7594,6739737970780511471,Farhannah,,,,,,1,1,2021,2021,0
7595,5690934691971287899,Reger,,,,,,1,5,2022,2026,4
7596,4612753066333709854,Nez,,,,,,1,2,2022,2023,1
7597,3462115355053377292,HY:LY,,,,,,1,1,2022,2022,0
7598,1115293629972952630,Ricky Chong,,,,,,1,1,2023,2023,0
7599,6593504190707017454,Plain Sailing DJs,,,,,,1,4,2024,2026,2
7600,4291910357066219886,Shannen Blessing,,,,,,1,1,2024,2024,0
7601,2698906277046057501,Shampain,,,,,,1,2,2024,2024,0
7602,4202022552971890959,Brian Eno,,,,,,1,1,2024,2024,0
7603,3427707578866374168,Plus One (1),,,,,,1,1,2025,2025,0
7604,588271976801624318,HI-KRU,,,,,,1,2,2025,2026,1
7605,5133059576500957820,Princess Glitoris,,,,,,1,2,2025,2026,1
7606,2232127091662309234,Lorcan Kelly,,,,,,1,1,2026,2026,0
7607,7363555741738144997,Thom Yorke,,,,,,1,1,2019,2019,0
7608,6437173861228936858,Jamie Gunn,,,,,,1,1,2025,2025,0
7609,3642655643678104010,Sinan Alakus,,,,,,1,2,2007,2013,6
7610,220428987010228872,Funk D'Void,,,,,,1,1,2008,2008,0
7611,9179876476928821623,Thomas Lauren,,,,,,1,1,2011,2011,0
7612,3511340926351587922,Guus Christian,,,,,,1,5,2017,2022,5
7613,1700384327693943608,Yugen,,,,,,1,1,2018,2018,0
7614,2723920579873406635,Alternative Alignment,,,,,,1,1,2021,2021,0
7615,3231665328616626446,Teun Krosenbrink,,,,,,1,1,2023,2023,0
7616,2034657382162657640,Jarreau Vandal,,,,,,1,1,2024,2024,0
7617,3969499846434182869,Thijs Moors,,,,,,1,1,2024,2024,0
7618,6272361922126100671,Kendra,,,,,,1,1,2024,2024,0
7619,4062863272646699696,Oxymore,,,,,,1,1,2025,2025,0
7620,1993331748478012242,Antti Salonen,,,,,,1,2,2019,2022,3
7621,2650168044388065188,djrubio,,,,,,1,2,2019,2020,1
7622,3355520414362492662,J.Lindroos,,,,,,1,2,2019,2022,3
7623,8687390330454768894,Lauri Soini,,,,,,1,1,2019,2019,0
7624,7801291147968762818,Katerina,,,,,,1,5,2020,2026,6
7625,5752773715803431360,Desto,,,,,,1,1,2026,2026,0
7626,6196790282062153258,Mono Junk,,,,,,1,1,2026,2026,0
7627,3493426142245693297,Jay Denham,United States of America,Detroit,REGIONAL,,,1,1,2007,2007,0
7628,6454089850004866021,Anoesjka,Netherlands,Amsterdam,REGIONAL,,,1,1,2008,2008,0
7629,2751556118252017891,Museum,Netherlands,Amsterdam,REGIONAL,,,1,1,2008,2008,0
7630,331959021931021469,Ramon Remus,Germany,Berlin,REGIONAL,,,1,1,2008,2008,0
7631,3206973272386323454,Fokko,Germany,Hamburg,REGIONAL,,,1,1,2009,2009,0
7632,3669772338245537257,Ritzi Lee,Netherlands,Amsterdam,REGIONAL,,,1,2,2009,2017,8
7633,2388818742936424938,A.Paul,Portugal,Lisbon,REGIONAL,,,1,1,2010,2010,0
7634,7545227978585136255,Patrick DSP,Canada,Toronto,REGIONAL,,,1,1,2012,2012,0
7635,7334973172517307558,David Mayer,Germany,Berlin,REGIONAL,,,1,1,2013,2013,0
7636,3849536162934974399,Svetec,Hungary,Budapest,REGIONAL,,,1,1,2015,2015,0
7637,4084366821754841316,BLONDEX,Spain,Barcelona,REGIONAL,,,1,1,2025,2025,0
7638,6806316350355476752,Kasia (OFC),Poland,All,REGIONAL,,,1,1,2025,2025,0
7639,6224125512280496230,Mahmut Orhan,Turkey,Istanbul,REGIONAL,,,1,1,2026,2026,0
7640,1362167851061154119,SHE/HER,Netherlands,All,REGIONAL,,,1,1,2026,2026,0
7641,5485454444186291185,Flits,Netherlands,Amsterdam,REGIONAL,,,1,2,2024,2026,2
7642,54795653360061378,Dekmantel Soundsystem,Netherlands,Amsterdam,TOP1000,,,14,93,2008,2026,18
7643,2492606365325628948,Ryan Elliott,United States of America,Detroit,TOP1000,,,32,77,2009,2026,17
7644,7197617548169840409,Kerk!,Netherlands,Amsterdam,REGIONAL,,,3,4,2012,2015,3
7645,7728856653554740299,Chris Julien,Netherlands,Amsterdam,REGIONAL,,,2,4,2012,2012,0
7646,4959242891207899984,Jacques Greene,Canada,Montreal,TOP1000,,,5,6,2013,2016,3
7647,3170986934618392143,Thomas Martojo,Netherlands,Amsterdam,REGIONAL,,,7,92,2007,2021,14
7648,2446786670475842276,Tom Trago,Netherlands,Amsterdam,TOP1000,,,22,79,2007,2026,19
7649,2398711428289699479,Roman Flügel,Germany,Berlin,TOP1000,,,25,46,2012,2026,14
7650,4525753546121609209,Elias Mazian,Netherlands,Amsterdam,REGIONAL,,,19,52,2014,2026,12
7651,7569580549065183306,Robert Bergman,Netherlands,Amsterdam,REGIONAL,,,3,13,2014,2026,12
7652,8864371957241600587,Syracuse,France,Paris,REGIONAL,,,2,2,2015,2016,1
7653,8334337931867417628,Boo Williams,United States of America,Chicago,TOP1000,,,5,5,2017,2024,7
7654,4840432916753059902,Izabel,Australia,Melbourne,TOP1000,,,6,10,2017,2018,1
7655,1070865614749596045,Zaltan,France,Paris,REGIONAL,,,6,11,2015,2022,7
7656,2821702518433787666,Sadar Bahar,United States of America,Chicago,TOP1000,,,13,26,2009,2026,17
7657,117359647250644693,Crash Course In Science,United States of America,Pennsylvania,REGIONAL,,,1,1,2018,2018,0
7658,5796260873921388744,Kelela,United States of America,Los Angeles,TOP1000,,,5,5,2014,2018,4
7659,9019202421357167892,Marco Passarani,Italy,Central,REGIONAL,,,4,4,2017,2018,1
7660,62748978123534466,Alexander Nut,United Kingdom,Midlands,REGIONAL,,,8,29,2011,2026,15
7661,6315064539661555943,Kamma,Netherlands,Amsterdam,TOP1000,,,21,43,2017,2026,9
7662,8375223152819061989,Seun Kuti,Nigeria,All,REGIONAL,,,5,7,2015,2026,11
7663,7337193098907487442,DJ soFa,Belgium,All,REGIONAL,,,2,2,2017,2019,2
7664,5209510212317483472,upsammy,Netherlands,Amsterdam,TOP1000,,,20,44,2018,2026,8
7665,4854285412753074104,Violet (PT),Portugal,Lisbon,TOP1000,,,5,5,2019,2024,5
7666,4980727983667659584,GAIKA,United Kingdom,London,REGIONAL,,,3,4,2018,2023,5
7667,6936275337761404027,Zaliva-D,China,Beijing,REGIONAL,,,2,2,2019,2020,1
7668,9091594277291443652,D. Tiffany,Canada,Vancouver,TOP1000,,,23,42,2019,2026,7
7669,1688554167677345135,Lil Mofo,Japan,Tokyo,REGIONAL,,,2,2,2020,2023,3
7670,4990767858409521084,Low Jack,France,Paris,REGIONAL,,,7,15,2013,2023,10
7671,2495116453643948733,Or:la,Ireland,All,TOP1000,,,31,66,2016,2026,10
7672,4371264664508919695,Doudou MD,Netherlands,Amsterdam,REGIONAL,,,23,38,2022,2026,4
7673,6788865615307230081,Oli XL,Sweden,All,REGIONAL,,,3,4,2020,2025,5
7674,4158004910264116548,Andy (NL),Netherlands,Amsterdam,REGIONAL,,,3,3,2024,2026,2
7675,8875361959533343834,Seth Troxler,United States of America,Detroit,TOP1000,,,23,50,2010,2026,16
7676,4386524648291271265,SHERELLE,United Kingdom,London,REGIONAL,,,27,48,2019,2026,7
7677,586860537747794699,Stella Zekri,France,Paris,REGIONAL,,,16,19,2023,2026,3
7678,6822303064838540975,DJ SWISHA,United States of America,Pennsylvania,REGIONAL,,,3,5,2023,2026,3
7679,2271839835940514311,T.NO,Netherlands,Amsterdam,REGIONAL,,,2,4,2026,2026,0
7680,2848396038292872826,Latence,Belgium,All,REGIONAL,,,2,4,2017,2021,4
7681,6228143505068447447,Jay Clarke,United Kingdom,London,REGIONAL,,,3,6,2017,2021,4
7682,5730277209416270302,Massimo Mephisto,Belgium,All,REGIONAL,,,2,2,2018,2018,0
7683,3653643777876575311,Cuthead,Germany,Dresden,REGIONAL,,,3,4,2015,2019,4
7684,3156390335593437784,Fernando Costantini,Belgium,All,REGIONAL,,,2,2,2019,2026,7
7685,8794431376184329084,DC Salas,Belgium,All,REGIONAL,,,6,13,2017,2025,8
7686,5987016043353047192,Dr. Rubinstein,Germany,Berlin,TOP1000,,,21,38,2017,2026,9
7687,213339144299391204,Zeta Lys,Netherlands,Amsterdam,REGIONAL,,,4,4,2021,2022,1
7688,1466486181485279145,Peter Van Hoesen,Belgium,All,TOP1000,,,11,17,2012,2024,12
7689,9150915435411686260,Dasha Rush,,,TOP1000,,,16,29,2014,2026,12
7690,1611098151222019197,dj sweet6teen,Germany,Cologne,REGIONAL,,,27,46,2022,2026,4
7691,2110916646006159198,Nørbak,Portugal,Porto,REGIONAL,,,3,4,2023,2026,3
7692,7150736023350504512,Quelza,France,Paris,REGIONAL,,,13,20,2023,2026,3
7693,1881905191141707953,stranger (NL),Netherlands,Rotterdam,REGIONAL,,,12,25,2016,2026,10
7694,7598217009080885259,Eliott Litrowski,France,Paris,REGIONAL,,,4,4,2023,2023,0
7695,4679526158332360853,JASSS,Spain,North,TOP1000,,,19,36,2018,2026,8
7696,6123153793935224245,ASEC,Germany,Berlin,REGIONAL,,,1,1,2024,2024,0
7697,705925056763339403,Mickey,Germany,Stuttgart,REGIONAL,,,1,1,2024,2024,0
7698,4718864447448893253,SPFDJ,Sweden,All,TOP1000,,,21,48,2018,2026,8
7699,6369395934485666591,Danielle,United Kingdom,London,REGIONAL,,,28,45,2018,2026,8
7700,3527734425852191274,Binh,Germany,Berlin,TOP1000,,,12,28,2017,2026,9
7701,6600984279991050516,Adrian Mills,Germany,Karlsruhe,REGIONAL,,,7,8,2025,2026,1
7702,5826837385075899631,Bambi (FR),France,Paris,REGIONAL,,,4,17,2024,2026,2
7703,6662241510209761693,Kode9,United Kingdom,Scotland,TOP1000,,,19,25,2012,2026,14
7704,7505562730073611242,BORED BOUDDHA,Belgium,Brussels,REGIONAL,,,1,1,2025,2025,0
7705,5099537881975861638,DJ MELL G,Germany,Hamburg,REGIONAL,,,10,13,2022,2025,3
7706,3970945878756783643,Melissa Juice,Belgium,Brussels,REGIONAL,,,5,11,2023,2026,3
7707,4156015101120421144,Pariah,United Kingdom,London,TOP1000,,,23,40,2010,2026,16
7708,7184753781283164912,¥ØU$UK€ ¥UK1MAT$U,Japan,Kansai,REGIONAL,,,7,9,2023,2026,3
7709,4042193993302952324,Markus Suckut,Germany,Dortmund / Essen,REGIONAL,,,2,3,2025,2025,0
7710,8772585066438110351,1morning,United States of America,Los Angeles,REGIONAL,,,4,4,2026,2026,0
7711,7570114152347879767,Regal86,Mexico,Mexico City,REGIONAL,,,3,3,2024,2026,2
7712,1678321854106779012,Special Request,United Kingdom,London,REGIONAL,,,23,43,2014,2026,12
7713,2382938139580375051,Agonis,Switzerland,All,REGIONAL,,,1,1,2026,2026,0
7714,3528471624510406014,Azu Tiwaline,France,South West,REGIONAL,,,11,15,2018,2026,8
7715,2611400749689456190,Christian Coiffure,France,Lyon,REGIONAL,,,4,5,2019,2026,7
7716,6906709005469229402,Jan Loup,France,South East,REGIONAL,,,5,6,2021,2026,5
7717,77307457488089884,Nono Gigsta,Belgium,All,TOP1000,,,7,8,2023,2026,3
7718,7734718867683739670,Slowfoam,United States of America,Seattle,REGIONAL,,,1,1,2026,2026,0
7719,5358770838028375825,Théo Muller,France,West,REGIONAL,,,3,5,2013,2026,13
7720,5637809865081946891,Felix Lücke,Germany,Darmstadt,REGIONAL,,,1,3,2024,2026,2
7721,4660513768854452497,Karine,Ukraine,Kyiv,REGIONAL,,,4,6,2023,2026,3
7722,795844798264033144,MIC (10),Germany,Berlin,REGIONAL,,,1,4,2024,2026,2
7723,3287925902779505376,Astral Travel,Germany,Berlin,REGIONAL,,,2,2,2022,2025,3
7724,4593716211450969382,Ben Balance,Germany,Mannheim,REGIONAL,,,2,4,2019,2026,7
7725,1618567804557845131,Frozilla,Germany,Frankfurt,REGIONAL,,,1,2,2025,2026,1
7726,5742530428024703119,Liou,Greece,All,REGIONAL,,,1,2,2025,2026,1
7727,2934087996343947230,oddist,Romania,Bucharest,REGIONAL,,,1,2,2025,2026,1
7728,2385168647616055342,Reign Of Time,Greece,All,REGIONAL,,,1,2,2025,2026,1
7729,4163441205681564917,Stratos (2),Greece,All,REGIONAL,,,1,1,2025,2025,0
7730,7353136219547264246,Unai Trotti,United Kingdom,London,REGIONAL,,,13,31,2018,2026,8
7731,1635831210479407058,Vera,Germany,Augsburg,TOP1000,,,9,18,2017,2026,9
7732,2984714453242662784,Z@p,Uruguay,Montevideo,REGIONAL,,,8,11,2019,2026,7
7733,7954318730022205882,Liburn,Kosovo,All,REGIONAL,,,1,1,2026,2026,0
7734,8559238970710815910,Foehn,,,,,,3,3,2026,2026,0
7735,825931859868966853,Gōdō,Italy,Central,REGIONAL,,,1,1,2026,2026,0
7736,6383642020501292900,SpaceWax,Germany,Düsseldorf,REGIONAL,,,1,1,2026,2026,0
7737,8355904962684054640,Volkan Akin,,,REGIONAL,,,1,1,2026,2026,0
7738,2747657157661604197,Beastie,Italy,Venice,REGIONAL,,,1,1,2019,2019,0
7739,8225853216332886110,BELLA (NL),Netherlands,Amsterdam,REGIONAL,,,9,19,2022,2026,4
7740,5550376679097394321,Scarlett O'Malley,United Kingdom,London,REGIONAL,,,13,25,2021,2026,5
7741,5186232253737475190,Justine Perry,France,Paris,REGIONAL,,,4,4,2023,2025,2
7742,1450753151125788757,Monile,Morocco,All,REGIONAL,,,4,6,2023,2026,3
7743,2598951663011928505,Sonja Moonear,Switzerland,All,TOP1000,,,27,63,2008,2026,18
7744,1557673804255857648,Without Letters,Lithuania,All,REGIONAL,,,1,3,2015,2019,4
7745,3281815372516941181,Auren,Lithuania,All,REGIONAL,,,1,4,2015,2019,4
7746,5446972848243306489,Mana Wizard,Germany,Hamburg,REGIONAL,,,1,1,2015,2015,0
7747,7176806649069815667,ZUURB,Germany,Berlin,REGIONAL,,,1,1,2015,2015,0
7748,1547382538796286702,Spatial,United Kingdom,London,REGIONAL,,,2,2,2010,2016,6
7749,1278404731463416911,RifRaf,Germany,Berlin,REGIONAL,,,1,1,2019,2019,0
7750,6860044417055707746,Edessey,Latvia,All,REGIONAL,,,1,1,2019,2019,0
7751,8128206550808041960,Virtual Geisha,Poland,All,REGIONAL,,,1,1,2022,2022,0
7752,2513869255001183721,DJ Seinfeld,Sweden,Malmo,TOP1000,,,17,30,2017,2026,9
7753,1774019442589051719,Robert Henke,Germany,Berlin,REGIONAL,,,2,2,2023,2024,1
7754,7782923954737493626,Ruenge,Hungary,Budapest,REGIONAL,,,1,2,2023,2024,1
7755,9004430036234721673,Klayman,Hungary,All,REGIONAL,,,1,1,2023,2023,0
7756,531203472052843035,Falcao,Hungary,All,REGIONAL,,,1,1,2023,2023,0
7757,6485807586111184908,Dork,Hungary,Budapest,REGIONAL,,,1,2,2023,2025,2
7758,7649442754606229802,Ancient Methods,Germany,Berlin,TOP1000,,,4,5,2017,2024,7
7759,4628938177279946564,Schacke,Denmark,Copenhagen,TOP1000,,,5,8,2013,2026,13
7760,7018944233113394677,Kiqo,Hungary,All,REGIONAL,,,1,1,2024,2024,0
7761,562158083932911703,Sikztah,Hungary,All,REGIONAL,,,1,2,2024,2026,2
7762,3854325824851705438,Mankind,Hungary,All,REGIONAL,,,1,1,2024,2024,0
7763,7485210533132533577,Boston 168,Italy,North,TOP1000,,,5,7,2017,2024,7
7764,6231116929672554285,Cryptofauna,Germany,Berlin,REGIONAL,,,1,1,2025,2025,0
7765,8469850229246334331,Madmatik,Italy,South,REGIONAL,,,1,1,2025,2025,0
7766,6244185484392311594,THIRD 2HIFT,Hungary,Budapest,REGIONAL,,,1,1,2025,2025,0
7767,6969661187191182339,Kalte Liebe,Germany,Berlin,REGIONAL,,,2,2,2025,2026,1
7768,4933601515674593476,Dorota,Hungary,Budapest,REGIONAL,,,1,1,2026,2026,0
7769,1414736316684723851,AAPAES,Spain,East,REGIONAL,,,2,10,2017,2025,8
7770,6158733001606137602,Boranimals,Spain,Valencia,REGIONAL,,,2,11,2017,2026,9
7771,8935621637799420095,Wise Men Project,Spain,East,REGIONAL,,,1,1,2017,2017,0
7772,8958153056633306870,Pépe,Spain,Barcelona,REGIONAL,,,2,4,2019,2025,6
7773,5994011372237233895,ildec,Spain,Ibiza,REGIONAL,,,1,1,2023,2023,0
7774,8804017620620370482,Alex Pott,Spain,Barcelona,REGIONAL,,,2,8,2023,2026,3
7775,8101729705180182543,blan.trrs,Spain,Valencia,REGIONAL,,,1,2,2024,2025,1
7776,2731000433562582769,DJ Koolt,Uruguay,All,REGIONAL,,,8,14,2020,2026,6
7777,6007918001577347301,The Basement Soundsystem,Spain,East,REGIONAL,,,1,2,2024,2024,0
7778,2041108919187171816,O.BEE,Turkey,Istanbul,REGIONAL,,,8,27,2018,2026,8
7779,8682918747566521164,Zip,Germany,Berlin,TOP1000,,,13,32,2005,2026,21
7780,903477446258471896,Stipo,Austria,Vienna,REGIONAL,,,4,5,2022,2025,3
7781,242185259176188301,Apple B,United Kingdom,London,REGIONAL,,,4,7,2023,2025,2
7782,1970773642610384070,Swin,United Kingdom,Newcastle,REGIONAL,,,1,1,2025,2025,0
7783,1588052985081189222,Chae,South Korea,All,REGIONAL,,,1,1,2026,2026,0
7784,4577689625672970865,Nögue,Spain,Barcelona,REGIONAL,,,1,1,2026,2026,0
7785,5793041336386990567,Flo Massé,Brazil,Rio de Janeiro,REGIONAL,,,7,15,2023,2026,3
7786,4763419950511329207,Giorgio Maulini,Switzerland,All,REGIONAL,,,1,1,2026,2026,0
7787,274942026328920091,Jorge Escribano,Spain,South,REGIONAL,,,1,1,2026,2026,0
7788,6418419845700733464,Lazystep,Dominican Republic,All,REGIONAL,,,1,1,2026,2026,0
7789,3341848471678712573,Le Nomad,Spain,Madrid,REGIONAL,,,1,1,2026,2026,0
7790,7323406954906542930,Mayell,Slovenia,All,REGIONAL,,,8,17,2019,2026,7
7791,8492611581388924969,Perro Jimbo,Italy,Bologna,REGIONAL,,,3,3,2023,2026,3
7792,3777187310367903602,SILVIä,Spain,Barcelona,REGIONAL,,,1,1,2026,2026,0
7793,5000781476042829910,Umberto,Lebanon,All,REGIONAL,,,1,1,2026,2026,0
7794,7018013272153442638,Nelly (NL),Netherlands,Amsterdam,REGIONAL,,,9,17,2022,2025,3
7795,3057981479863677119,New Young Pony Club,United Kingdom,London,REGIONAL,,,1,1,2007,2007,0
7796,426619005584479009,Anthony Rother,Germany,Frankfurt,REGIONAL,,,4,7,2007,2026,19
7797,1641673481279781518,Basement Jaxx,United Kingdom,London,TOP1000,,,2,5,2007,2023,16
7798,8827696107408019388,Dizzee Rascal,United Kingdom,London,REGIONAL,,,3,6,2007,2016,9
7799,8748639076982608499,Pendulum,United Kingdom,London,REGIONAL,,,3,6,2007,2026,19
7800,57714282292312165,Calyx,United Kingdom,London,REGIONAL,,,2,4,2007,2013,6
7801,5645741851835815541,MGMT,,,,,,2,2,2008,2018,10
7802,7811557811858627295,Midnight Juggernauts,Australia,Melbourne,REGIONAL,,,1,1,2008,2008,0
7803,2850947156658950456,Le Le,Netherlands,Amsterdam,REGIONAL,,,2,2,2008,2024,16
7804,3361410571106449953,Róisín Murphy,United Kingdom,London,REGIONAL,,,5,5,2008,2025,17
7805,2694964051222396031,Arctic Monkeys,,,,,,1,2,2009,2011,2
7806,2181943018016346006,Peaches,Germany,Berlin,REGIONAL,,,2,2,2009,2016,7
7807,2139699616013750319,PONY,Netherlands,All,REGIONAL,,,1,1,2009,2009,0
7808,5046438620093672081,Pilooski,France,Paris,REGIONAL,,,2,5,2008,2010,2
7809,9176899019526490077,Jaga Jazzist,Norway,All,REGIONAL,,,1,1,2010,2010,0
7810,8873108797885972306,Sven,,,,,,2,3,2008,2010,2
7811,7751979316844109200,Tame Impala,Australia,Adelaide,REGIONAL,,,1,3,2010,2015,5
7812,4879307014117705953,Little Dragon,Sweden,All,REGIONAL,,,8,13,2011,2023,12
7813,4475102844652461126,Dem Slackers,Netherlands,Utrecht,REGIONAL,,,1,1,2011,2011,0
7814,4390363418693481749,Function,United States of America,New York City,TOP1000,,,12,20,2005,2026,21
7815,8567040405664160026,III,,,,,,1,1,2011,2011,0
7816,6433772044914400075,AZARI,Canada,Toronto,REGIONAL,,,1,1,2011,2011,0
7817,2226735832798724611,Beardyman,United Kingdom,London,REGIONAL,,,2,2,2010,2011,1
7818,4402806980611089502,Light Asylum,United States of America,New York City,REGIONAL,,,2,3,2012,2013,1
7819,6178434317894600860,DJ Spinn,United States of America,Chicago,TOP1000,,,4,5,2012,2026,14
7820,1986181498823449955,Scuba,United Kingdom,London,TOP1000,,,11,29,2010,2024,14
7821,1870059567356198471,Evian Christ,United Kingdom,Liverpool,REGIONAL,,,5,8,2013,2026,13
7822,2862394717597424611,Baauer,United States of America,New York City,REGIONAL,,,1,2,2013,2015,2
7823,8222066113801373673,Kendrick Lamar,,,,,,1,2,2013,2018,5
7824,1594921583270556195,Batida,Portugal,Lisbon,REGIONAL,,,2,2,2015,2015,0
7825,3124968133151926495,Mefjus,Austria,All,REGIONAL,,,2,4,2015,2019,4
7826,5639333091893104921,What So Not,Australia,Sydney,REGIONAL,,,2,2,2015,2017,2
7827,2969884399892796690,M83,France,South East,REGIONAL,,,1,1,2016,2016,0
7828,6893568936696900305,Giraffage,United States of America,San Francisco/Oakland,REGIONAL,,,1,1,2016,2016,0
7829,1749859760991149460,Sevn,Canada,Montreal,REGIONAL,,,1,1,2016,2016,0
7830,3554500580904977675,The Range,United States of America,New York City,REGIONAL,,,1,1,2016,2016,0
7831,469852450406325000,Talaboman,,,REGIONAL,,,6,6,2014,2026,12
7832,5470546136827569851,Map.ache,Germany,Leipzig,TOP1000,,,8,24,2017,2026,9
7833,5300274220186453238,Romare,United Kingdom,London,REGIONAL,,,10,15,2013,2025,12
7834,1547800105550571030,Red Axes,Israel,All,TOP1000,,,15,33,2016,2025,9
7835,73327651266407843,Born in Flamez,Germany,Berlin,REGIONAL,,,1,1,2018,2018,0
7836,175024780207375801,Eefje de Visser,Netherlands,Utrecht,REGIONAL,,,2,2,2020,2022,2
7837,5440947627320417033,DJ Normal 4,Germany,Düsseldorf,REGIONAL,,,3,3,2018,2022,4
7838,8753990020732886137,phlp.,Bulgaria,All,REGIONAL,,,1,1,2022,2022,0
7839,2969036626158631214,velibor,Bulgaria,All,REGIONAL,,,1,3,2022,2026,4
7840,3672435252595294077,Svet,United Kingdom,North,REGIONAL,,,1,1,2022,2022,0
7841,188397698727436096,Raya (2),Bulgaria,All,REGIONAL,,,1,3,2023,2026,3
7842,1153677965426969664,Zeina,Egypt,All,REGIONAL,,,3,3,2023,2026,3
7843,7544182625752644273,Caim,Netherlands,The Hague,REGIONAL,,,4,4,2019,2026,7
7844,562431396264195413,Dragos Ilici,Romania,Bucharest,REGIONAL,,,1,1,2024,2024,0
7845,9016483563350586703,Ferro,Netherlands,Amsterdam,REGIONAL,,,8,15,2014,2024,10
7846,6755954859469464401,Adi (CO),Colombia,Bogotá,REGIONAL,,,11,19,2021,2026,5
7847,6806755599439180711,Ramadanman,United Kingdom,London,REGIONAL,,,2,14,2008,2011,3
7848,5260837754322515046,Jenna G,United Kingdom,Manchester,REGIONAL,,,1,4,2010,2024,14
7849,1083862468974211228,Lojik,United Kingdom,West + Wales,REGIONAL,,,2,6,2010,2015,5
7850,3155252363283474633,Trip To Zion,Croatia,All,REGIONAL,,,1,4,2010,2010,0
7851,1864299448819260475,Flowdan,United Kingdom,London,REGIONAL,,,6,24,2011,2026,15
7852,925314517502319632,Tessela,United Kingdom,West + Wales,REGIONAL,,,8,12,2012,2019,7
7853,6487439981305767793,Nathan Fake,United Kingdom,South + East,REGIONAL,,,8,12,2006,2026,20
7854,3180964533975970561,Joel Mull,Sweden,All,TOP1000,,,9,13,2008,2025,17
7855,8001800486168709443,Auntie Flo,United Kingdom,Scotland,REGIONAL,,,13,28,2012,2022,10
7856,8665878857332007855,Lorca,United Kingdom,London,REGIONAL,,,2,2,2012,2012,0
7857,8882693186493144692,Pezzner,United States of America,Seattle,REGIONAL,,,2,2,2012,2012,0
7858,4635234172015730930,Jah Shaka,Jamaica,All,REGIONAL,,,5,11,2012,2023,11
7859,2557687489542408023,The Prototypes,United Kingdom,South + East,REGIONAL,,,1,1,2012,2012,0
7860,5420542629821148459,Illum Sphere,United Kingdom,North,REGIONAL,,,4,4,2012,2019,7
7861,1515426157813944068,J:Kenzo,United Kingdom,South + East,REGIONAL,,,1,12,2012,2026,14
7862,6236184173947943687,Commodo,United Kingdom,North,REGIONAL,,,4,20,2012,2026,14
7863,7937819186630166012,Dub Boy,United Kingdom,West + Wales,REGIONAL,,,2,3,2012,2014,2
7864,7094164963297409427,Parris,United Kingdom,London,REGIONAL,,,14,32,2015,2026,11
7865,5961850112278201896,Sim Simma,Ireland,All,REGIONAL,,,1,1,2015,2015,0
7866,6601645370928133352,Wiley,United Kingdom,London,REGIONAL,,,2,3,2015,2015,0
7867,7023873045626244173,Miss Red,Israel,All,REGIONAL,,,3,6,2015,2020,5
7868,7744147212409669053,Sherwood,,,,,,1,1,2015,2015,0
7869,2739418459528239445,Kenny Ken,United Kingdom,London,REGIONAL,,,1,4,2015,2019,4
7870,4860908650704296250,Novelist,United Kingdom,London,REGIONAL,,,6,12,2015,2026,11
7871,4197670109347807351,Xtrah,United Kingdom,London,REGIONAL,,,1,1,2015,2015,0
7872,8500603307626281358,Logan Sama,United Kingdom,South + East,REGIONAL,,,2,3,2014,2015,1
7873,8141899590244170252,Hybris,Czech Republic,All,REGIONAL,,,1,1,2015,2015,0
7874,3365652949562426371,DJ Q,United Kingdom,North,REGIONAL,,,2,3,2014,2017,3
7875,5138309931232591984,Dom,,,,,,1,1,2016,2016,0
7876,3013720517979799533,Eva Lazarus,United Kingdom,West + Wales,REGIONAL,,,2,12,2016,2025,9
7877,4252755165114244210,Hucci,United Kingdom,South + East,REGIONAL,,,1,1,2016,2016,0
7878,8019667900730910946,Josey Rebelle,United Kingdom,London,TOP1000,,,24,67,2014,2026,12
7879,8441790248139535757,Madam X,United Kingdom,London,TOP1000,,,6,17,2016,2024,8
7880,4042143051318597973,SHIVERS,Australia,Sydney,REGIONAL,,,1,1,2016,2016,0
7881,3718496483472288602,BUKEZ FINEZT,Germany,Berlin,REGIONAL,,,1,2,2017,2023,6
7882,7302481525336045185,Trigga,United Kingdom,London,REGIONAL,,,2,3,2017,2017,0
7883,7203001614778114368,Ocean Wisdom,United Kingdom,South + East,REGIONAL,,,2,3,2017,2019,2
7884,7308567982643606974,Metrodome,United Kingdom,Manchester,REGIONAL,,,1,1,2018,2018,0
7885,7620978981049976655,Chad Dubz,United Kingdom,Bristol,REGIONAL,,,1,6,2018,2024,6
7886,2940202316601548181,Skepsis,United Kingdom,London,REGIONAL,,,3,4,2018,2022,4
7887,1606149681074793252,Lazcru,United Kingdom,Midlands,REGIONAL,,,2,3,2018,2022,4
7888,7628057156692527019,Nomine,Germany,Berlin,REGIONAL,,,1,2,2018,2018,0
7889,7463864175410002107,Tash LC,United Kingdom,London,TOP1000,,,19,42,2018,2026,8
7890,5957334670723980644,Boylan,United Kingdom,London,REGIONAL,,,1,3,2018,2023,5
7891,4413817171083166294,Hybrid Minds,United Kingdom,London,REGIONAL,,,3,5,2019,2025,6
7892,1919406012405839855,Dayzero,Japan,Tokyo,REGIONAL,,,1,1,2019,2019,0
7893,3375592686910139127,Bukkha,Spain,North,REGIONAL,,,1,1,2022,2022,0
7894,2506809593598996701,Channel One,Ireland,Dublin,REGIONAL,,,4,12,2020,2026,6
7895,3910901837082250715,Enada,United Kingdom,Bristol,REGIONAL,,,1,3,2022,2023,1
7896,5649231379602612967,Mystic State,United Kingdom,Bristol,REGIONAL,,,2,2,2019,2022,3
7897,4776665554195313715,Naina,United Kingdom,London,REGIONAL,,,2,5,2022,2025,3
7898,5702151601097463858,Sugar,Denmark,Copenhagen,REGIONAL,,,2,2,2020,2022,2
7899,7854231621674618575,Ternion Sound,United States of America,Minneapolis/St Paul,REGIONAL,,,1,1,2022,2022,0
7900,5853066887651479537,Sam Wise,United Kingdom,London,REGIONAL,,,2,2,2020,2022,2
7901,8366331624486880587,Beneath,United Kingdom,London,REGIONAL,,,2,2,2022,2022,0
7902,7575418313584079419,Mina,United Kingdom,London,REGIONAL,,,4,4,2019,2024,5
7903,3416117544219167299,Ploy,United Kingdom,London,REGIONAL,,,9,19,2018,2026,8
7904,9158645455257952534,Spooky (UK),United Kingdom,South + East,REGIONAL,,,1,1,2022,2022,0
7905,8504855623868842297,Stevie Cox,United Kingdom,Manchester,REGIONAL,,,8,12,2019,2026,7
7906,760879463903759068,Anikonik,United Kingdom,Scotland,REGIONAL,,,1,1,2022,2022,0
7907,820710674828193304,Danny T,,,,,,1,1,2022,2022,0
7908,1499246444644923083,EVABEE,United Kingdom,London,REGIONAL,,,1,1,2022,2022,0
7909,7400138743318409194,NikNak,United Kingdom,Leeds,REGIONAL,,,3,8,2022,2026,4
7910,4007865758197058611,Sweetpea,United Kingdom,London,REGIONAL,,,1,3,2022,2024,2
7911,2048862463934428311,Tyrant,United Kingdom,London,REGIONAL,,,1,1,2022,2022,0
7912,9093641430767028665,Amor Satyr,France,Paris,REGIONAL,,,9,12,2023,2026,3
7913,5193605738637466968,Itoa,United Kingdom,London,REGIONAL,,,3,4,2019,2024,5
7914,7600622148586927817,Yaw Evans,United Kingdom,London,REGIONAL,,,2,3,2023,2026,3
7915,3278609545420343059,dogger,United Kingdom,London,REGIONAL,,,1,1,2024,2024,0
7916,6049343880847542828,Jay Carder,United Kingdom,London,REGIONAL,,,10,26,2019,2026,7
7917,8976657103372462558,Scratcha,United Kingdom,London,REGIONAL,,,1,2,2024,2026,2
7918,6505678709654853877,Toumba,Jordan,All,REGIONAL,,,3,4,2024,2025,1
7919,204605339218443895,DJ Ammi,United Kingdom,Bristol,REGIONAL,,,2,3,2023,2024,1
7920,886992055712478615,Truant (UK),United Kingdom,London,REGIONAL,,,1,2,2024,2025,1
7921,3099292350438089581,Cosaco,Poland,All,REGIONAL,,,1,1,2024,2024,0
7922,196852537566516,RONI,France,Paris,REGIONAL,,,11,13,2019,2026,7
7923,6711026997375772517,Carré,United States of America,California,REGIONAL,,,5,6,2025,2026,1
7924,5641013523625816563,ESC (5),United Kingdom,London,REGIONAL,,,2,2,2025,2025,0
7925,3264324622626120364,Jammz,United Kingdom,London,REGIONAL,,,1,2,2025,2026,1
7926,7549636068281544823,Missy P,United Kingdom,London,REGIONAL,,,3,3,2022,2025,3
7927,8408197438622637041,Charlie P,United Kingdom,London,REGIONAL,,,2,3,2025,2026,1
7928,508772514573838802,iarna,Romania,All,REGIONAL,,,1,1,2025,2025,0
7929,5725760153536703779,Roy Don,United Kingdom,London,REGIONAL,,,1,1,2025,2025,0
7930,5831307843663824188,Toura,United Kingdom,South + East,REGIONAL,,,1,1,2025,2025,0
7931,1246221414284154700,Doctor Jeep,United States of America,New York City,REGIONAL,,,2,3,2025,2026,1
7932,3773537268841022005,Nahoomie,Spain,Barcelona,REGIONAL,,,3,8,2022,2026,4
7933,7102781295006495590,frankydrama,Spain,Madrid,REGIONAL,,,1,1,2025,2025,0
7934,5405601173961765481,TRACTION CONTROL,Malaysia,Kuala Lumpur,REGIONAL,,,1,1,2025,2025,0
7935,1613796155618265102,Cyrus,United States of America,Los Angeles,REGIONAL,,,1,1,2026,2026,0
7936,5767870349324357522,Double Clapperz,Japan,Tokyo,REGIONAL,,,1,1,2026,2026,0
7937,8328438909928099195,goldie (2),Germany,Hesse,REGIONAL,,,1,1,2026,2026,0
7938,5327556074657760160,KISA,United Kingdom,London,REGIONAL,,,2,2,2023,2026,3
7939,2053169313482468502,Oolongbru,Czech Republic,Prague,REGIONAL,,,1,1,2026,2026,0
7940,5059265260836295225,Salo (2),Canada,Montreal,REGIONAL,,,1,1,2026,2026,0
7941,7372104550138602598,Yan (5),South Korea,Seoul,REGIONAL,,,1,1,2026,2026,0
7942,6836554950065178219,Ben Oakland,United Kingdom,West + Wales,REGIONAL,,,1,8,2017,2019,2
7943,8218741273132738988,AZAAD,United Kingdom,London,REGIONAL,,,2,8,2019,2025,6
7944,5816397673582227563,Tom McRae,United Kingdom,London,REGIONAL,,,1,2,2019,2019,0
7945,5256160288820793335,Oden,France,Paris,REGIONAL,,,5,12,2020,2026,6
7946,3165222417637032823,Ralph Bazaar,United Kingdom,London,REGIONAL,,,2,3,2021,2025,4
7947,8218323949856722265,Leo Pol,France,Paris,REGIONAL,,,6,7,2017,2026,9
7948,7501186914093689209,Harrison BDP,United Kingdom,West + Wales,REGIONAL,,,2,2,2021,2024,3
7949,6702263995311228309,Dale Mussington,United Kingdom,London,REGIONAL,,,3,13,2019,2026,7
7950,5994800637400907070,Ella Fayden,United Kingdom,London,REGIONAL,,,2,3,2021,2026,5
7951,2030145280357578791,Dungeon Meat,United Kingdom,London,REGIONAL,,,6,11,2022,2026,4
7952,509810113127440776,Sarah Story,United Kingdom,London,REGIONAL,,,4,7,2023,2025,2
7953,2009244657301374089,Miss Monique,Ukraine,All,REGIONAL,,,6,13,2023,2026,3
7954,4541061491406903828,Move D,Germany,Mannheim,TOP1000,,,23,75,2007,2026,19
7955,3147532423526528912,Louise Chen,Luxembourg,All,TOP1000,,,10,13,2018,2025,7
7956,8263643635638352318,Max Dean,United Kingdom,London,REGIONAL,,,6,13,2023,2026,3
7957,3063020562660327759,Ysanne,United Kingdom,London,REGIONAL,,,9,19,2021,2026,5
7958,3296911735012108110,Jordan Vickors,United Kingdom,London,REGIONAL,,,1,4,2024,2025,1
7959,1282089440727845292,Mother Earth,United Kingdom,London,REGIONAL,,,7,11,2022,2025,3
7960,148549902104863997,Keefy G,United Kingdom,Leeds,REGIONAL,,,1,1,2025,2025,0
7961,8888130777970727194,TSHA,United Kingdom,London,REGIONAL,,,14,23,2019,2026,7
7962,3744506979514345157,Neviks,United Kingdom,London,REGIONAL,,,1,1,2025,2025,0
7963,7746202181437919053,Tilli Murphy,United Kingdom,London,REGIONAL,,,3,5,2025,2026,1
7964,8297307267224852717,Robson Hulks,United Kingdom,South + East,REGIONAL,,,2,2,2025,2025,0
7965,1948165403186397073,Jamie Jones,United Kingdom,London,TOP1000,,,8,28,2012,2026,14
7966,464281612246864803,Mau BB,Spain,Barcelona,REGIONAL,,,1,1,2026,2026,0
7967,1366870548148153236,Jean Talu,United States of America,Los Angeles,REGIONAL,,,1,2,2018,2019,1
7968,2501977093245641662,Juan Ramos,United States of America,Connecticut,REGIONAL,,,4,5,2019,2024,5
7969,132478828346894790,ABI (FR),France,Paris,REGIONAL,,,4,4,2019,2025,6
7970,5291622495968455349,Robert,,,,,,1,1,2019,2019,0
7971,6573752205941963944,Nathan Melja,France,Paris,REGIONAL,,,1,4,2020,2022,2
7972,7061879345196568410,Dorisburg,Sweden,All,TOP1000,,,8,11,2016,2026,10
7973,385319993173634071,Ani Kvirkvelia,Georgia,Tbilisi,REGIONAL,,,1,1,2022,2022,0
7974,2347640783321791752,Hawa Sarita,France,Paris,REGIONAL,,,1,2,2022,2023,1
7975,5718237118768762082,Bolivar,United States of America,New York City,REGIONAL,,,1,1,2022,2022,0
7976,2135030606684156235,Khey Mysterio,France,Paris,REGIONAL,,,1,2,2022,2024,2
7977,1247008285751837433,Síofra,Ireland,Dublin,REGIONAL,,,4,5,2022,2025,3
7978,9010088368232130803,Lola Haro,Belgium,Antwerp,REGIONAL,,,18,45,2019,2026,7
7979,6818485106220212916,Aleksi Perälä,Finland,All,REGIONAL,,,8,16,2017,2025,8
7980,263528356895948015,Louison,France,Paris,REGIONAL,,,3,10,2023,2026,3
7981,5966664553683784360,Cristofeu,France,Paris,REGIONAL,,,1,1,2023,2023,0
7982,455700241750407850,DJ Netburner,Australia,Melbourne,REGIONAL,,,1,1,2024,2024,0
7983,6433731173586685759,Mabel,Australia,Melbourne,REGIONAL,,,2,3,2024,2024,0
7984,5070069849952563253,Charlou,France,Paris,REGIONAL,,,1,1,2025,2025,0
7985,1833880217334113299,131bpm,,,REGIONAL,,,2,2,2025,2025,0
7986,6434024788599618307,Mars O10C,France,Paris,REGIONAL,,,2,10,2025,2026,1
7987,7972126375050354999,Javier Salazar,France,South West,REGIONAL,,,2,5,2025,2026,1
7988,4608127785244384808,Toé (1),France,Lyon,REGIONAL,,,2,2,2025,2026,1
7989,3043177341590570885,EliseThere,Belgium,Brussels,REGIONAL,,,2,4,2025,2026,1
7990,7297869484572392776,Mr CardBoard,France,Central,REGIONAL,,,1,2,2016,2016,0
7991,4248864168034461782,Horkulak,Germany,Berlin,REGIONAL,,,1,1,2016,2016,0
7992,1265816296625523694,Mihigh,Romania,All,REGIONAL,,,1,2,2016,2016,0
7993,8830258661746505392,Ormind,France,Paris,REGIONAL,,,1,2,2016,2016,0
7994,1829752621726959621,Akzidance,France,Marseille,REGIONAL,,,1,1,2017,2017,0
7995,7289328220081841553,Eva Peel,France,Paris,REGIONAL,,,1,1,2017,2017,0
7996,3658977556579427514,Iorie,Germany,Berlin,REGIONAL,,,1,1,2017,2017,0
7997,8485311085689081295,Gottlieb Scheppert,Germany,Berlin,REGIONAL,,,1,1,2017,2017,0
7998,6013359814318008389,Deborah Aime La Bagarre,France,West,REGIONAL,,,2,3,2024,2026,2
7999,5688979393341050231,JKS,France,Paris,REGIONAL,,,1,1,2025,2025,0
8000,1148708544329579405,Hermeth,Switzerland,Geneva,REGIONAL,,,1,1,2025,2025,0
8001,1136609329943867139,Kim (FR),France,French Riviera,REGIONAL,,,1,2,2025,2025,0
8002,2688874694025420817,Roan,France,East,REGIONAL,,,1,1,2025,2025,0
8003,2618455885099392972,ERAM (BR),Brazil,All,REGIONAL,,,1,1,2025,2025,0
8004,3127246242922663500,Slow PSTL,France,East,REGIONAL,,,1,1,2026,2026,0
8005,7969468471798821407,Sonia Michigan,France,Paris,REGIONAL,,,1,1,2026,2026,0
8006,6589457964705933848,Olynde,France,Bordeaux,REGIONAL,,,1,1,2026,2026,0
8007,2673454025852739266,Louisa Sonn,France,Central,REGIONAL,,,1,1,2026,2026,0
8008,7453382717361629206,Decoder,United States of America,Dallas/Fort Worth,REGIONAL,,,6,6,2025,2026,1
8009,8652100102203094713,Aletha,United Kingdom,Leeds,REGIONAL,,,8,22,2019,2026,7
8010,1036331983479539653,Yambow,France,Paris,REGIONAL,,,1,1,2026,2026,0
8011,640994079225865649,Penelope (2),Sweden,All,REGIONAL,,,2,2,2025,2026,1
8012,2250404002809748159,LLY,France,Paris,REGIONAL,,,1,1,2026,2026,0
8013,7596844500146160645,ELA,Italy,North,REGIONAL,,,1,1,2026,2026,0
8014,4264566608288803614,Baz (1),United Kingdom,Glasgow,REGIONAL,,,1,1,2026,2026,0
8015,2130906452923432040,Steve Motto,Netherlands,The Hague,REGIONAL,,,1,1,2018,2018,0
8016,6712396143105974704,Le Romph,,,,,,1,1,2018,2018,0
8017,1804497836179474020,Spekki Webu,Netherlands,Rotterdam,REGIONAL,,,17,46,2018,2026,8
8018,8380205561629545167,DJ Sotofett,Norway,All,TOP1000,,,5,5,2016,2026,10
8019,1920865080383121071,Broken English Club,United Kingdom,London,TOP1000,,,3,4,2018,2019,1
8020,3537172941560156438,Ron Morelli,United States of America,New York City,TOP1000,,,9,23,2013,2024,11
8021,5218477478821571396,Umwelt,France,Lyon,REGIONAL,,,5,11,2017,2024,7
8022,3047048494330984946,Jeans (NL),Netherlands,The Hague,REGIONAL,,,7,14,2019,2026,7
8023,3774493299517272557,Paula Tape,Chile,Santiago,REGIONAL,,,20,45,2019,2026,7
8024,514026393368791657,Juan Atkins,United States of America,Detroit,TOP1000,,,7,14,2010,2026,16
8025,4953950415057669833,Guy Tavares,Netherlands,The Hague,REGIONAL,,,1,1,2019,2019,0
8026,5276612049295675962,Mim Suleiman,United Kingdom,North,REGIONAL,,,7,9,2016,2023,7
8027,6599532819277758341,DJ Heartstring,Germany,Berlin,REGIONAL,,,16,25,2022,2026,4
8028,1462243518920141983,JELLY,Netherlands,The Hague,REGIONAL,,,3,5,2023,2025,2
8029,2126786168463064171,Stef Mendesidis,Netherlands,Amsterdam,REGIONAL,,,4,6,2023,2026,3
8030,7495770265454877205,DJ Yazi,Japan,Kanto,REGIONAL,,,1,1,2025,2025,0
8031,4571671940726244843,Raredub,Bulgaria,All,REGIONAL,,,4,4,2024,2026,2
8032,7593037373705295485,Accident Machine,United Kingdom,Edinburgh,REGIONAL,,,1,1,2026,2026,0
8033,3605389827026555689,Holly Why,United Kingdom,Newcastle,REGIONAL,,,1,3,2025,2026,1
8034,2544046054363112458,Nicolau,United Kingdom,Midlands,REGIONAL,,,1,1,2025,2025,0
8035,3463930664548360394,DMC.,United Kingdom,Liverpool,REGIONAL,,,4,7,2023,2026,3
8036,4252682121630775066,Damiano (2),United Kingdom,London,REGIONAL,,,1,1,2025,2025,0
8037,2592096275236130158,Goutham,United Kingdom,Manchester,REGIONAL,,,3,4,2025,2026,1
8038,1900320127680845746,jord.n,United Kingdom,Leeds,REGIONAL,,,1,1,2025,2025,0
8039,2310459891916256224,Justin (US),United States of America,New York City,REGIONAL,,,1,1,2026,2026,0
8040,4353779963773406097,Mike Vale,Slovenia,All,REGIONAL,,,1,1,2014,2014,0
8041,1833304661635907987,Mike Storm,Netherlands,Amsterdam,REGIONAL,,,1,1,2014,2014,0
8042,6777764734449991818,Francesco Robustelli,Netherlands,Amsterdam,REGIONAL,,,1,1,2014,2014,0
8043,5100513063509078057,Rob Hes,Netherlands,Amsterdam,REGIONAL,,,1,1,2014,2014,0
8044,4501520187447722248,Nathan Surreal,Netherlands,Amsterdam,REGIONAL,,,1,1,2014,2014,0
8045,4473941960638435981,Roel Salemink,Netherlands,Amsterdam,REGIONAL,,,2,2,2015,2018,3
8046,4733448989134179355,Mikael Jonasson,Sweden,All,REGIONAL,,,1,1,2015,2015,0
8047,6161629555039185239,Lady Starlight,United States of America,New York City,REGIONAL,,,5,7,2015,2026,11
8048,822796774655193901,Raiz,United States of America,Los Angeles,REGIONAL,,,1,1,2015,2015,0
8049,6612482609393781932,Truncate,United States of America,Los Angeles,TOP1000,,,5,6,2015,2025,10
8050,6873305719083336044,Julian Jeweil,France,Central,TOP1000,,,3,3,2010,2015,5
8051,1966102898449594581,Markus Fix,Germany,Frankfurt,REGIONAL,,,1,1,2017,2017,0
8052,1863974233048239193,Cuartero,Spain,South,TOP1000,,,4,15,2014,2025,11
8053,1440777403821834990,Kwartz,Spain,Madrid,REGIONAL,,,2,2,2017,2025,8
8054,8529963234695611551,Matador,Ireland,All,TOP1000,,,6,10,2014,2019,5
8055,6499486846334777650,wAFF,United Kingdom,London,TOP1000,,,4,9,2013,2018,5
8056,8499831005178777868,Mees Dierdorp,Netherlands,Amsterdam,REGIONAL,,,2,2,2015,2018,3
8057,2323238740629828788,JSPR,Netherlands,Rotterdam,REGIONAL,,,1,1,2018,2018,0
8058,5714969120287872969,Darius Syrossian,United Kingdom,North,TOP1000,,,5,14,2010,2025,15
8059,2163687765145231776,Avision,United States of America,New York City,REGIONAL,,,1,1,2019,2019,0
8060,7079145710328046630,Joey Daniel,Netherlands,Rotterdam,REGIONAL,,,3,6,2012,2019,7
8061,8538325823895863614,SYREETA,United Kingdom,Midlands,REGIONAL,,,6,10,2021,2026,5
8062,4467298736565113616,Juliet Fox,Germany,Berlin,TOP1000,,,5,7,2023,2026,3
8063,4805830199401203607,Lizz V,Netherlands,All,REGIONAL,,,1,2,2024,2024,0
8064,6554500557430440804,Stoac,Netherlands,Amsterdam,REGIONAL,,,1,1,2024,2024,0
8065,8098648188644415083,Inafekt,United Kingdom,Liverpool,REGIONAL,,,1,1,2025,2025,0
8066,2178149396121740587,Baron Von Trax,Australia,Melbourne,REGIONAL,,,1,1,2025,2025,0
8067,3365135655749545380,Jonas Saalbach,Germany,Berlin,REGIONAL,,,2,2,2018,2025,7
8068,3882125519322596834,Isaiah (NL),Netherlands,Amsterdam,REGIONAL,,,2,5,2024,2026,2
8069,5865327571746235734,Laura Meester,Netherlands,All,REGIONAL,,,2,3,2025,2026,1
8070,3017058638757797970,Nabihah Iqbal,United Kingdom,London,REGIONAL,,,10,20,2019,2026,7
8071,888667891875808515,Habibi Funk,Germany,Berlin,REGIONAL,,,7,9,2018,2026,8
8072,4778517721611340461,Ash Lauryn,United States of America,Detroit,TOP1000,,,11,13,2018,2026,8
8073,6435332273429386424,horsegiirL,Germany,Berlin,REGIONAL,,,5,7,2023,2026,3
8074,8713029091202431147,DJ Sprinkles,United States of America,New York City,TOP1000,,,5,7,2015,2026,11
8075,5764809593683530106,MCMLXXXV,Germany,Berlin,REGIONAL,,,12,28,2020,2026,6
8076,2368612739855505799,Jordss,United Kingdom,London,REGIONAL,,,2,2,2023,2024,1
8077,443385524068794313,TNSXORDS,United Kingdom,London,REGIONAL,,,1,2,2024,2024,0
8078,5365106979690608599,DJ Fingerblast,United Kingdom,London,REGIONAL,,,1,2,2024,2024,0
8079,8677108757451481231,Mietze Conte,Austria,Vienna,REGIONAL,,,1,1,2026,2026,0
8080,7051530517947340296,Skin On Skin,South Sudan,All,REGIONAL,,,11,15,2022,2026,4
8081,4943389739834369769,Audiofly,Spain,Barcelona,REGIONAL,,,3,5,2016,2022,6
8082,2130732406700138271,&ME,Germany,Berlin,TOP1000,,,8,18,2012,2025,13
8083,2499970873217371607,Marino Canal,Spain,Ibiza,REGIONAL,,,2,3,2019,2024,5
8084,9139907666087438757,Sandrino,,,,,,5,6,2016,2025,9
8085,7090794213729444233,Krystal Klear,Ireland,All,REGIONAL,,,11,15,2012,2025,13
8086,6575659021933103516,Daniel Kelsan,Spain,Madrid,REGIONAL,,,2,2,2024,2026,2
8087,2304938653082988857,Mala ika,France,French West Indies,REGIONAL,,,2,2,2022,2024,2
8088,7782514144095680534,Musumeci,Italy,Sicily,REGIONAL,,,2,2,2024,2024,0
8089,6221079717284170348,Doka,Netherlands,Amsterdam,REGIONAL,,,4,4,2015,2019,4
8090,4281979273774926672,Driv,Netherlands,All,REGIONAL,,,1,1,2019,2019,0
8091,3786132877460543075,Anvari,Netherlands,All,REGIONAL,,,1,1,2023,2023,0
8092,7169544334384390640,Dissolver,Netherlands,Eindhoven,REGIONAL,,,1,1,2023,2023,0
8093,6524997103250351921,Varhat,France,Paris,TOP1000,,,1,1,2025,2025,0
8094,9049998921977034524,Sofiane Vial,France,South East,REGIONAL,,,3,4,2025,2026,1
8095,3702449789382552171,Limón,Malta,All,REGIONAL,,,1,1,2026,2026,0
8096,5899276591275398884,Reiss,Netherlands,Amsterdam,REGIONAL,,,8,15,2013,2026,13
8097,2058549456900462201,Kosme,France,Central,REGIONAL,,,4,12,2009,2017,8
8098,6249912043060755367,Michael Mayer,Germany,Berlin,TOP1000,,,15,31,2006,2024,18
8099,8238185017005764064,Sebastian Mullaert,Sweden,All,TOP1000,,,7,13,2016,2021,5
8100,7608948971971678787,Lakuti,United Kingdom,London,TOP1000,,,22,60,2007,2026,19
8101,319021149552939939,YokoO,France,East,TOP1000,,,4,4,2016,2019,3
8102,6824326530502951509,AMyn,Belgium,All,REGIONAL,,,2,3,2017,2018,1
8103,6558927899199478987,Studio Barnhus,Sweden,Stockholm,REGIONAL,,,3,4,2017,2019,2
8104,3708039090111589479,Ejeca,United Kingdom,Northern Ireland,REGIONAL,,,3,5,2013,2018,5
8105,8277132942634547501,2ManyDJs,Belgium,All,TOP1000,,,8,17,2018,2026,8
8106,2137055547568532323,Dwig,Germany,Thuringia,REGIONAL,,,2,6,2018,2022,4
8107,8786225052168946503,Supreems,Belgium,All,REGIONAL,,,2,3,2019,2022,3
8108,7759533959587802364,Bjeor,Belgium,Brussels,REGIONAL,,,3,14,2017,2026,9
8109,400008199246222123,Islas,United Kingdom,South + East,REGIONAL,,,5,12,2019,2024,5
8110,946596394437304277,Gigi Masin,Italy,Venice,REGIONAL,,,7,10,2018,2022,4
8111,8258924316613454417,Stellar OM Source,France,Paris,TOP1000,,,3,3,2019,2023,4
8112,5764517082958051188,Kalabrese,Switzerland,All,REGIONAL,,,2,3,2020,2025,5
8113,682383815453848844,Kerri Chandler,United States of America,New York City,TOP1000,,,19,33,2010,2026,16
8114,9038582491339867229,Susobrino,Belgium,Brussels,REGIONAL,,,2,5,2020,2026,6
8115,2532136924454909499,Brina Knauss,Slovenia,All,TOP1000,,,3,5,2018,2024,6
8116,3189308700163891606,Demuja,Austria,All,TOP1000,,,4,6,2019,2024,5
8117,7688265140459800428,Mona Lee,Belgium,Ghent,REGIONAL,,,2,3,2021,2026,5
8118,536575550894366628,Austrian Apparel,Austria,All,REGIONAL,,,1,1,2022,2022,0
8119,1982576962485616104,Jon Gravy,Austria,All,REGIONAL,,,1,1,2022,2022,0
8120,7525515887091820903,Fiona Zanetti,Switzerland,Lausanne,REGIONAL,,,5,20,2021,2026,5
8121,6887001420108969511,Lawrence,Germany,Hamburg,TOP1000,,,6,16,2006,2025,19
8122,5808344435731900220,Monkey Maffia,Germany,Jena,REGIONAL,,,3,4,2012,2022,10
8123,2656447370140890089,Mountain People,Switzerland,Zurich,REGIONAL,,,2,5,2019,2025,6
8124,1229996894299095290,Reptant,Australia,Melbourne,REGIONAL,,,10,12,2022,2026,4
8125,3101502664004406067,KAYU,Belgium,Brussels,REGIONAL,,,2,4,2023,2024,1
8126,9089040725190628590,Juliana Huxtable,United States of America,New York City,TOP1000,,,8,16,2020,2024,4
8127,397327569153827288,Lilihell,Belgium,Brussels,REGIONAL,,,3,4,2023,2024,1
8128,1887393300788429949,Bitschu Batschu,Austria,Vienna,REGIONAL,,,1,1,2023,2023,0
8129,4385925965748987737,BØRT,Austria,All,REGIONAL,,,2,4,2023,2026,3
8130,3742600315301743290,Panorama (1),Austria,Vienna,REGIONAL,,,1,1,2023,2023,0
8131,5937376468436394890,Bolis Pupul,China,Macau,REGIONAL,,,7,7,2022,2024,2
8132,7983346906213624378,Maayan Nidam,Germany,Berlin,TOP1000,,,8,13,2017,2025,8
8133,7153956951968031197,Pretty Girl,Australia,Melbourne,REGIONAL,,,7,10,2023,2026,3
8134,21596211075126995,MRD (NO),Norway,Oslo,REGIONAL,,,4,5,2024,2025,1
8135,1894547718630103989,ANOTR,Netherlands,Amsterdam,TOP1000,,,10,16,2017,2025,8
8136,2349660023708958985,Cheb Runner,Morocco,All,REGIONAL,,,2,2,2022,2024,2
8137,4348883841958184549,DJ Koco aka Shimokita,United Kingdom,London,REGIONAL,,,1,1,2024,2024,0
8138,6772915176093088807,Jennifur,Belgium,All,REGIONAL,,,2,2,2024,2024,0
8139,480788560115862746,Marvin,United Kingdom,North,REGIONAL,,,1,1,2024,2024,0
8140,7582804462785260156,Saphileaum,Georgia,Tbilisi,REGIONAL,,,1,1,2024,2024,0
8141,5696494046504655256,Toolate Groove,Belgium,Brussels,REGIONAL,,,3,10,2021,2026,5
8142,7630437642956625582,trillosta,Belgium,Ghent,REGIONAL,,,1,1,2024,2024,0
8143,4726518048763823204,Funk Assault,Germany,Berlin,REGIONAL,,,8,8,2024,2025,1
8144,4046550189729619211,Kikelomo,United Kingdom,London,REGIONAL,,,8,9,2023,2026,3
8145,8734928417966465799,Malo Z,Belgium,Brussels,REGIONAL,,,2,3,2024,2025,1
8146,2717418616920662622,DART,Ireland,Dublin,REGIONAL,,,6,11,2019,2026,7
8147,4299365118026114971,Dresden,Spain,Barcelona,REGIONAL,,,6,7,2026,2026,0
8148,6582684886646930137,Effy,United Kingdom,Manchester,REGIONAL,,,10,17,2020,2026,6
8149,4722772403597801686,Maraschino,Belgium,All,REGIONAL,,,2,2,2026,2026,0
8150,9014024900765973894,Miamor,Belgium,Antwerp,REGIONAL,,,2,3,2025,2026,1
8151,7729793930680080545,Mochakk,Brazil,Sao Paulo,REGIONAL,,,3,4,2024,2026,2
8152,8032534989129699376,TORI ANN,Democratic Republic of the Congo,All,REGIONAL,,,2,2,2025,2026,1
8153,3374778456142389923,Cassius,France,Paris,TOP1000,,,5,5,2011,2026,15
8154,5331282081466477528,dAtapunk,Venezuela,All,REGIONAL,,,1,1,2026,2026,0
8155,1579736307010768290,Virginia,Germany,Munich,TOP1000,,,13,23,2013,2026,13
8156,6765902782741395849,Stella and The Longos,France,Paris,REGIONAL,,,6,7,2024,2026,2
8157,3240312415530229577,Ununu,Portugal,Lisbon,REGIONAL,,,1,2,2023,2024,1
8158,8487692090237913430,Modlar,Italy,Sicily,REGIONAL,,,1,1,2024,2024,0
8159,6200351970582830234,Vid Vai,Slovenia,All,REGIONAL,,,1,1,2019,2019,0
8160,4105157956043096075,Andrey Pushkarev,Russia,Moscow,TOP1000,,,3,5,2019,2026,7
8161,5912365620866790061,DEN7EL,Slovenia,All,REGIONAL,,,1,1,2021,2021,0
8162,7272707115671632989,Dulash Der DJ,Slovenia,All,REGIONAL,,,1,3,2021,2023,2
8163,7451282992735399353,dvidevat,Slovenia,All,REGIONAL,,,2,8,2021,2026,5
8164,2084095195675070006,Nitz,Slovenia,All,REGIONAL,,,1,5,2021,2026,5
8165,9108076001883439035,Franziska Berns,Germany,Frankfurt,REGIONAL,,,8,10,2022,2026,4
8166,1246744623233363448,Evano,Slovenia,All,REGIONAL,,,1,4,2022,2024,2
8167,4543941137755902797,Charlotte (FR),France,South East,REGIONAL,,,3,3,2024,2025,1
8168,1050894131429107996,Sahara Transport Services,Slovenia,All,REGIONAL,,,2,4,2025,2026,1
8169,4767805122070265058,oma totem,Spain,Barcelona,REGIONAL,,,4,7,2022,2026,4
8170,3683376624012323217,Rifts,Germany,Berlin,REGIONAL,,,1,1,2019,2019,0
8171,529508370863919941,LUXE,United Kingdom,London,REGIONAL,,,12,22,2021,2025,4
8172,3685029109461687741,Lenxi,United Kingdom,London,REGIONAL,,,5,9,2023,2026,3
8173,9074586747313918451,dirtydms,Netherlands,Rotterdam,REGIONAL,,,3,5,2025,2026,1
8174,1176859064184429416,Valody,Portugal,All,REGIONAL,,,2,2,2026,2026,0
8175,8129294858018020696,Mareena,Germany,Berlin,REGIONAL,,,1,1,2026,2026,0
8176,4618439962532678383,Stanton Warriors,United Kingdom,London,REGIONAL,,,2,5,2020,2025,5
8177,2768473881283879478,Luke Una,United Kingdom,Manchester,REGIONAL,,,8,25,2021,2026,5
8178,3790964529371966789,Logan Fisher,United Kingdom,London,REGIONAL,,,4,4,2024,2026,2
8179,8689793800613752369,Make A Dance,United Kingdom,London,REGIONAL,,,11,21,2023,2026,3
8180,8609294289960169364,Sophie Joy,United Kingdom,South + East,REGIONAL,,,1,1,2024,2024,0
8181,8996700590375833291,Natural Symphony (Live),United Kingdom,South + East,REGIONAL,,,2,4,2023,2025,2
8182,518482853573035452,James Holroyd,United Kingdom,South + East,REGIONAL,,,3,9,2016,2026,10
8183,5614323544527007379,Rrose,United States of America,California,TOP1000,,,10,17,2015,2025,10
8184,935323635907947876,Bouji Boi,United Kingdom,London,REGIONAL,,,1,2,2021,2021,0
8185,26402470562749109,Gracie T,United Kingdom,North,REGIONAL,,,2,3,2021,2025,4
8186,5613649293395692527,Suze Rosser,United Kingdom,South + East,REGIONAL,,,2,6,2021,2025,4
8187,845183693405505880,Rakans,Germany,Dresden,REGIONAL,,,1,2,2022,2026,4
8188,437457027558914206,sydfalls,United States of America,Chicago,REGIONAL,,,1,2,2022,2022,0
8189,4345780796818710606,DJ Frizzy D,United Kingdom,London,REGIONAL,,,1,1,2022,2022,0
8190,1062271191148185908,miniMel,United Kingdom,London,REGIONAL,,,1,1,2022,2022,0
8191,6780651875954612301,Nakamo,France,French Riviera,REGIONAL,,,1,1,2022,2022,0
8192,7103039609234553207,Yiota,United Kingdom,Brighton,REGIONAL,,,1,1,2022,2022,0
8193,2626791669341005621,Kiimi,United Kingdom,London,REGIONAL,,,3,7,2022,2024,2
8194,5969180868708392512,Polyamoross,United Kingdom,West + Wales,REGIONAL,,,3,4,2023,2025,2
8195,5373071940348292147,Slim Soledad,Brazil,Sao Paulo,REGIONAL,,,4,4,2023,2026,3
8196,3458403716607118778,Iyesha,United Kingdom,Leeds,REGIONAL,,,1,2,2023,2024,1
8197,8367107939270300669,CHEZA LUCINA,United Kingdom,London,REGIONAL,,,2,2,2025,2026,1
8198,3302744785614540643,LEXII.,United Kingdom,London,REGIONAL,,,1,1,2025,2025,0
8199,3465308814605441516,Baby Vulture,Germany,Berlin,REGIONAL,,,3,4,2016,2019,3
8200,2479001406467699511,dOP,France,Paris,TOP1000,,,6,8,2011,2022,11
8201,6225855382092604408,Seejay,Morocco,All,REGIONAL,,,1,1,2016,2016,0
8202,7363827454376695915,Viken Arman,France,Paris,TOP1000,,,4,4,2018,2026,8
8203,7085625426515104151,Joe Hart,United Kingdom,London,REGIONAL,,,3,4,2021,2023,2
8204,3515440605356698821,Covco,United Kingdom,London,REGIONAL,,,3,3,2021,2025,4
8205,3533498813513087338,Dave Harvey,United Kingdom,Bristol,REGIONAL,,,7,76,2014,2026,12
8206,4587414699186321460,OL Drift,United Kingdom,London,REGIONAL,,,3,3,2022,2025,3
8207,4266034340468840767,DJ OT,United Kingdom,London,REGIONAL,,,1,1,2022,2022,0
8208,6343691916639165640,Works Of Intent,United Kingdom,South + East,REGIONAL,,,4,4,2022,2022,0
8209,854104128403257748,Jay Duncan,United Kingdom,London,REGIONAL,,,8,8,2021,2025,4
8210,569102733663501069,Elijah and Skilliam,United Kingdom,London,REGIONAL,,,4,4,2014,2024,10
8211,543472181507914652,Ixian Optical,United Kingdom,London,REGIONAL,,,3,3,2019,2023,4
8212,8421561367251091138,Marcelina,United Kingdom,London,REGIONAL,,,4,7,2022,2026,4
8213,1750959266536747444,SLOUCHO,Ireland,Dublin,REGIONAL,,,3,7,2024,2025,1
8214,8046343171947580953,Larry Heard,United States of America,Chicago,TOP1000,,,10,14,2009,2019,10
8215,8636619630226873402,SHMLSS,Netherlands,Amsterdam,REGIONAL,,,5,46,2012,2026,14
8216,3237612094930318050,Philou Louzolo,Netherlands,Rotterdam,REGIONAL,,,10,21,2015,2026,11
8217,7020049285701656945,Franca,Germany,Munich,REGIONAL,,,5,5,2013,2026,13
8218,1467912741073854080,Biesmans,Belgium,All,REGIONAL,,,1,1,2023,2023,0
8219,7079955750125276037,Aroy Dee,Netherlands,Amsterdam,REGIONAL,,,3,4,2010,2024,14
8220,3436543394243830192,HEAZ,Netherlands,Rotterdam,REGIONAL,,,1,1,2024,2024,0
8221,794841554115758975,Pete Beluga,Netherlands,Amsterdam,REGIONAL,,,1,1,2024,2024,0
8222,5477775811671874590,Marsman,Netherlands,Rotterdam,REGIONAL,,,7,7,2017,2025,8
8223,6302766457201316050,Siem,France,Lyon,REGIONAL,,,1,1,2025,2025,0
8224,7297324464505474823,Pedro Bucarelli,Spain,Barcelona,REGIONAL,,,2,5,2008,2015,7
8225,740958383596375385,Pedro Vian,Spain,Barcelona,REGIONAL,,,3,4,2015,2019,4
8226,2997417227615159097,Josh Wink,United States of America,New York City,TOP1000,,,4,5,2009,2018,9
8227,8018954858316312810,Cowboy Rhythmbox,United Kingdom,London,REGIONAL,,,1,1,2016,2016,0
8228,5693002745520276984,JAW,France,Paris,REGIONAL,,,1,1,2017,2017,0
8229,4421378077518554086,Marcello Giordani,Italy,Central,REGIONAL,,,1,2,2017,2018,1
8230,1752906838821019562,Hot Since 82,United Kingdom,London,TOP1000,,,7,25,2014,2025,11
8231,4061599466188947420,Jesse Calosso,United States of America,New York City,REGIONAL,,,1,1,2017,2017,0
8232,4838154225014914568,Matteo Morrielli,Spain,Barcelona,REGIONAL,,,1,1,2017,2017,0
8233,1075140615974439125,Synapson,France,Paris,REGIONAL,,,1,1,2017,2017,0
8234,8089720213401512790,Claude VonStroke,United States of America,Los Angeles,TOP1000,,,2,3,2010,2017,7
8235,3237762151072236423,Lluis Ribalta,Spain,Barcelona,REGIONAL,,,1,1,2017,2017,0
8236,2531937582412009262,Vallès,Spain,Ibiza,REGIONAL,,,2,2,2017,2018,1
8237,5344593227348175808,Triad (Es),Spain,Barcelona,REGIONAL,,,2,2,2017,2018,1
8238,2822875891826061822,Hector Couto,Spain,Canary Islands,TOP1000,,,3,5,2014,2024,10
8239,5685413325231187036,Ruuar,Portugal,Lisbon,REGIONAL,,,2,2,2018,2026,8
8240,7590920496775419349,Diego Gamez,Spain,Barcelona,REGIONAL,,,2,2,2015,2018,3
8241,2892177988016838450,Tom Demac,United Kingdom,West + Wales,REGIONAL,,,4,22,2007,2019,12
8242,4054223839132264956,IMOGEN,United Kingdom,London,TOP1000,,,7,17,2018,2026,8
8243,3399840695286504821,Paula Cazenave,Spain,Barcelona,REGIONAL,,,3,3,2012,2019,7
8244,1174142924888034490,FCL,Belgium,All,REGIONAL,,,2,2,2013,2019,6
8245,4966801399086554917,Blanca Ross,Spain,Barcelona,REGIONAL,,,1,1,2019,2019,0
8246,6769529754027993164,Boris Brejcha,Germany,Frankfurt,TOP1000,,,4,13,2014,2026,12
8247,4764466303239776531,Insolate,Croatia,All,REGIONAL,,,2,2,2018,2019,1
8248,993503155221839983,Fisher (OZ),Australia,Sydney,REGIONAL,,,2,6,2019,2024,5
8249,3180394685233127232,Boghosian,Brazil,All,REGIONAL,,,1,1,2019,2019,0
8250,6493548687767185111,Viviana Casanova,Spain,Barcelona,REGIONAL,,,1,1,2019,2019,0
8251,1332238207925387607,Daniel Baughman,Spain,Barcelona,REGIONAL,,,3,3,2017,2019,2
8252,4551150898714563570,JETS,Germany,Berlin,REGIONAL,,,2,2,2013,2019,6
8253,8940202792968581241,Monolink,Germany,Berlin,REGIONAL,,,4,12,2017,2025,8
8254,4691145982951192612,Alex Martin,Portugal,Lisbon,REGIONAL,,,1,1,2020,2020,0
8255,2308338793840779803,Melanie Ribbe,Germany,Frankfurt,REGIONAL,,,1,2,2022,2024,2
8256,7628558983636962828,Girls of the Internet,United Kingdom,London,REGIONAL,,,2,2,2022,2023,1
8257,3803743727326642346,Jana La Fontaine,Spain,Barcelona,REGIONAL,,,2,2,2021,2022,1
8258,3652346646610614975,Arnau,Spain,Barcelona,REGIONAL,,,3,6,2018,2023,5
8259,3570504607164083794,MAGA,France,South East,REGIONAL,,,1,3,2022,2025,3
8260,487987420986604323,CamelPhat,United Kingdom,North,REGIONAL,,,4,10,2019,2026,7
8261,3042703906034623237,Lauren Lane,United States of America,New York City,TOP1000,,,2,2,2017,2022,5
8262,7204143792303550616,Gela,Spain,Madrid,REGIONAL,,,1,1,2022,2022,0
8263,8207086673177204998,Adam Beyer,Sweden,All,TOP1000,,,6,56,2005,2026,21
8264,3546603023783880532,Acidnena,Argentina,All,REGIONAL,,,1,3,2023,2023,0
8265,932872462628676498,Alice Youngling,Switzerland,Lausanne,REGIONAL,,,1,1,2023,2023,0
8266,5287497037603461754,Eli Iwasa,Brazil,All,REGIONAL,,,2,4,2017,2024,7
8267,4159659742397365466,PAUZA,Cuba,All,REGIONAL,,,1,1,2023,2023,0
8268,7577510611890254456,Gonçalo,Portugal,Lisbon,REGIONAL,,,1,2,2023,2024,1
8269,2303075860386056116,HoneyLuv,United States of America,Ohio,REGIONAL,,,4,6,2023,2025,2
8270,264325746518888192,Kinetic,United Kingdom,West + Wales,REGIONAL,,,1,1,2023,2023,0
8271,6175433944689046721,Silicone Soul,United Kingdom,Glasgow,REGIONAL,,,2,2,2010,2023,13
8272,988371311330956936,8KAYS,Ukraine,Kyiv,REGIONAL,,,2,4,2022,2025,3
8273,542397266216080090,Anikha,Spain,Barcelona,REGIONAL,,,1,1,2024,2024,0
8274,4302721131127757351,Greta Meier,Argentina,Buenos Aires,REGIONAL,,,1,1,2024,2024,0
8275,7935571474393564435,Bill Hates,Venezuela,All,REGIONAL,,,1,2,2024,2026,2
8276,2643862378002650769,Irène Drésel,France,Paris,REGIONAL,,,2,2,2024,2024,0
8277,7703297208328932623,MoBlack,Italy,South,REGIONAL,,,1,1,2024,2024,0
8278,7378650337227921267,Chippy Nonstop,Canada,Halifax,REGIONAL,,,5,7,2022,2026,4
8279,994247703367618616,Thérèse Ha,France,West,REGIONAL,,,2,2,2024,2026,2
8280,8234523668205614373,PIECES OF LIFE,Spain,Madrid,REGIONAL,,,1,1,2024,2024,0
8281,8142669592668961569,cerrot,Puerto Rico,All,REGIONAL,,,1,2,2024,2025,1
8282,5020527829459701852,The Element,Malta,All,REGIONAL,,,1,1,2024,2024,0
8283,5515939496057777414,Julia Linkogel,Germany,Rhineland-Palatinate,REGIONAL,,,2,2,2024,2026,2
8284,4682403441460347118,Cici,Ireland,Dublin,REGIONAL,,,6,9,2016,2024,8
8285,4310178233654966069,erlin james,Colombia,All,REGIONAL,,,1,1,2024,2024,0
8286,7127609522050697940,Edu Reimer,Argentina,Buenos Aires,REGIONAL,,,1,1,2024,2024,0
8287,824583038473623826,Imbermind,Spain,East,REGIONAL,,,1,1,2025,2025,0
8288,3887509253791676683,Virgi Nou,Italy,Central,REGIONAL,,,1,1,2025,2025,0
8289,5194293022344427664,Kungs,France,Paris,REGIONAL,,,1,1,2025,2025,0
8290,4551382504695780290,Cristina Lazic,Italy,Milan,REGIONAL,,,1,1,2025,2025,0
8291,14013147500080375,Julya Karma,,,REGIONAL,,,6,8,2025,2026,1
8292,3082432845448889329,NUUP,Mexico,Tulum,REGIONAL,,,1,2,2025,2026,1
8293,1467665795456033437,BIXBITA,Spain,Barcelona,REGIONAL,,,1,1,2026,2026,0
8294,2855547703881472919,Sylvia (ES),Sweden,Stockholm,REGIONAL,,,2,2,2024,2025,1
8295,3069810029007013836,Ramsis,France,Marseille,REGIONAL,,,1,1,2024,2024,0
8296,393827632078635889,Formant Value,,,REGIONAL,,,2,4,2024,2026,2
8297,1964722813119314899,Drizzyclare,Spain,North,REGIONAL,,,1,1,2025,2025,0
8298,6972786354510804947,Bat (US),United States of America,Detroit,REGIONAL,,,1,1,2025,2025,0
8299,4883719697479886645,DJ Pex,China,Beijing,REGIONAL,,,1,1,2025,2025,0
8300,1625171459606171707,Marco Maldarella,Italy,Bologna,REGIONAL,,,1,2,2025,2025,0
8301,8122802857180795370,Convoluted Mental Mirror,Spain,Madrid,REGIONAL,,,1,2,2025,2026,1
8302,9008221762201377160,Andrae Durden,Spain,East,REGIONAL,,,1,1,2026,2026,0
8303,381517369750251768,comm,Japan,Tokyo,REGIONAL,,,1,1,2026,2026,0
8304,3541993956948239125,Val Vashar,Croatia,All,REGIONAL,,,1,1,2026,2026,0
8305,4135380246652243637,Quince,Netherlands,Amsterdam,REGIONAL,,,2,2,2007,2007,0
8306,5540633896967236152,Freddy Spool,Netherlands,Amsterdam,REGIONAL,,,1,1,2008,2008,0
8307,5200534355495315859,Morphosis,Lebanon,All,REGIONAL,,,1,6,2008,2014,6
8308,4778729245412593323,Fitch,,,,,,1,1,2009,2009,0
8309,6525152829878004054,Deadboy,United Kingdom,London,REGIONAL,,,1,1,2010,2010,0
8310,3517804331134636454,Steven Pieters,Netherlands,Rotterdam,REGIONAL,,,3,5,2011,2015,4
8311,2951828052837492745,Dennis Ferrer,United States of America,New York City,TOP1000,,,7,14,2008,2026,18
8312,4252495826514786142,Answer Code Request,Germany,Berlin,TOP1000,,,3,9,2012,2017,5
8313,4284513388202994000,Tijn Benedek,Netherlands,Amsterdam,REGIONAL,,,2,2,2012,2015,3
8314,6480643937237315118,Mix Mup,Germany,Leipzig,REGIONAL,,,1,1,2013,2013,0
8315,4298441686244740568,Wolf + Lamb,United States of America,New York City,TOP1000,,,3,3,2012,2014,2
8316,3662506070415450625,PillowTalk,United States of America,San Francisco/Oakland,REGIONAL,,,2,2,2013,2014,1
8317,567201356877823208,Xosar,United States of America,California,TOP1000,,,5,9,2013,2019,6
8318,4174755931445525114,Syncom Data,Netherlands,The Hague,REGIONAL,,,1,1,2013,2013,0
8319,6540791568644456106,Veronica Vasicka,United States of America,New York City,TOP1000,,,4,10,2015,2024,9
8320,6472069911425646810,Ø [Phase],United Kingdom,London,TOP1000,,,4,6,2015,2024,9
8321,8848399407088531149,James Pants,United States of America,Seattle,REGIONAL,,,1,2,2015,2015,0
8322,1257126953215321082,Head High,Germany,Berlin,REGIONAL,,,1,1,2015,2015,0
8323,2536752902339989734,Luke Vibert,United Kingdom,London,TOP1000,,,8,10,2013,2025,12
8324,3250781370265290073,Spencer,United Kingdom,Glasgow,REGIONAL,,,1,1,2015,2015,0
8325,1018028516793172719,Moreon,,,,,,1,1,2015,2015,0
8326,7416234809569863190,Akiko Kiyama,Germany,Berlin,REGIONAL,,,1,1,2016,2016,0
8327,769965093507930783,Beppe Loda,Italy,North,REGIONAL,,,2,2,2016,2016,0
8328,3839837756441096510,Mansvr,Colombia,All,REGIONAL,,,1,2,2017,2018,1
8329,6558717263785844737,Lunate,Colombia,Bogotá,REGIONAL,,,1,1,2017,2017,0
8330,1917556779943342669,Zopelar,Brazil,Sao Paulo,REGIONAL,,,3,6,2017,2025,8
8331,8636026817124317264,Brian Not Brian,United Kingdom,Northern Ireland,REGIONAL,,,5,12,2017,2023,6
8332,4887552689696015246,Ocke Weeda,Netherlands,Amsterdam,REGIONAL,,,2,2,2017,2017,0
8333,3485628946235950772,Selvagem,Brazil,All,REGIONAL,,,2,7,2015,2018,3
8334,7340397270273535979,John Maus,United States of America,Houston,REGIONAL,,,2,2,2018,2025,7
8335,3630461278784503084,Tangerine Dream,Germany,Berlin,REGIONAL,,,2,3,2018,2025,7
8336,6616919874872358332,"Bear Bones, Lay Low",Belgium,All,REGIONAL,,,2,2,2019,2023,4
8337,1421496913444121421,John T. Gast,United Kingdom,London,REGIONAL,,,3,10,2019,2026,7
8338,2262489083824287450,Lotus Eater,Germany,Berlin,REGIONAL,,,2,2,2019,2020,1
8339,951979773667652773,RAMZi,Canada,Vancouver,TOP1000,,,7,10,2018,2026,8
8340,8778592060048686897,Retrograde Youth,Colombia,All,REGIONAL,,,1,2,2019,2026,7
8341,7906339479936669283,Tutu,Spain,Barcelona,REGIONAL,,,1,1,2019,2019,0
8342,6916450690001536892,Tala,Argentina,All,REGIONAL,,,2,3,2020,2021,1
8343,5349274835831860938,Beta Librae,United States of America,New York City,REGIONAL,,,1,2,2020,2021,1
8344,7278092830083774460,Blanck Mass,United Kingdom,London,REGIONAL,,,2,2,2017,2020,3
8345,7762593628878039145,Miss Djax,Netherlands,Amsterdam,REGIONAL,,,3,10,2006,2021,15
8346,6628229087984845678,Nazira,Kazakhstan,All,TOP1000,,,3,5,2020,2024,4
8347,6056754278380547250,Reka,Spain,Barcelona,REGIONAL,,,1,2,2020,2021,1
8348,2801783957683314421,Ece Duzgit,Turkey,Istanbul,REGIONAL,,,2,3,2019,2020,1
8349,8890293984673929647,Ana Roxanne,United States of America,Los Angeles,REGIONAL,,,1,1,2022,2022,0
8350,7118002886070080048,Carmen Villain,Norway,Oslo,REGIONAL,,,2,2,2022,2023,1
8351,8642825057394649703,Gaussian Curve,Netherlands,Amsterdam,REGIONAL,,,1,1,2022,2022,0
8352,193039425372975331,Marina Herlop,Spain,Barcelona,REGIONAL,,,2,2,2022,2024,2
8353,6456985793230080392,Nala Sinephro,,,REGIONAL,,,2,3,2022,2025,3
8354,339126681405922017,Rian Treanor,United Kingdom,North,REGIONAL,,,3,3,2023,2024,1
8355,7275474206925361410,Rezzett,United Kingdom,London,REGIONAL,,,2,2,2023,2024,1
8356,2588646841316871841,Peter Hook,United Kingdom,North,REGIONAL,,,1,1,2024,2024,0
8357,2228525025135940949,Rachel Green,Netherlands,Amsterdam,REGIONAL,,,2,2,2020,2024,4
8358,2920837129788676298,Bendik Giske,Norway,All,REGIONAL,,,4,5,2020,2024,4
8359,7372865218102043335,Jonathan Castro,Netherlands,Amsterdam,REGIONAL,,,1,1,2024,2024,0
8360,7564066901673933214,Black Rave Culture,United States of America,Washington DC,REGIONAL,,,1,1,2024,2024,0
8361,6396239275859763992,Chinnamasta,Netherlands,Amsterdam,REGIONAL,,,1,1,2024,2024,0
8362,2697314174127122597,DJ PGZ,Australia,Melbourne,REGIONAL,,,1,1,2024,2024,0
8363,4887179552319938810,Pjenné,Australia,Melbourne,REGIONAL,,,1,1,2024,2024,0
8364,5612447750757997873,DJ Red,Italy,Central,REGIONAL,,,6,9,2016,2026,10
8365,8640836694338970792,Teqmun,Netherlands,Amsterdam,REGIONAL,,,3,4,2024,2025,1
8366,5041802561097308830,skyra,Georgia,Tbilisi,REGIONAL,,,1,1,2026,2026,0
8367,2755658326360859351,Polinne Moth,Colombia,Bogotá,REGIONAL,,,1,1,2026,2026,0
8368,3636902165081791486,Carlos do Complexo,Brazil,Rio de Janeiro,REGIONAL,,,1,1,2026,2026,0
8369,155318359356819628,Mark Seven,United Kingdom,London,REGIONAL,,,5,7,2016,2024,8
8370,5198759323144805500,Gaspar Antuña,Spain,Madrid,REGIONAL,,,1,1,2023,2023,0
8371,546502446702120932,French II,Netherlands,All,REGIONAL,,,4,4,2023,2024,1
8372,6440861008036690261,Flo Dill,United Kingdom,London,REGIONAL,,,5,9,2022,2026,4
8373,7692282364389669957,Physical Therapy,United States of America,New York City,REGIONAL,,,1,1,2024,2024,0
8374,4635431478577392941,Iggy Dope,Croatia,Zagreb,REGIONAL,,,2,2,2023,2025,2
8375,219595688037205004,Nickodemus,United States of America,New York City,REGIONAL,,,1,1,2015,2015,0
8376,775832125887309598,K15,United Kingdom,London,REGIONAL,,,3,3,2015,2017,2
8377,9059234691958177590,Kn1ps,Belgium,Brussels,REGIONAL,,,1,2,2022,2025,3
8378,1780740582417450366,Torus,Netherlands,The Hague,REGIONAL,,,3,3,2022,2025,3
8379,876269043242636813,Florist,Germany,Saxony-Anhalt,REGIONAL,,,1,1,2023,2023,0
8380,8686561228364384878,anu,United Kingdom,London,REGIONAL,,,7,10,2021,2025,4
8381,3869575939746062727,DONIA,Belgium,Brussels,REGIONAL,,,1,2,2023,2024,1
8382,6968579649887455062,DJ City,Sweden,Stockholm,REGIONAL,,,1,1,2024,2024,0
8383,7006219951839043336,Corvus Ex,Belgium,All,REGIONAL,,,1,2,2024,2025,1
8384,129260004491455387,DJ Shahmaran,Netherlands,Rotterdam,REGIONAL,,,3,3,2024,2024,0
8385,1071094973163235427,JAXX TMS,Germany,Berlin,REGIONAL,,,2,4,2024,2025,1
8386,3270931924264397203,Onohno,France,South West,REGIONAL,,,2,2,2024,2024,0
8387,9148187413847386616,Zitto,Georgia,Tbilisi,REGIONAL,,,1,1,2025,2025,0
8388,5930989580008649355,Kvanchi,Georgia,Tbilisi,REGIONAL,,,1,1,2025,2025,0
8389,201299739675194702,Casper,,,REGIONAL,,,2,2,2025,2026,1
8390,781921160229158826,Laura Conant,Belgium,Brussels,REGIONAL,,,1,1,2025,2025,0
8391,2420031739229987150,seja (1),Belgium,Brussels,REGIONAL,,,2,2,2024,2025,1
8392,7506940657582574774,Daura,Canada,Montreal,REGIONAL,,,1,2,2025,2026,1
8393,5772897242026801819,Nefeli,Belgium,Brussels,REGIONAL,,,1,2,2025,2026,1
8394,1826197190277854931,adobeprincess,,,REGIONAL,,,1,1,2026,2026,0
8395,2797785112442590995,Maliman,Belgium,Brussels,REGIONAL,,,1,1,2026,2026,0
8396,5114755023243342354,Jaimy (2),Netherlands,Amsterdam,REGIONAL,,,1,1,2026,2026,0
8397,4165227992340916455,leonardd,Belgium,Brussels,REGIONAL,,,1,1,2026,2026,0
8398,4650430544621134753,DJ Spence,Canada,Montreal,REGIONAL,,,1,1,2026,2026,0
8399,3737464160834580100,Joey Llanos,United States of America,New York City,REGIONAL,,,1,1,2017,2017,0
8400,3708076349541177019,Bézier,United States of America,San Francisco/Oakland,REGIONAL,,,1,1,2017,2017,0
8401,7439079857231506318,Greg Wilson,United Kingdom,North,REGIONAL,,,7,13,2012,2024,12
8402,2967676979513987268,Alfredo,Spain,Ibiza,REGIONAL,,,1,1,2018,2018,0
8403,2922399871534784603,Tenderlonious,United Kingdom,London,REGIONAL,,,4,8,2015,2019,4
8404,2543023036299755539,WAAW,United Kingdom,London,REGIONAL,,,1,1,2021,2021,0
8405,4141647588876167158,Poly-Ritmo,United Kingdom,London,REGIONAL,,,6,12,2021,2026,5
8406,7505531523353624249,Meds,United Kingdom,Leeds,REGIONAL,,,1,3,2022,2022,0
8407,1106031991896786688,Artwork,United Kingdom,London,TOP1000,,,6,16,2014,2024,10
8408,1230606353664090435,Crystal Murray,France,Paris,REGIONAL,,,3,3,2024,2024,0
8409,5527935036481374189,Midnight Runner (2),Japan,Tokyo,REGIONAL,,,1,1,2025,2025,0
8410,8569292518040107304,Jeyrototo,Germany,Munich,REGIONAL,,,2,2,2025,2025,0
8411,552672005533731841,LO-LOW,United Kingdom,London,REGIONAL,,,2,2,2025,2025,0
8412,3174841888707835277,Gabi,United States of America,Detroit,REGIONAL,,,2,2,2026,2026,0
8413,6945680382886873660,Harri Pepper,United Kingdom,West + Wales,REGIONAL,,,11,33,2014,2026,12
8414,7103742918991720560,Charlie Dark,United Kingdom,London,REGIONAL,,,3,4,2024,2026,2
8415,6384790501725021832,_blenk,United Kingdom,London,REGIONAL,,,1,1,2026,2026,0
8416,142783626909039743,Vex'd,United Kingdom,London,REGIONAL,,,1,1,2010,2010,0
8417,5611382042969351504,Timmy P,United Kingdom,London,REGIONAL,,,1,1,2011,2011,0
8418,6183053402389034800,Matthew Roche,United Kingdom,North,REGIONAL,,,1,1,2011,2011,0
8419,8906785446395691680,Alex Jones,United Kingdom,London,REGIONAL,,,2,6,2012,2025,13
8420,8051941544135694775,Nick Lawson,United Kingdom,London,REGIONAL,,,1,1,2012,2012,0
8421,9157497529995431475,Casino Times,United Kingdom,London,REGIONAL,,,2,4,2012,2015,3
8422,5724657117775094869,Zumo,United Kingdom,Midlands,REGIONAL,,,1,1,2012,2012,0
8423,4822101693747326503,John Malcolm Moore,United Kingdom,London,REGIONAL,,,1,1,2012,2012,0
8424,8164168694426592582,Toyboy,,,,,,1,2,2012,2013,1
8425,4286128514226959112,Odyssey,,,,,,4,6,2013,2017,4
8426,9003686671652635992,Microtrauma,Germany,Dresden,REGIONAL,,,2,4,2013,2015,2
8427,824617816143781289,Pedestrian,United Kingdom,London,REGIONAL,,,4,7,2013,2024,11
8428,1006423458779877931,Liam Vance,United Kingdom,North,REGIONAL,,,1,1,2013,2013,0
8429,8135876075490267955,Owen Howells,United Kingdom,London,REGIONAL,,,2,5,2011,2014,3
8430,4977449107731048487,Cassio Kohl,United Kingdom,Midlands,REGIONAL,,,1,3,2014,2016,2
8431,3848111808359960740,Eton Messy,United Kingdom,London,REGIONAL,,,2,3,2014,2014,0
8432,4864986886554132764,Konrad Wehrmeister,Germany,Munich,REGIONAL,,,1,1,2014,2014,0
8433,6491099050846569428,TIMANTI,United Kingdom,London,REGIONAL,,,2,3,2015,2024,9
8434,2157498113658419,Voyeur,United Kingdom,London,REGIONAL,,,1,1,2015,2015,0
8435,7531434845619181947,Aidan Doherty,United Kingdom,London,REGIONAL,,,2,6,2015,2023,8
8436,6778945330104879393,Chad,United Kingdom,London,REGIONAL,,,1,1,2015,2015,0
8437,4207144395056116537,Levitt,Ukraine,All,REGIONAL,,,1,1,2016,2016,0
8438,7621441996477328321,Dennis Ayler,United Kingdom,London,REGIONAL,,,1,1,2017,2017,0
8439,8753760714901970243,Forriner,United Kingdom,Newcastle,REGIONAL,,,2,3,2018,2019,1
8440,2054234933939472124,Frank Butters,United Kingdom,London,REGIONAL,,,2,2,2018,2019,1
8441,8114291007581702278,The Pilotwings,France,South East,REGIONAL,,,6,11,2015,2019,4
8442,1167918996216222587,KIJANA,United Kingdom,West + Wales,REGIONAL,,,1,1,2019,2019,0
8443,7846989259844138160,Arwel Owen,United Kingdom,West + Wales,REGIONAL,,,1,2,2019,2024,5
8444,8176246820267957139,Jessica (UK),United Kingdom,Bristol,REGIONAL,,,3,5,2019,2023,4
8445,5207684935156460078,Phone Traxxx,United Kingdom,London,REGIONAL,,,4,6,2022,2026,4
8446,3881464520280915868,Andre King,United Kingdom,London,REGIONAL,,,1,1,2022,2022,0
8447,698698201881062930,Gri,Romania,All,REGIONAL,,,1,1,2022,2022,0
8448,690529462202030147,Alien Izz,United Kingdom,London,REGIONAL,,,3,4,2022,2026,4
8449,6864368504315062257,All Hands On Deck,United Kingdom,Manchester,REGIONAL,,,2,3,2022,2024,2
8450,7755939376279141737,David Barbarossa,United Kingdom,Glasgow,REGIONAL,,,1,1,2022,2022,0
8451,5524524967185574480,Jacinta,United Kingdom,Liverpool,REGIONAL,,,2,3,2022,2026,4
8452,4253761157666776870,Jukes of Hazard,United Kingdom,Midlands,REGIONAL,,,2,6,2016,2022,6
8453,6753279298190645861,Bane,United States of America,New York City,REGIONAL,,,1,2,2023,2024,1
8454,2291234316368263489,Cristi Cons,Romania,All,TOP1000,,,5,12,2016,2024,8
8455,6719915960144598006,Herodot,Romania,All,REGIONAL,,,2,4,2019,2024,5
8456,5830896592185070662,Caspa Mono,United Kingdom,London,REGIONAL,,,2,2,2023,2025,2
8457,9012519494225361351,THT GRL,United Kingdom,Manchester,REGIONAL,,,1,1,2023,2023,0
8458,780194515412400814,Kepler,United Kingdom,Leeds,REGIONAL,,,5,11,2018,2026,8
8459,8957248626123448780,Jacklyn,United Kingdom,London,REGIONAL,,,1,1,2024,2024,0
8460,6250977659110950634,Buckley,United Kingdom,North,REGIONAL,,,2,3,2011,2024,13
8461,3031643437533011395,Judy Free,New Zealand,Wellington,REGIONAL,,,1,1,2024,2024,0
8462,6585672812313249800,Luke Reynolds,United Kingdom,Leeds,REGIONAL,,,1,5,2024,2026,2
8463,3877960149909858652,That,,,,,,1,1,2024,2024,0
8464,3097787069794155596,Sam Sharp,United Kingdom,London,REGIONAL,,,2,2,2023,2025,2
8465,7688048842499274653,Villager,United States of America,Washington DC,REGIONAL,,,1,1,2025,2025,0
8466,8154797103605733161,Mix Master Mike,United States of America,Los Angeles,REGIONAL,,,1,1,2008,2008,0
8467,3492745370396011523,Surkin,France,Paris,REGIONAL,,,2,3,2007,2010,3
8468,619536810735067646,Jonas Sella,France,West,REGIONAL,,,1,3,2010,2014,4
8469,877769029698829694,Arnaud Rebotini,France,Paris,REGIONAL,,,2,8,2012,2019,7
8470,6680774032270057817,Dilemn,France,South East,REGIONAL,,,1,1,2012,2012,0
8471,9180709655817523251,Marst,France,Paris,REGIONAL,,,1,2,2012,2012,0
8472,7478685483384610130,Kartell,France,Paris,REGIONAL,,,1,2,2013,2018,5
8473,2893677143615145117,Oniris,France,French Riviera,REGIONAL,,,1,10,2013,2025,12
8474,2098456406337709529,Dehousy,France,West,REGIONAL,,,1,2,2013,2014,1
8475,808728262575491749,His Computer Band,,,,,,1,1,2013,2013,0
8476,2031671359874780234,Blake Baxter,United States of America,Detroit,TOP1000,,,1,1,2014,2014,0
8477,6062171949401719605,Blutch,France,West,REGIONAL,,,1,25,2014,2025,11
8478,5850174216939761270,Marc Houle,Canada,Windsor,REGIONAL,,,3,3,2007,2014,7
8479,1060591275512304562,Pedro Maia,Spain,Barcelona,REGIONAL,,,1,1,2016,2016,0
8480,8759179314499705979,Mad Rey,France,Paris,REGIONAL,,,3,5,2016,2025,9
8481,1389421608936458428,The Herbaliser,United Kingdom,London,REGIONAL,,,1,1,2017,2017,0
8482,3301347830501577424,Soul,,,,,,1,1,2017,2017,0
8483,8554761451098509390,Densha Crisis,France,South West,REGIONAL,,,1,1,2018,2018,0
8484,7334823977686009760,Paulette Sauvage,,,REGIONAL,,,1,2,2018,2023,5
8485,9090811627891089420,Verset Zero,France,Paris,REGIONAL,,,1,1,2019,2019,0
8486,6576019316920953327,16 Pineapples,Russia,Moscow,REGIONAL,,,1,1,2019,2019,0
8487,3765288106943593193,Britney Speed (FR),France,Nantes,REGIONAL,,,1,1,2022,2022,0
8488,4661540719658361879,KUSS,France,Paris,REGIONAL,,,1,1,2022,2022,0
8489,4107291992961915010,UltraViolette,United States of America,Ohio,REGIONAL,,,1,1,2022,2022,0
8490,6494936316258040226,Célélé,France,West,REGIONAL,,,2,4,2021,2024,3
8491,86310732775078457,Re:drum,Ukraine,All,REGIONAL,,,1,1,2023,2023,0
8492,4530479420620500845,Cate Hortl,France,South West,REGIONAL,,,2,4,2023,2024,1
8493,5706526455720108601,Cassie Raptor,France,Paris,REGIONAL,,,1,2,2023,2026,3
8494,3635617420168460234,Li-Z,Netherlands,Rotterdam,REGIONAL,,,1,1,2023,2023,0
8495,5563293876420241963,Tripped,Belgium,All,REGIONAL,,,1,1,2023,2023,0
8496,4640995178766685744,Vanille,France,Paris,REGIONAL,,,3,3,2022,2023,1
8497,7886729368132852118,Maëlstrom,France,Paris,REGIONAL,,,2,3,2021,2024,3
8498,2908884460789156945,Il Est Vilaine,France,Paris,REGIONAL,,,1,1,2023,2023,0
8499,367255550437659053,Elise Massoni,France,Paris,REGIONAL,,,1,2,2025,2025,0
8500,6289599981398381994,Sonico,Colombia,Bogotá,REGIONAL,,,1,1,2025,2025,0
8501,8825990257069162191,CARAVEL,France,Lyon,REGIONAL,,,4,4,2023,2026,3
8502,5871090106934857936,Ybrid,France,West,REGIONAL,,,1,1,2026,2026,0
8503,2349246878202073457,Hyas,France,Lyon,REGIONAL,,,3,8,2021,2026,5
8504,7570968372749353538,Nick Bennett,United Kingdom,London,REGIONAL,,,1,2,2016,2016,0
8505,1468884586838603685,Ilija Rudman,Croatia,All,REGIONAL,,,2,11,2014,2023,9
8506,7600251791858564633,Katzele,Germany,Berlin,REGIONAL,,,1,1,2016,2016,0
8507,812849535498558017,Myles Mears,United Kingdom,London,REGIONAL,,,1,3,2016,2017,1
8508,3712753809041365987,Peter Leung,United Kingdom,London,REGIONAL,,,1,3,2016,2019,3
8509,1121940111197131316,Jazzanova,Germany,Berlin,REGIONAL,,,2,2,2017,2026,9
8510,5495901205310469689,Ian Blevins,United Kingdom,North,REGIONAL,,,1,1,2017,2017,0
8511,2055271124101607676,Hemlin,United Kingdom,London,REGIONAL,,,3,6,2017,2024,7
8512,5372306233799828822,Victor Rodriguez,United States of America,Los Angeles,REGIONAL,,,1,3,2019,2022,3
8513,2717290844564767077,Earthboogie,United Kingdom,London,REGIONAL,,,1,1,2019,2019,0
8514,7773726777649818712,Will TRAMP!,United Kingdom,North,REGIONAL,,,1,1,2019,2019,0
8515,4749867004672924903,Castro Moore,Germany,Berlin,REGIONAL,,,1,1,2024,2024,0
8516,7737272964047679551,PNNY,Indonesia,All,REGIONAL,,,1,1,2024,2024,0
8517,4701520469251305089,Andee Frost,Australia,Melbourne,REGIONAL,,,1,1,2025,2025,0
8518,6886330409985173874,dj_2button,Canada,Vancouver,REGIONAL,,,1,1,2025,2025,0
8519,7969069708476225690,Blason,United Kingdom,London,REGIONAL,,,1,1,2026,2026,0
8520,8448415918036632871,C.A.R.,United Kingdom,London,REGIONAL,,,3,4,2012,2026,14
8521,3786496447975391757,Cosmo (KR),South Korea,Seoul,REGIONAL,,,2,3,2024,2026,2
8522,1950284820019167035,Rhod Parry,United Kingdom,Manchester,REGIONAL,,,3,4,2021,2026,5
8523,5873587445956571172,CHIDA,Japan,Tokyo,REGIONAL,,,1,1,2026,2026,0
8524,4415076197776446599,Fife,United Kingdom,London,REGIONAL,,,1,1,2013,2013,0
8525,1820586051762480674,Lex Darker,United Kingdom,London,REGIONAL,,,1,1,2013,2013,0
8526,7725515434713102466,Alison Marks,United Kingdom,London,REGIONAL,,,1,2,2014,2014,0
8527,1014935034763658382,The Last Skeptik,United Kingdom,London,REGIONAL,,,1,1,2015,2015,0
8528,6090933369485513257,MermaidS,United Kingdom,London,REGIONAL,,,1,1,2015,2015,0
8529,4719107427446659936,Rubin,United Kingdom,London,REGIONAL,,,2,4,2015,2019,4
8530,7598739807511921513,Spencer Parker,United Kingdom,London,TOP1000,,,3,3,2017,2025,8
8531,8071326322090679841,K-HAND,,,TOP1000,,,3,3,2018,2020,2
8532,703214324214605714,Cameo Blush,United Kingdom,London,REGIONAL,,,2,2,2019,2025,6
8533,2455915713600726564,aalice,Ireland,All,REGIONAL,,,3,3,2018,2022,4
8534,7736492184573839197,Unlikely,United Kingdom,London,REGIONAL,,,1,2,2019,2024,5
8535,8724278476077933843,ADAB,United States of America,Chicago,REGIONAL,,,5,5,2022,2023,1
8536,5589856084179218624,Vindya,United Kingdom,London,REGIONAL,,,2,4,2022,2025,3
8537,2969266218049156231,aboutface,United Kingdom,London,REGIONAL,,,2,5,2017,2024,7
8538,480299753279906805,Monika Taneska,United Kingdom,West + Wales,REGIONAL,,,3,4,2022,2026,4
8539,577059473796229984,Vaquita,United Kingdom,London,REGIONAL,,,1,2,2024,2025,1
8540,4396085541035122274,West Norwood Cassette Library,United Kingdom,London,REGIONAL,,,1,1,2024,2024,0
8541,1579388182907264130,Lyla,United Kingdom,Glasgow,REGIONAL,,,1,1,2025,2025,0
8542,6444606519306503385,BOSSdaddy,United Kingdom,North,REGIONAL,,,1,1,2025,2025,0
8543,1745580852203116070,MYNA,United Kingdom,North,REGIONAL,,,2,2,2024,2025,1
8544,684871856042789579,Weston,United Kingdom,Newcastle,REGIONAL,,,1,1,2025,2025,0
8545,4859452656610204942,apex anomaly,United Kingdom,London,REGIONAL,,,1,2,2025,2026,1
8546,6597367030158455255,Beaabea,United Kingdom,Nottingham,REGIONAL,,,1,1,2026,2026,0
8547,3677486360211284904,D.N.S,United Kingdom,London,REGIONAL,,,2,2,2025,2026,1
8548,3731767165332127797,Yan (CZ),Czech Republic,All,REGIONAL,,,1,1,2026,2026,0
8549,9047228278949276275,Louis Moorhouse Gann,Spain,Barcelona,REGIONAL,,,1,1,2019,2019,0
8550,8841680744806515560,Phran,Venezuela,All,REGIONAL,,,1,2,2020,2025,5
8551,4363277761834647838,Camilo Miranda,Spain,Ibiza,REGIONAL,,,1,2,2021,2022,1
8552,4747769628678105254,DJ Bruce Lee,Spain,Barcelona,REGIONAL,,,1,2,2021,2025,4
8553,8588362660477940511,Cat Gabal,France,East,REGIONAL,,,1,2,2022,2022,0
8554,6888556782296871275,Dulce (1),Colombia,Bogotá,REGIONAL,,,1,1,2023,2023,0
8555,1089432577996869341,Fernanda Arrau,Chile,All,REGIONAL,,,1,3,2023,2025,2
8556,4037385654722630177,Breixo Martinez,Spain,Barcelona,REGIONAL,,,1,2,2024,2025,1
8557,1756314879106417367,Jhort,Spain,Barcelona,REGIONAL,,,1,2,2024,2026,2
8558,422534826462947299,Jehia,Egypt,All,REGIONAL,,,1,1,2024,2024,0
8559,835389847352205982,Dulce (US),United States of America,San Francisco/Oakland,REGIONAL,,,1,1,2025,2025,0
8560,4440118076436677658,mabo,Colombia,Bogotá,REGIONAL,,,1,1,2025,2025,0
8561,8878355364174145507,Adrian Marth,Spain,Barcelona,REGIONAL,,,1,2,2025,2025,0
8562,9200403231453701298,Javi Lier,Spain,North,REGIONAL,,,1,1,2026,2026,0
8563,4382708002821403895,Valium,Spain,North,REGIONAL,,,1,1,2026,2026,0
8564,5030586785292959893,Tom Sharkett,United Kingdom,Manchester,REGIONAL,,,1,1,2026,2026,0
8565,4065516770164444927,Andreas Bergmann,Netherlands,All,REGIONAL,,,1,15,2014,2022,8
8566,1175998468031425386,Dayak,Netherlands,All,REGIONAL,,,1,1,2014,2014,0
8567,1633021985315795024,Alexander Koning,Netherlands,Amsterdam,REGIONAL,,,1,4,2015,2019,4
8568,7163511714885400517,Cesar Merveille,Germany,Berlin,TOP1000,,,2,2,2010,2015,5
8569,5936072368367273203,Roby,,,,,,1,1,2015,2015,0
8570,7999764527161219461,Reggy Van Oers,Netherlands,Amsterdam,REGIONAL,,,1,2,2015,2015,0
8571,770532893724246402,Mathias Kaden,Germany,Frankfurt,TOP1000,,,3,13,2007,2017,10
8572,7698521082593452080,Wouter de Moor,Netherlands,Amsterdam,REGIONAL,,,1,1,2015,2015,0
8573,1553823012922581079,Sahar Z,Israel,All,REGIONAL,,,2,4,2016,2024,8
8574,7931027003402979770,Clarian,Canada,Montreal,REGIONAL,,,1,1,2017,2017,0
8575,95083617836296744,Danny Howells,United Kingdom,London,REGIONAL,,,1,1,2017,2017,0
8576,3114129829545634604,Mono-poly,Canada,Montreal,REGIONAL,,,2,9,2012,2026,14
8577,3095374235835855371,Edwin Oosterwal,Netherlands,Amsterdam,REGIONAL,,,2,3,2008,2018,10
8578,7668626204834953894,Christoffer,,,,,,2,2,2017,2018,1
8579,689418116631277267,Nicholas,,,,,,2,2,2017,2018,1
8580,6400273106923690480,reyger,,,,,,1,1,2018,2018,0
8581,3210005221450220199,Aron Volta,Netherlands,All,REGIONAL,,,2,2,2020,2025,5
8582,1177020088089668523,ItaloJohnson,Germany,Berlin,TOP1000,,,4,4,2014,2021,7
8583,6941667508857664507,Christian Thomas (2),Netherlands,All,REGIONAL,,,1,3,2022,2025,3
8584,5219035599376364593,Joren Edwards,Netherlands,Amsterdam,REGIONAL,,,1,1,2022,2022,0
8585,7515281619914359831,Artefakt,Netherlands,Amsterdam,REGIONAL,,,2,2,2017,2025,8
8586,4784823231918800373,Ajuma,Netherlands,Utrecht,REGIONAL,,,5,7,2022,2026,4
8587,3150482100857641628,Miyuki Omura,Japan,Tokyo,REGIONAL,,,1,1,2025,2025,0
8588,4889877860980587901,Jelte,Netherlands,All,REGIONAL,,,1,1,2025,2025,0
8589,7325254384181492950,jannah,Netherlands,Amsterdam,REGIONAL,,,2,2,2025,2026,1
8590,6152508268157387233,Siskid,France,Paris,REGIONAL,,,1,1,2006,2006,0
8591,2221034705509714925,Quenum,Switzerland,Geneva,REGIONAL,,,1,1,2006,2006,0
8592,2360333684879022331,Joakim,France,Paris,TOP1000,,,3,6,2007,2023,16
8593,3118139456052529097,Matzak,France,South East,REGIONAL,,,1,1,2007,2007,0
8594,4933552254065151454,Von Spar,Germany,Cologne,REGIONAL,,,1,1,2007,2007,0
8595,6565519987777711039,AND.ID,Greece,All,REGIONAL,,,1,1,2008,2008,0
8596,5864631242152662670,Ph-Neutre,France,Paris,REGIONAL,,,1,1,2008,2008,0
8597,6248303402179047877,Divaï,France,South East,REGIONAL,,,1,1,2008,2008,0
8598,7624959821011027792,Cut Chemist,United States of America,Los Angeles,REGIONAL,,,1,1,2009,2009,0
8599,7187321964531347550,Matmos,United States of America,San Francisco/Oakland,REGIONAL,,,1,1,2009,2009,0
8600,415483457456389994,Gordon,France,Paris,REGIONAL,,,1,2,2010,2015,5
8601,2832228989321227438,SKNDR,Tunisia,All,REGIONAL,,,1,2,2010,2010,0
8602,1618206466560506488,Reboot,Germany,Frankfurt,REGIONAL,,,4,6,2010,2013,3
8603,4800580503218814295,Opti,France,Paris,REGIONAL,,,1,3,2011,2012,1
8604,4234672137165949172,Discodeine,France,Paris,REGIONAL,,,1,2,2011,2014,3
8605,2263921502825989769,Anton X,France,Lyon,REGIONAL,,,3,3,2011,2025,14
8606,5431117329444121583,Faon,France,South East,REGIONAL,,,1,3,2011,2012,1
8607,8318322304561467476,Sound Pellegrino Thermal Team,France,Paris,REGIONAL,,,2,3,2011,2013,2
8608,2032153137682424620,New Order,United Kingdom,North,REGIONAL,,,1,1,2012,2012,0
8609,4024350089623276903,Lazer Sword,Germany,Berlin,REGIONAL,,,1,1,2012,2012,0
8610,7438529294841940166,Oblast,Germany,Berlin,REGIONAL,,,1,1,2012,2012,0
8611,7642844157177993321,R1 Ryders,United Kingdom,London,REGIONAL,,,1,1,2012,2012,0
8612,8556717338755182928,MTD,Italy,North,REGIONAL,,,1,1,2012,2012,0
8613,9190654866454493111,Pantha Du Prince,,,,,,1,2,2013,2013,0
8614,1423763537405053286,The Bell Laboratory,,,,,,1,2,2013,2013,0
8615,3722507532981121359,Dan Deacon,United States of America,Maryland,REGIONAL,,,1,2,2013,2013,0
8616,7784112615421806473,Patrick Forge,United Kingdom,South + East,REGIONAL,,,2,8,2013,2024,11
8617,9044148673608580305,Elysee,France,South East,REGIONAL,,,1,1,2013,2013,0
8618,2059289323142671675,PALMA,France,South East,REGIONAL,,,1,2,2013,2015,2
8619,7852626979170871941,Labelle,,,REGIONAL,,,1,1,2014,2014,0
8620,5797589051690461099,I/Y,Germany,Berlin,REGIONAL,,,1,1,2014,2014,0
8621,1629315268506285945,Mr Freddy,France,Paris,REGIONAL,,,1,2,2014,2018,4
8622,9180686279925359565,Palisade,Germany,Berlin,REGIONAL,,,1,2,2015,2015,0
8623,8982638422747961483,Klaaar,France,Lyon,REGIONAL,,,1,3,2015,2016,1
8624,9099246652142880760,Somaticae,France,Paris,REGIONAL,,,1,2,2015,2015,0
8625,7247872045401433461,Mihai Popoviciu,Romania,All,REGIONAL,,,2,2,2015,2017,2
8626,8221089013591815248,Action Bronson,United States of America,New York City,REGIONAL,,,1,1,2018,2018,0
8627,1949396569898954095,Maetrik,Spain,East,REGIONAL,,,2,2,2015,2018,3
8628,217021912191791117,Lokier,Mexico,Monterrey,TOP1000,,,3,4,2019,2021,2
8629,5355702127705933926,Warum,France,Lyon,REGIONAL,,,1,4,2019,2024,5
8630,156436594078390475,3Phaz,Egypt,All,REGIONAL,,,2,2,2019,2024,5
8631,7357994222491424465,David Holmes,Ireland,All,REGIONAL,,,2,2,2020,2024,4
8632,7288286446329034050,Gin Tonic Orchestra,France,South East,REGIONAL,,,1,1,2021,2021,0
8633,914650788018630561,Danse Musique Rhône-Alpes,France,Lyon,REGIONAL,,,1,1,2022,2022,0
8634,1287908920489931370,Carla Genus,France,Paris,REGIONAL,,,1,1,2023,2023,0
8635,5058408725072760891,Justine,France,South East,REGIONAL,,,1,1,2023,2023,0
8636,1892660645060517990,Lars Bartkuhn,Germany,Frankfurt,REGIONAL,,,2,2,2018,2023,5
8637,7458905440185451473,Lazuli,,,,,,1,1,2023,2023,0
8638,4217588387328133543,sohrab.,United Kingdom,London,REGIONAL,,,1,1,2024,2024,0
8639,144057684577875653,The Lazy Jesus,Ukraine,Kyiv,REGIONAL,,,1,1,2024,2024,0
8640,7695310473550229008,Async Figure,United Kingdom,London,REGIONAL,,,1,1,2024,2024,0
8641,5519824662845573353,Cardozo,France,Montpellier,REGIONAL,,,1,2,2024,2026,2
8642,3905262516275569118,Zoë Mc Pherson,United Kingdom,London,REGIONAL,,,2,3,2019,2024,5
8643,7400907676807066819,SUERTE (FR),France,Lyon,REGIONAL,,,1,1,2024,2024,0
8644,8702958167699196365,Sébastien Forrester,France,Paris,REGIONAL,,,1,1,2025,2025,0
8645,7938594310237488744,Fanny,France,Marseille,REGIONAL,,,1,1,2025,2025,0
8646,2801338172024325714,Sara Persico,Italy,Naples,REGIONAL,,,1,1,2025,2025,0
8647,5934952546901381011,BLACKCLUB,United States of America,Chicago,REGIONAL,,,1,1,2025,2025,0
8648,3729832616555409737,Lila Tirando a Violeta,Uruguay,All,REGIONAL,,,1,1,2026,2026,0
8649,2458302876048560209,Paul Seul,France,Paris,REGIONAL,,,1,1,2026,2026,0
8650,1697969684422457574,Solarce Brothers,Brazil,All,REGIONAL,,,1,1,2026,2026,0
8651,5588077713814630008,Chuwee,United States of America,California,REGIONAL,,,3,4,2024,2026,2
8652,7001764393722037076,Marc Schneider,Germany,Berlin,REGIONAL,,,2,2,2018,2026,8
8653,1881483675551409929,SOMNE,Italy,Milan,REGIONAL,,,2,6,2014,2025,11
8654,7631293269473528544,Rollover Djs,Italy,North,REGIONAL,,,1,2,2020,2023,3
8655,1128958364453688130,DASCO,Germany,Berlin,REGIONAL,,,1,1,2022,2022,0
8656,7894965015986943766,Vittilucchi,Italy,Milan,REGIONAL,,,1,4,2023,2024,1
8657,3449187998520346782,frieda (IT),Italy,Rome,REGIONAL,,,1,3,2024,2025,1
8658,747741628586709582,Ricardo Baez,Italy,Central,REGIONAL,,,1,1,2024,2024,0
8659,4566919274472983941,Tullio De Piscopo,Italy,Naples,REGIONAL,,,2,2,2023,2024,1
8660,3122660670537434279,Malik Hendricks,United States of America,New York City,REGIONAL,,,1,1,2024,2024,0
8661,4809323359760143138,Godi Osegueda,Brazil,All,REGIONAL,,,1,1,2024,2024,0
8662,1808416781984128416,Obbi,Italy,Naples,REGIONAL,,,1,1,2025,2025,0
8663,5084809150794379923,Joiah,Italy,Venice,REGIONAL,,,1,1,2026,2026,0
8664,781286067666731562,Hutcher,Australia,Sydney,REGIONAL,,,1,1,2023,2023,0
8665,7120040059916815262,mara (AU),Australia,Sydney,REGIONAL,,,1,1,2025,2025,0
8666,4403020606267826655,TONY IANNICELLI,Italy,Naples,REGIONAL,,,1,1,2024,2024,0
8667,2837781765300088466,Mario Selva,Italy,Naples,REGIONAL,,,1,1,2025,2025,0
8668,5271560846188023726,Alfonso Mauro,Italy,Naples,REGIONAL,,,1,1,2025,2025,0
8669,5591091887066374062,Dawn Day Night,United Kingdom,London,REGIONAL,,,1,1,2013,2013,0
8670,6081190677944982027,Tall Black Guy,United States of America,Detroit,REGIONAL,,,1,1,2014,2014,0
8671,3139760396738342191,George Clinton,United States of America,California,REGIONAL,,,1,1,2015,2015,0
8672,6946744628136668178,Lexis (Music Is My Sanctuary),Canada,Montreal,REGIONAL,,,1,4,2015,2019,4
8673,760007260971971255,Michael Bibi,United Kingdom,London,TOP1000,,,2,2,2015,2023,8
8674,7551595780938333568,Hodgson,United Kingdom,London,REGIONAL,,,1,1,2015,2015,0
8675,1698947465642487667,Kenneth Christiansen,Denmark,All,TOP1000,,,1,2,2015,2016,1
8676,1038500072513791338,ASOK,United Kingdom,North,REGIONAL,,,2,3,2017,2019,2
8677,2772004294321300218,Andrea Ljekaj,Croatia,All,REGIONAL,,,1,1,2017,2017,0
8678,5353654878768374560,Mike BC,United Kingdom,Leeds,REGIONAL,,,2,6,2018,2025,7
8679,5987057457891206533,Tom Hannah,United Kingdom,London,REGIONAL,,,1,3,2018,2019,1
8680,3236444073715908280,Volruptus,Iceland,All,REGIONAL,,,2,2,2018,2019,1
8681,6087292300237073272,Yak,United Kingdom,North,REGIONAL,,,3,3,2019,2021,2
8682,3576174003832039593,Ian DPM,United Kingdom,South + East,REGIONAL,,,1,1,2019,2019,0
8683,2029247697112135286,Minus Kendal,United Kingdom,London,REGIONAL,,,2,5,2019,2024,5
8684,5839981257654421425,Nas1,Italy,North,REGIONAL,,,1,1,2019,2019,0
8685,4598775614825102258,Credit 00,Germany,Leipzig,REGIONAL,,,1,1,2021,2021,0
8686,843368105553719046,Plush Managements Inc.,Canada,Vancouver,REGIONAL,,,1,1,2024,2024,0
8687,5128060510231617850,Unjack,United Kingdom,London,REGIONAL,,,1,2,2024,2025,1
8688,8962395010305873132,John Raffaele,United States of America,New York City,REGIONAL,,,1,2,2024,2026,2
8689,2571765415426321224,Olive (US),United States of America,New York City,REGIONAL,,,1,1,2024,2024,0
8690,6058557091064623724,SIT Amphia,Romania,All,REGIONAL,,,3,3,2018,2025,7
8691,6311942467663279690,Ante Perry,Germany,Dortmund / Essen,REGIONAL,,,1,2,2014,2015,1
8692,790767759395891719,Westbam,Germany,Berlin,REGIONAL,,,1,1,2014,2014,0
8693,7173256149657182147,Don Williams,Germany,Berlin,REGIONAL,,,1,1,2016,2016,0
8694,63454094526621437,Julia Govor,United States of America,New York City,TOP1000,,,3,4,2017,2023,6
8695,5505763829964236471,Bryan Kessler,Germany,Cologne,REGIONAL,,,1,1,2019,2019,0
8696,3625962856047986199,LUZ1E,Germany,Berlin,REGIONAL,,,2,2,2022,2023,1
8697,5656773959291222610,DJ YARAK,Germany,Berlin,REGIONAL,,,1,2,2023,2023,0
8698,1095840678400127101,low Ki,Germany,Cologne,REGIONAL,,,1,1,2023,2023,0
8699,478250729677147419,Justin Tinderdate,Germany,Berlin,REGIONAL,,,1,3,2024,2025,1
8700,9058179852986946800,Ramón Zappa,Germany,Cologne,REGIONAL,,,1,1,2025,2025,0
8701,2630351802536073628,Ursula Erdmann,Germany,Cologne,REGIONAL,,,1,2,2025,2025,0
8702,1421290220077030055,DJ GUESTLIST,Germany,Berlin,REGIONAL,,,1,2,2026,2026,0
8703,4888655748856684981,DJ Palga,Germany,Berlin,REGIONAL,,,1,3,2026,2026,0
8704,947441499105256427,Mike Momburg,Germany,Cologne,REGIONAL,,,1,2,2026,2026,0
8705,4953631297215079418,Redfocks,Germany,North Rhine-Westphalia,REGIONAL,,,1,1,2026,2026,0
8706,6837078771973749408,Gustav Ørgano,Germany,Münster,REGIONAL,,,1,1,2026,2026,0
8707,357926064196993525,Fabe,Germany,Mannheim,REGIONAL,,,2,5,2018,2025,7
8708,4980472461196223880,Sedee,Germany,Mannheim,REGIONAL,,,1,1,2018,2018,0
8709,4650478156842578802,Antoine Sy,France,South West,REGIONAL,,,1,1,2019,2019,0
8710,5044251277688805478,Evonii,Lithuania,All,REGIONAL,,,1,1,2019,2019,0
8711,4128411124234174580,Mohia,France,North,REGIONAL,,,1,1,2019,2019,0
8712,496872273311596294,Rülen,France,Paris,REGIONAL,,,1,1,2019,2019,0
8713,7165541078545472852,Sepp,Romania,All,REGIONAL,,,1,3,2020,2023,3
8714,1112388754606588236,Nu Zau,Romania,Bucharest,REGIONAL,,,1,6,2020,2023,3
8715,8541482315268744092,Mihai Pol,Romania,Bucharest,REGIONAL,,,1,1,2021,2021,0
8716,3427451951584972478,Motus,Belgium,All,REGIONAL,,,1,4,2021,2025,4
8717,1462325838908529565,Nikki Chong,Australia,Brisbane,REGIONAL,,,1,2,2022,2023,1
8718,863649302344657702,Aroop Roy,United Kingdom,London,REGIONAL,,,4,6,2022,2024,2
8719,453517779537657356,Macca (2),United Kingdom,Newcastle,REGIONAL,,,3,3,2023,2026,3
8720,2593089898283656480,THELMA,Switzerland,Lausanne,REGIONAL,,,3,4,2023,2026,3
8721,1658235381573004507,DJ 3000,United States of America,Detroit,REGIONAL,,,1,1,2018,2018,0
8722,4761730351359102177,AKA Juan,United Kingdom,London,REGIONAL,,,1,10,2018,2026,8
8723,8729782730788811469,Disco Fucks,United Kingdom,London,REGIONAL,,,1,1,2024,2024,0
8724,5439542353690019796,Chapel Walk,United Kingdom,London,REGIONAL,,,2,5,2022,2026,4
8725,3282925249572903824,Elektraversion,United Kingdom,London,REGIONAL,,,1,1,2025,2025,0
8726,8507304144127918625,Joi La Frique,United Kingdom,North,REGIONAL,,,3,4,2022,2025,3
8727,8559281434126867957,Ordinary Mornings,United Kingdom,London,REGIONAL,,,1,1,2025,2025,0
8728,3005692808143740225,Valentine Comar,France,Paris,REGIONAL,,,1,1,2025,2025,0
8729,8125979180246761516,Dj Bassan,Brazil,Sao Paulo,REGIONAL,,,1,1,2026,2026,0
8730,6697878700735223880,Eshie,United States of America,California,REGIONAL,,,2,2,2024,2026,2
8731,3191538041667638883,Harry James,United Kingdom,London,REGIONAL,,,3,5,2021,2026,5
8732,4730401405980007347,Andy George,,,,,,1,1,2016,2016,0
8733,6830633459376650617,Craig Charles,United Kingdom,North,REGIONAL,,,1,5,2016,2021,5
8734,5803950121435328185,Hugo Massien,,,REGIONAL,,,1,1,2016,2016,0
8735,8592222075735043598,Zeké Africa,United Kingdom,London,REGIONAL,,,1,1,2016,2016,0
8736,4681841841442322329,Elder Island,United Kingdom,Bristol,REGIONAL,,,2,7,2016,2026,10
8737,7195575666536032531,Joe Goddard,United Kingdom,London,REGIONAL,,,2,3,2017,2024,7
8738,5567434938831158582,Baba Stiltz,Sweden,All,TOP1000,,,1,1,2017,2017,0
8739,7994082998177088230,DJ Yoda,United Kingdom,London,REGIONAL,,,2,2,2015,2018,3
8740,2266126032538590523,Wiki,Italy,Central,REGIONAL,,,1,1,2018,2018,0
8741,4004050753441306807,ONIPA,Ghana,All,REGIONAL,,,2,2,2019,2020,1
8742,6676269487881002570,Finn,United Kingdom,North,REGIONAL,,,1,1,2021,2021,0
8743,1960083334800108364,Kareem Ali,United States of America,New York City,REGIONAL,,,1,1,2022,2022,0
8744,6635683873959715286,Antony Szmierek,United Kingdom,Manchester,REGIONAL,,,2,2,2023,2026,3
8745,1813282404388389308,MAFRO,United Kingdom,London,REGIONAL,,,1,1,2023,2023,0
8746,2396154942288162094,SHEE,United Kingdom,Northern Ireland,REGIONAL,,,2,3,2024,2025,1
8747,6818053656846356116,Kryder,United Kingdom,North,REGIONAL,,,1,3,2012,2015,3
8748,8345833968801291954,The Revenge,United Kingdom,Glasgow,REGIONAL,,,1,1,2012,2012,0
8749,7346312674237825390,Tiptoe,United Kingdom,North,REGIONAL,,,1,1,2013,2013,0
8750,4219139787316828163,Ferry Corsten,Netherlands,Amsterdam,REGIONAL,,,1,1,2013,2013,0
8751,608788083111260316,Perrin,United Kingdom,London,REGIONAL,,,1,4,2014,2019,5
8752,3788098243597985255,Tom Swoon,Poland,All,REGIONAL,,,1,1,2014,2014,0
8753,1675639740397055151,Ummet Ozcan,Netherlands,Amsterdam,REGIONAL,,,1,1,2016,2016,0
8754,7709046937792415942,Friend Within,United Kingdom,North,REGIONAL,,,2,2,2015,2017,2
8755,2646048348801527278,Sam Divine,United Kingdom,London,TOP1000,,,3,9,2019,2025,6
8756,8657140915202534403,Ellia Jaya,United Kingdom,North,REGIONAL,,,2,5,2024,2026,2
8757,7360093089252651855,Yazmin Lacey,United Kingdom,Midlands,REGIONAL,,,1,3,2019,2026,7
8758,6659476804846478444,Silentjay,Australia,Melbourne,REGIONAL,,,1,1,2019,2019,0
8759,8182476342952491249,The Rail Abandon,United Kingdom,London,REGIONAL,,,1,1,2019,2019,0
8760,7163601010411865406,Lori (1),Australia,Melbourne,REGIONAL,,,1,1,2019,2019,0
8761,1458676453683253297,Martin Brew,United Kingdom,Manchester,REGIONAL,,,1,1,2019,2019,0
8762,3005389211357942750,P-Ro,United Kingdom,North,REGIONAL,,,1,1,2020,2020,0
8763,5068274326499369667,Joe Roche,United Kingdom,Manchester,REGIONAL,,,1,1,2021,2021,0
8764,955763839758272605,Peshay,United Kingdom,London,REGIONAL,,,1,2,2022,2023,1
8765,1412374610822193971,Shut Up and Dance,United Kingdom,London,REGIONAL,,,1,1,2022,2022,0
8766,8581616558048496535,Vanessa Maria,United Kingdom,London,REGIONAL,,,3,4,2022,2023,1
8767,9129368157454182362,Bembe Segue,United Kingdom,London,REGIONAL,,,1,2,2022,2024,2
8768,4705518986685830736,Hannah O'Gorman,United Kingdom,Manchester,REGIONAL,,,1,1,2023,2023,0
8769,1087231132383480284,Keltoi,United Kingdom,Manchester,REGIONAL,,,1,1,2023,2023,0
8770,3401416496041878510,DJ Amir,United States of America,New York City,REGIONAL,,,1,1,2023,2023,0
8771,6606720661483153805,Barbie,North Macedonia,All,REGIONAL,,,1,1,2023,2023,0
8772,1611982821642930767,Paul (1),France,Paris,REGIONAL,,,1,1,2023,2023,0
8773,4286673938010277140,Brian Jackson,United Kingdom,Leeds,REGIONAL,,,1,1,2024,2024,0
8774,3372012077071326270,Darryn Jones,United States of America,Chicago,REGIONAL,,,2,2,2022,2024,2
8775,1104855194364188840,TLK,United Kingdom,North,REGIONAL,,,1,1,2024,2024,0
8776,394076828414608477,Joe Bataan,United States of America,New York City,REGIONAL,,,1,1,2025,2025,0
8777,6244498340724894601,The Jungle Drummer,United Kingdom,London,REGIONAL,,,1,1,2025,2025,0
8778,1528434118778531267,Queen Bee,United States of America,Seattle,REGIONAL,,,1,1,2025,2025,0
8779,8153286554871442333,Lovie,United States of America,Washington DC,REGIONAL,,,1,2,2025,2026,1
8780,3213949657896295216,Winston Hazel,United Kingdom,North,REGIONAL,,,1,1,2025,2025,0
8781,1852381969086609756,Living Room Dance Club,United Kingdom,Manchester,REGIONAL,,,1,1,2025,2025,0
8782,3808176403847774594,Mi Ke,Portugal,Porto,REGIONAL,,,1,1,2026,2026,0
8783,6030949119330878671,Faro,United Kingdom,South + East,REGIONAL,,,1,1,2026,2026,0
8784,4978205679874966633,Christian Duka,Italy,Central,REGIONAL,,,1,1,2023,2023,0
8785,395154111902544238,Albion Street Music,United States of America,San Francisco/Oakland,REGIONAL,,,1,2,2025,2026,1
8786,5056045827616928965,LT (UK),United Kingdom,North,REGIONAL,,,1,1,2025,2025,0
8787,3372517241254413902,floor length skirts,United Kingdom,London,REGIONAL,,,1,1,2026,2026,0
8788,5196409310195729677,FROND,United Kingdom,London,REGIONAL,,,2,3,2024,2026,2
8789,734871715458127153,Amirali,Iran,All,REGIONAL,,,1,1,2012,2012,0
8790,5614534742308454146,CHIC,United States of America,New York City,REGIONAL,,,1,1,2013,2013,0
8791,1660582953290256853,Ziro,United Kingdom,West + Wales,REGIONAL,,,1,1,2013,2013,0
8792,4309513435217160741,Jus Now,United Kingdom,West + Wales,REGIONAL,,,1,9,2013,2018,5
8793,6364496376931474964,Outboxx,United Kingdom,West + Wales,REGIONAL,,,1,1,2013,2013,0
8794,5567545520757324092,OH91,United Kingdom,London,REGIONAL,,,1,2,2014,2015,1
8795,5204704544589776040,Kove,United Kingdom,London,REGIONAL,,,1,2,2014,2014,0
8796,704202070006853757,Thrilogy,United Kingdom,West + Wales,REGIONAL,,,1,4,2015,2019,4
8797,5199117565953629310,Chinese Man,France,South East,REGIONAL,,,1,1,2016,2016,0
8798,632542066211554213,Crawford,United Kingdom,West + Wales,REGIONAL,,,1,1,2019,2019,0
8799,9065686339718338277,Hutton,United Kingdom,London,REGIONAL,,,1,1,2019,2019,0
8800,8474951254822866716,Tristan Ferguson,,,REGIONAL,,,1,1,2019,2019,0
8801,1225457754863134563,Lolli,United Kingdom,Bristol,REGIONAL,,,1,2,2025,2025,0
8802,1092844178306960724,Geeneus,United Kingdom,London,REGIONAL,,,1,1,2025,2025,0
8803,1167586917031478785,Anaïs,United Kingdom,Bristol,REGIONAL,,,1,1,2025,2025,0
8804,6388970187428882095,Artemis,Lebanon,All,REGIONAL,,,1,1,2025,2025,0
8805,958721411377784168,Bjan Jensen,Malta,All,REGIONAL,,,1,5,2016,2024,8
8806,5536257493452668512,Brian Pedersen,Denmark,All,REGIONAL,,,1,2,2018,2019,1
8807,8862412303033873090,CHRSmusic,Italy,Sicily,REGIONAL,,,1,1,2022,2022,0
8808,5115491833786199445,Miro Von (unlive),,,,,,1,1,2022,2022,0
8809,5979815980998825225,Ngoni Egan,Ireland,Dublin,REGIONAL,,,3,3,2022,2023,1
8810,1920990558134281332,Brutalismus 3000,Germany,Berlin,REGIONAL,,,2,4,2023,2025,2
8811,3377648340446619594,Chaos System,Malta,All,REGIONAL,,,1,1,2023,2023,0
8812,6163924836305430274,Sound synthesis (2),Malta,All,REGIONAL,,,1,2,2023,2025,2
8813,5478520656614622358,ANXHELA,Albania,All,REGIONAL,,,2,2,2024,2025,1
8814,1139875041974529497,Volpe,Argentina,Buenos Aires,REGIONAL,,,2,2,2024,2025,1
8815,5273217586322115328,Justin Jay,United States of America,Los Angeles,REGIONAL,,,1,1,2025,2025,0
8816,1340540283106772220,Mija,United States of America,Los Angeles,REGIONAL,,,1,2,2025,2026,1
8817,6674496491459348067,Gabriel Muñoz,Netherlands,Amsterdam,REGIONAL,,,1,1,2026,2026,0
8818,5515797981227970170,Hemka,France,Paris,REGIONAL,,,1,1,2026,2026,0
8819,6330385409338498706,Mika Heggemann,Germany,Berlin,REGIONAL,,,1,1,2026,2026,0
8820,360988242080745839,Sanna Mun,,,REGIONAL,,,1,1,2026,2026,0
8821,455717643631929762,Sera J,Greece,All,REGIONAL,,,1,1,2026,2026,0
8822,2195445614001263259,Razz (MT),Malta,All,REGIONAL,,,1,1,2026,2026,0
8823,5895309814993689161,Mikalah Watego,Australia,Byron Bay,REGIONAL,,,1,1,2026,2026,0
8824,6948870250369917215,Turbo Sud,Italy,South,REGIONAL,,,1,1,2022,2022,0
8825,3734591517613285988,La Bek,,,REGIONAL,,,1,3,2022,2023,1
8826,1359707574130314648,BERTON,Italy,Venice,REGIONAL,,,1,1,2025,2025,0
8827,1217822293079584772,BSS-AMS,Netherlands,Amsterdam,REGIONAL,,,2,2,2026,2026,0
8828,8044433946512153190,Robin Stewart,United Kingdom,Bristol,REGIONAL,,,1,2,2022,2022,0
8829,1051249969339697285,Grainger,United Kingdom,London,REGIONAL,,,2,2,2019,2022,3
8830,7317167410691149296,Jazz (AU),Australia,Melbourne,REGIONAL,,,1,1,2022,2022,0
8831,4025723542656611624,ausschuss,Germany,Berlin,REGIONAL,,,1,1,2022,2022,0
8832,1991227197014137480,Stem,United Kingdom,London,REGIONAL,,,2,2,2022,2022,0
8833,7864882632447328270,Froid Dub,France,Paris,REGIONAL,,,1,1,2023,2023,0
8834,2453923544262374748,Camille Maria,,,REGIONAL,,,1,1,2025,2025,0
8835,6963658457836945710,Jonny Broth,United Kingdom,London,REGIONAL,,,1,1,2026,2026,0
8836,1093763971605580965,Frank Bretschneider,Germany,Berlin,REGIONAL,,,1,1,2015,2015,0
8837,3991300407034565505,We Will Fail,Poland,All,REGIONAL,,,1,1,2015,2015,0
8838,5563474553651943502,Klara Lewis,Sweden,All,REGIONAL,,,1,2,2015,2018,3
8839,5096549479454868778,apeiron,Spain,Barcelona,REGIONAL,,,1,1,2016,2016,0
8840,4597132628220205040,Maria W Horn,Sweden,All,REGIONAL,,,1,2,2016,2024,8
8841,4147073296713648935,Frankie Twilight,Sweden,All,REGIONAL,,,1,1,2017,2017,0
8842,6651422060540077572,Raphael Roginski,Poland,Warsaw,REGIONAL,,,1,1,2017,2017,0
8843,372539560520735834,Exploited Body,Finland,Helsinki,REGIONAL,,,2,4,2018,2025,7
8844,8351349969599240409,DON'T DJ,Germany,Berlin,REGIONAL,,,2,3,2015,2018,3
8845,1344948762057807435,Hiro Kone,United States of America,New York City,REGIONAL,,,1,1,2022,2022,0
8846,6492490153944738246,Ka Baird,United States of America,New York City,REGIONAL,,,1,1,2022,2022,0
8847,4427728244160733108,Teno Afrika,South Africa,All,REGIONAL,,,1,1,2022,2022,0
8848,5347750369907073418,Dip Shim,Sweden,Malmo,REGIONAL,,,1,2,2023,2023,0
8849,1328743312641255212,Nos,Ukraine,All,REGIONAL,,,1,3,2023,2025,2
8850,5868946875660253569,Julia Holter,United States of America,Los Angeles,TOP1000,,,1,1,2023,2023,0
8851,3564949169887078447,Den Zel,Italy,North,REGIONAL,,,1,1,2024,2024,0
8852,5525249449867455144,forlorn,Slovakia,All,REGIONAL,,,1,1,2024,2024,0
8853,5980362017216724700,Anders Skibsted,Denmark,Copenhagen,REGIONAL,,,1,1,2025,2025,0
8854,3407010673844272984,GB (2),Denmark,Copenhagen,REGIONAL,,,1,1,2025,2025,0
8855,9184917211294756141,PLUS44KALIGULA,United Kingdom,Manchester,REGIONAL,,,1,1,2025,2025,0
8856,3692028892684856121,TIIA,Belgium,All,REGIONAL,,,2,2,2025,2026,1
8857,2198235911958431242,Alessandra Leone,Italy,Milan,REGIONAL,,,1,1,2025,2025,0
8858,2927040880847947676,Milan W.,Belgium,Antwerp,REGIONAL,,,2,2,2026,2026,0
8859,1857568539391386938,Amine Edge,,,,,,2,3,2014,2020,6
8860,7460254916591223279,Gardens Of God,Lithuania,All,REGIONAL,,,1,3,2015,2016,1
8861,6607797437387717267,Ian Pooley,Germany,Berlin,REGIONAL,,,2,2,2015,2026,11
8862,5207970136808481853,Beyond,Spain,Barcelona,REGIONAL,,,1,1,2016,2016,0
8863,1254073155366917735,Autarkic,,,REGIONAL,,,1,2,2017,2018,1
8864,5703280264245955391,Oskar Offermann,Germany,Frankfurt,REGIONAL,,,1,1,2017,2017,0
8865,811290707362252581,Tracey,Netherlands,Amsterdam,REGIONAL,,,2,3,2018,2023,5
8866,7827714604564799396,Ninze,Germany,Leipzig,REGIONAL,,,2,2,2017,2019,2
8867,3945118242973676644,Sandunes,India,Other regions,TOP1000,,,2,2,2016,2020,4
8868,2835286777120434709,Stephan Jolk,Italy,Milan,REGIONAL,,,1,1,2022,2022,0
8869,547414673933221528,Chrysis,India,Mumbai,REGIONAL,,,1,1,2023,2023,0
8870,2729709298562664969,Kamila Govorčin,United States of America,Los Angeles,REGIONAL,,,1,2,2023,2024,1
8871,5532429258545430575,NSPERGER,Chile,Santiago,REGIONAL,,,1,1,2023,2023,0
8872,2575663340167716830,Melania Wonder,Argentina,All,REGIONAL,,,1,1,2023,2023,0
8873,7290021122072986727,Discokid,India,Goa,REGIONAL,,,1,1,2024,2024,0
8874,3319472372413259642,Beto Chuquer,Brazil,Sao Paulo,REGIONAL,,,1,1,2024,2024,0
8875,7551256031659425703,Marcal,Brazil,All,REGIONAL,,,3,3,2024,2026,2
8876,8666913210363051564,Marcio S,Brazil,All,REGIONAL,,,1,1,2024,2024,0
8877,6486176394102191187,Art Attack,Peru,All,REGIONAL,,,1,1,2024,2024,0
8878,7029410543271294,CRi,Canada,Montreal,REGIONAL,,,1,2,2024,2024,0
8879,3148551763730652202,Naim Abu,Netherlands,Amsterdam,REGIONAL,,,2,2,2023,2024,1
8880,2400221865099224596,Thrills in +41,Netherlands,Utrecht,REGIONAL,,,3,4,2022,2024,2
8881,7987798655341685619,Mayan (PT),Portugal,Lisbon,REGIONAL,,,1,1,2025,2025,0
8882,8587738726293839704,David Löhlein,Germany,Stuttgart,REGIONAL,,,1,1,2025,2025,0
8883,4826466009819188864,Floyd Lavine,South Africa,Cape Town,TOP1000,,,1,2,2025,2025,0
8884,5995746430921547902,Yotto,Finland,All,REGIONAL,,,2,5,2024,2025,1
8885,2324714459260641129,Acid Asian,Brazil,Sao Paulo,REGIONAL,,,1,2,2025,2025,0
8886,2642607888753633694,angelboy,Netherlands,Amsterdam,REGIONAL,,,2,2,2025,2026,1
8887,7942112237145536525,Garbage Delight,Netherlands,Eindhoven,REGIONAL,,,1,1,2025,2025,0
8888,7992943589168940452,Psimono,Denmark,All,REGIONAL,,,1,2,2010,2014,4
8889,2346886395216568034,Eim Ick,Denmark,All,REGIONAL,,,1,1,2010,2010,0
8890,525507098528463375,Turbotito,United States of America,Los Angeles,REGIONAL,,,1,1,2011,2011,0
8891,6723545566554120909,Macho,,,,,,1,3,2011,2023,12
8892,3042971085239365886,NISENNENMONDAI,Japan,Tokyo,REGIONAL,,,1,1,2011,2011,0
8893,6965447752316085811,Renaissance Man,Finland,All,REGIONAL,,,1,1,2011,2011,0
8894,7384445487714380203,Isa GT,United Kingdom,London,REGIONAL,,,1,1,2012,2012,0
8895,8594227404008014387,Ray Okpara,Germany,Mannheim,TOP1000,,,1,1,2012,2012,0
8896,4424041918553431891,Kim Kemi,Denmark,All,REGIONAL,,,1,2,2012,2016,4
8897,7387316246065871404,DJ Fitz,Ireland,All,REGIONAL,,,1,1,2013,2013,0
8898,7793038556440846125,Rune Bagge,Denmark,All,REGIONAL,,,1,1,2013,2013,0
8899,1021876555775306240,Nixxon,Denmark,All,REGIONAL,,,1,1,2014,2014,0
8900,1054086488472537775,Joel Alter,Sweden,All,REGIONAL,,,1,1,2015,2015,0
8901,1346427033776015990,Alex Index,Denmark,All,REGIONAL,,,1,1,2015,2015,0
8902,5305824270197773522,Erosion Flow,Denmark,All,REGIONAL,,,1,2,2016,2017,1
8903,86730167658644375,Martinez,Denmark,All,REGIONAL,,,1,2,2016,2018,2
8904,6608100138684199146,Bongo,,,,,,1,6,2017,2026,9
8905,3368316197604784613,Simon Roy,Italy,Milan,REGIONAL,,,1,1,2017,2017,0
8906,1316041740368632800,Brigade,Germany,Berlin,REGIONAL,,,1,1,2018,2018,0
8907,2402234214186339233,Sousa/Schmidt,Denmark,All,REGIONAL,,,1,1,2018,2018,0
8908,3604455401895973280,Von Stolzing,Germany,Berlin,REGIONAL,,,1,1,2019,2019,0
8909,6411928932708110251,Ash Skead,Denmark,Copenhagen,REGIONAL,,,1,1,2022,2022,0
8910,8450554305016045926,Caius,Germany,Berlin,REGIONAL,,,1,1,2022,2022,0
8911,959703979055957065,Boogie Rookie,Denmark,Copenhagen,REGIONAL,,,1,1,2023,2023,0
8912,5823716476230319495,Aja Gulris,Denmark,Copenhagen,REGIONAL,,,1,2,2023,2025,2
8913,3878786303863344576,Ed. (DK),Denmark,Copenhagen,REGIONAL,,,1,1,2023,2023,0
8914,8675357130413701140,Kush Jones,United States of America,New York City,TOP1000,,,1,1,2023,2023,0
8915,4982089957642513841,Maria Faleborn,Sweden,Malmo,REGIONAL,,,1,1,2023,2023,0
8916,5366529126634079064,Selderv,Bulgaria,All,REGIONAL,,,1,1,2023,2023,0
8917,1100794780726643249,Tettix Hexer,Denmark,Copenhagen,REGIONAL,,,1,1,2023,2023,0
8918,8145670183272806726,SORT SIND,Denmark,Copenhagen,REGIONAL,,,1,1,2025,2025,0
8919,7727328137706270503,Selma,,,,,,2,2,2023,2025,2
8920,4379041500867497294,Gina Sabatini,Germany,Leipzig,REGIONAL,,,1,1,2025,2025,0
8921,5360097205348509001,GÆO,Hungary,Budapest,REGIONAL,,,1,1,2025,2025,0
8922,57473917423197876,Kardinal Bertram,Denmark,Copenhagen,REGIONAL,,,1,1,2025,2025,0
8923,6740207963480680474,Neri J,Denmark,All,REGIONAL,,,1,1,2025,2025,0
8924,5699633609647618368,Phloem,Denmark,Copenhagen,REGIONAL,,,1,1,2025,2025,0
8925,2181237310131832590,Scano,Denmark,Copenhagen,REGIONAL,,,1,1,2025,2025,0
8926,6757718403665231417,ENNA,Sweden,Malmo,REGIONAL,,,1,1,2025,2025,0
8927,6792784051109098820,Boxia,United Kingdom,London,REGIONAL,,,1,1,2016,2016,0
8928,1224967065528332314,Kolo,,,,,,1,1,2017,2017,0
8929,2723154468006000637,Kessie,United Kingdom,London,REGIONAL,,,1,7,2021,2025,4
8930,5122053696248113635,Liebus,United Kingdom,London,REGIONAL,,,1,1,2022,2022,0
8931,2080132351465029229,E|ise,Kosovo,All,REGIONAL,,,1,2,2023,2024,1
8932,6756006044694396720,Pelle (NL),Netherlands,Amsterdam,REGIONAL,,,1,1,2023,2023,0
8933,3287710065602809167,Boo,United Kingdom,North,REGIONAL,,,1,1,2024,2024,0
8934,8446805749812217863,Greg Brockmann,United Kingdom,London,REGIONAL,,,1,1,2024,2024,0
8935,8126578529646225817,Verso,United Kingdom,London,REGIONAL,,,1,1,2025,2025,0
8936,4752199696236305325,Tofke,Belgium,All,REGIONAL,,,1,22,2015,2020,5
8937,8859594693419538781,Murvin Jay,Belgium,All,REGIONAL,,,1,20,2015,2024,9
8938,3668297123589721423,Tala Drum Corps,Netherlands,Utrecht,REGIONAL,,,1,1,2022,2022,0
8939,8640610854385259411,Luke Cohlen,Netherlands,Utrecht,REGIONAL,,,1,1,2023,2023,0
8940,2706848877339518150,Wes (NL),Netherlands,Amsterdam,REGIONAL,,,1,1,2023,2023,0
8941,6170547181745904183,MALLAURY,France,Paris,REGIONAL,,,1,1,2024,2024,0
8942,134193688630048774,Maximoto,Netherlands,Utrecht,REGIONAL,,,2,2,2023,2024,1
8943,2888084622425110965,Amz,United Kingdom,London,REGIONAL,,,1,1,2025,2025,0
8944,7063424925842562039,REES,United Kingdom,North,REGIONAL,,,2,6,2022,2026,4
8945,4775128902141935850,Hitomi (DE),Japan,Tokyo,REGIONAL,,,1,1,2026,2026,0
8946,7885831040867962147,Izadora,France,Marseille,REGIONAL,,,1,2,2020,2022,2
8947,6030230367762701976,Vanda Forte,France,Marseille,REGIONAL,,,1,3,2022,2024,2
8948,8254440524172941820,Lugal Lanbada,France,Marseille,REGIONAL,,,1,1,2023,2023,0
8949,8403038289848967211,Taka,Japan,Tokyo,REGIONAL,,,1,1,2023,2023,0
8950,2674370885654309987,RAVL,France,Marseille,REGIONAL,,,1,1,2024,2024,0
8951,6969900362543270055,Saliah,United Kingdom,London,REGIONAL,,,1,1,2024,2024,0
8952,8811873616293255006,bernie soundmate,Spain,Barcelona,REGIONAL,,,1,1,2025,2025,0
8953,1319890688287939455,MAV666,Ireland,All,REGIONAL,,,1,1,2026,2026,0
8954,2524754482995291561,Matheiu,Venezuela,All,REGIONAL,,,1,1,2016,2016,0
8955,5724649341490637178,Ohm Hourani,Canada,Montreal,REGIONAL,,,1,1,2024,2024,0
8956,6697262042213882947,Chris MiMo,United Kingdom,London,REGIONAL,,,1,28,2010,2026,16
8957,8125986455111293761,Calcule Matanza,United Kingdom,London,REGIONAL,,,1,1,2011,2011,0
8958,3214453080030739579,Ollie K,United Kingdom,London,REGIONAL,,,1,1,2011,2011,0
8959,291961869772646895,Lewis James,Ireland,All,REGIONAL,,,1,2,2011,2011,0
8960,385055952837898660,Si Kurrage,United Kingdom,London,REGIONAL,,,1,1,2024,2024,0
8961,498229205116555166,The Sunchasers,United Kingdom,London,REGIONAL,,,1,1,2024,2024,0
8962,792610740510698022,Bernardo Vaz,Portugal,Lisbon,REGIONAL,,,1,1,2025,2025,0
8963,8579108425669430475,DJibouti,United States of America,New York City,REGIONAL,,,1,1,2023,2023,0
8964,707675297211110295,JIPSEY,Netherlands,All,REGIONAL,,,1,1,2026,2026,0
8965,8296865827460954528,Front Bench,United Kingdom,London,REGIONAL,,,1,1,2026,2026,0
8966,6528007781365788548,Toni Yotzi,Australia,Melbourne,REGIONAL,,,1,1,2019,2019,0
8967,914729985981419969,Rev Lon,Australia,Melbourne,REGIONAL,,,1,1,2019,2019,0
8968,3104383333917322774,Tim Heaney,Australia,Melbourne,REGIONAL,,,1,1,2020,2020,0
8969,8324058546529685482,King Kong Company,Ireland,All,REGIONAL,,,1,1,2025,2025,0
8970,3273776367411790224,Skinner (UA),Ukraine,All,REGIONAL,,,1,1,2025,2025,0
8971,8341247658681129343,Nialler9,Ireland,All,REGIONAL,,,1,1,2025,2025,0
8972,2805524181510982667,Fejká,Germany,Stuttgart,REGIONAL,,,1,1,2026,2026,0
8973,5523389563520762202,David Benjamin,Germany,Munich,REGIONAL,,,1,1,2017,2017,0
8974,3545992008159716570,Nicolaj Tann,Germany,Berlin,REGIONAL,,,1,2,2017,2019,2
8975,6475206767502564019,Chris Binder,Germany,Nürnberg,REGIONAL,,,1,7,2018,2022,4
8976,2762284454310685242,600-cell,Germany,Munich,REGIONAL,,,2,2,2022,2026,4
8977,1048797872872805337,Andrea Ungvári,Germany,Nürnberg,REGIONAL,,,1,1,2023,2023,0
8978,3027098601045957544,ELVI (SE),Sweden,Gothenburg,REGIONAL,,,1,11,2024,2026,2
8979,8896872183109628949,Maqossa,Netherlands,Amsterdam,REGIONAL,,,1,2,2024,2025,1
8980,465149671810379207,Djebali,France,Paris,TOP1000,,,1,2,2024,2025,1
8981,4666741185689389859,m.O.N.R.O.E.,United States of America,Miami,REGIONAL,,,1,4,2024,2025,1
8982,345125115214556728,Ranger Trucco,United States of America,Michigan,REGIONAL,,,1,4,2024,2025,1
8983,8527128098054981922,Chopper,United Kingdom,London,REGIONAL,,,1,1,2025,2025,0
8984,3692342623786375005,Evie,Australia,Sydney,REGIONAL,,,1,1,2025,2025,0
8985,1241080799763135769,Olive F,United Kingdom,North,REGIONAL,,,2,6,2024,2026,2
8986,2811026825667194839,Caleb Jackson,Australia,Sydney,REGIONAL,,,2,2,2025,2026,1
8987,6696514740223164427,Jon Hester,United States of America,Minnesota,REGIONAL,,,1,1,2017,2017,0
8988,3381850143295130111,Double Penne,France,Paris,REGIONAL,,,1,1,2021,2021,0
8989,4112395671987348790,Kø:lab,Germany,Berlin,REGIONAL,,,1,1,2024,2024,0
8990,2203902681900569921,Selena Faider,France,Paris,REGIONAL,,,1,1,2024,2024,0
8991,7496039250012195767,Stardusts,United Kingdom,London,REGIONAL,,,1,1,2017,2017,0
8992,7530059450695437061,Modular Systems,Germany,Berlin,REGIONAL,,,1,1,2016,2016,0
8993,8701369197018652728,Arne Zabel,Germany,Berlin,REGIONAL,,,1,1,2016,2016,0
8994,4362425281965602345,Breger,Germany,Dortmund / Essen,REGIONAL,,,1,1,2016,2016,0
8995,5099337990087558211,Fanfarrosa,Mexico,Monterrey,REGIONAL,,,1,1,2016,2016,0
8996,1002975514980288001,Slurm McKenzie,Czech Republic,All,REGIONAL,,,1,1,2016,2016,0
8997,1582998407870991511,Sm.art,Germany,Berlin,REGIONAL,,,1,1,2016,2016,0
8998,2853842297425046535,André Galluzzi,Germany,Berlin,TOP1000,,,2,2,2007,2025,18
8999,7680316108015069701,Arthur Robert,Austria,Vienna,REGIONAL,,,1,1,2025,2025,0
9000,1284205564559814508,Henk,Germany,Berlin,REGIONAL,,,1,1,2025,2025,0
9001,746894464393288013,dRWAL,Poland,All,REGIONAL,,,1,1,2025,2025,0
9002,483802225712915675,LALENA,Germany,North Rhine-Westphalia,REGIONAL,,,1,1,2025,2025,0
9003,3730770743808226577,Piotr Ho,Poland,Warsaw,REGIONAL,,,1,1,2025,2025,0
9004,5716198879870106531,Vi (PL),Poland,All,REGIONAL,,,1,1,2025,2025,0
9005,1096006667966833641,Sincz,Poland,All,REGIONAL,,,1,1,2025,2025,0
9006,6309904473459576449,WEIKUM,Poland,All,REGIONAL,,,1,1,2025,2025,0
9007,3554267297131263874,Ant LaRock,United States of America,New York City,REGIONAL,,,1,1,2019,2019,0
9008,9014812297479955057,Dimitri From Paris,France,Paris,TOP1000,,,1,3,2019,2021,2
9009,5271779915866023133,Gallo,,,,,,1,1,2019,2019,0
9010,8884098995039362415,ROOG,Netherlands,Amsterdam,REGIONAL,,,1,1,2019,2019,0
9011,8154360403194685061,Dunmore Brothers,United Kingdom,London,REGIONAL,,,1,2,2022,2024,2
9012,5066026396336057944,Levi Swarn (2),United Kingdom,Midlands,REGIONAL,,,1,1,2026,2026,0
9013,7082790666436757053,Suzie The Cockroach,Denmark,Copenhagen,REGIONAL,,,1,2,2021,2023,2
9014,8495321629713612720,Queen E,Sweden,Stockholm,REGIONAL,,,1,3,2022,2024,2
9015,17995154014597545,Ariel Zetina,United States of America,Chicago,TOP1000,,,1,1,2024,2024,0
9016,2097835905989421426,Sky Deep,United States of America,New Jersey,REGIONAL,,,1,1,2026,2026,0
9017,59497796650429684,Kiana,United States of America,New York City,REGIONAL,,,1,1,2022,2022,0
9018,2360510371225796471,Out Of Sorts,New Zealand,South Island,REGIONAL,,,1,1,2022,2022,0
9019,4387902192997530240,Robin Ball,United Kingdom,London,REGIONAL,,,1,1,2022,2022,0
9020,4630558868083594736,Rowland,United Kingdom,London,REGIONAL,,,1,1,2022,2022,0
9021,5353382011994151299,Merchant,United Kingdom,London,REGIONAL,,,1,2,2022,2023,1
9022,4643669442030787940,Monaghan,United Kingdom,Midlands,REGIONAL,,,2,2,2022,2026,4
9023,3685874401190611053,PHILL,Brazil,Rio de Janeiro,REGIONAL,,,1,1,2022,2022,0
9024,6380890007734369107,Even Funkier,United Kingdom,London,REGIONAL,,,1,1,2023,2023,0
9025,1202111253195184640,Kyle Parsley,United Kingdom,Midlands,REGIONAL,,,2,4,2022,2024,2
9026,4918605867300388460,Lucas Alexander,United Kingdom,West + Wales,REGIONAL,,,1,3,2023,2026,3
9027,397125489574061783,Marc,,,,,,2,2,2023,2023,0
9028,3232366349262240119,Spenca,,,,,,2,2,2023,2023,0
9029,5846640655260067848,Simpler Times,United Kingdom,North,REGIONAL,,,2,3,2023,2026,3
9030,5026332593258767732,SUGARLOAF,United Kingdom,London,REGIONAL,,,1,2,2023,2023,0
9031,3227624904440259359,Viewpoints,United Kingdom,West + Wales,REGIONAL,,,1,1,2023,2023,0
9032,1104649706636098250,FAMJAM,United Kingdom,London,REGIONAL,,,1,1,2023,2023,0
9033,101897517052212339,Gaetano Parisio,Italy,Naples,REGIONAL,,,1,2,2007,2007,0
9034,6533749749646289239,Raudive,United Kingdom,London,REGIONAL,,,1,2,2008,2012,4
9035,9199998886971924538,Dandy Jack,Chile,All,REGIONAL,,,1,4,2008,2009,1
9036,8266110750008682742,J-Lab,United Kingdom,London,REGIONAL,,,1,13,2008,2026,18
9037,4057270335899891576,Pigon,Germany,Berlin,REGIONAL,,,1,4,2009,2010,1
9038,6398881461391697127,Ian Simmonds,United Kingdom,London,REGIONAL,,,1,1,2010,2010,0
9039,4027568637201556557,Roman Lindau,Germany,Berlin,REGIONAL,,,1,1,2010,2010,0
9040,1095894432275617290,Al Tourettes,United Kingdom,West + Wales,REGIONAL,,,1,3,2011,2011,0
9041,8384652327057762595,MLZ,,,,,,1,3,2011,2011,0
9042,8407426774976401183,Asusu,United Kingdom,West + Wales,REGIONAL,,,1,2,2012,2014,2
9043,6080549430152066368,Yusaku Shigeyasu,Japan,Tokyo,REGIONAL,,,1,1,2012,2012,0
9044,3165534859548976598,Steffen Bennemann,Germany,Hamburg,REGIONAL,,,2,5,2016,2022,6
9045,4841086958707341846,Sassmouth,United States of America,Chicago,TOP1000,,,1,1,2018,2018,0
9046,4830587553168044892,Ireen Amnes,,,REGIONAL,,,2,2,2019,2019,0
9047,3019092463294557887,Mötas,United Kingdom,West + Wales,REGIONAL,,,2,5,2022,2026,4
9048,3250885606770335804,Kin Teal,Hungary,Budapest,REGIONAL,,,1,1,2026,2026,0
9049,2474659291321511235,DJoy,Germany,Munich,REGIONAL,,,1,1,2023,2023,0
9050,6496585234257870218,CeeDeeGee,Germany,Munich,REGIONAL,,,1,2,2025,2025,0
9051,6732463185689825666,G-MAN aka Gez Varley,United Kingdom,North,REGIONAL,,,2,2,2024,2025,1
9052,6230006198501141241,lu.wicked,Germany,Munich,REGIONAL,,,2,2,2025,2025,0
9053,4021541786633504002,YPSY,Austria,Vienna,REGIONAL,,,1,1,2025,2025,0
9054,3526157042648932112,Bennet,Germany,Karlsruhe,REGIONAL,,,1,1,2026,2026,0
9055,893593929741007194,Glaskin,Germany,Munich,REGIONAL,,,2,2,2025,2026,1
9056,6418846633981849902,Rayya,Austria,Vienna,REGIONAL,,,1,2,2026,2026,0
9057,6479274489485817352,Florian Scheibein,Austria,All,REGIONAL,,,1,1,2026,2026,0
9058,6321084753028673617,Philip Jeck,United Kingdom,London,REGIONAL,,,1,1,2017,2017,0
9059,5043125889743803023,Barbara Preisinger,Germany,Berlin,REGIONAL,,,1,2,2019,2024,5
9060,869682936928549320,Gols,Belgium,All,REGIONAL,,,1,1,2019,2019,0
9061,2611252392371668619,Jon Orve,Mexico,Monterrey,REGIONAL,,,1,1,2019,2019,0
9062,7407595648660450015,Nikita Zabelin,Russia,Moscow,REGIONAL,,,1,1,2019,2019,0
9063,6390388145878020585,Will Grant,Portugal,Lisbon,REGIONAL,,,1,1,2019,2019,0
9064,4288323010524856452,CZN,United Kingdom,London,REGIONAL,,,1,1,2023,2023,0
9065,5151004269636922842,selv ikei,Belarus,All,REGIONAL,,,1,2,2023,2025,2
9066,8106765478428586187,Francisca Urbano,Portugal,Lisbon,REGIONAL,,,2,3,2023,2026,3
9067,1923206509003570247,g u i,Brazil,Sao Paulo,REGIONAL,,,1,2,2024,2025,1
9068,4702590093035091355,Zhiqi,China,Beijing,REGIONAL,,,1,1,2024,2024,0
9069,3040790010184883082,Faizal Mostrixx,Uganda,All,REGIONAL,,,1,1,2024,2024,0
9070,7249134850035924355,Sworn Virgins,United Kingdom,London,REGIONAL,,,1,1,2024,2024,0
9071,13213611221069040,MAQUINA.,Portugal,All,REGIONAL,,,2,2,2025,2026,1
9072,1996964765072971501,Wilson Tanner,Australia,Melbourne,REGIONAL,,,1,1,2025,2025,0
9073,8402637668132853889,András,Australia,Melbourne,REGIONAL,,,1,1,2025,2025,0
9074,1204968094541848646,Aurora,,,,,,1,2,2018,2019,1
9075,1050470486101116188,BFTT,,,,,,1,1,2018,2018,0
9076,7116510471445371478,Stefano Ritteri,,,,,,1,3,2018,2024,6
9077,7520787797986575097,JAY,,,,,,1,1,2019,2019,0
9078,8638982094961197286,Benny Ill,,,,,,1,1,2019,2019,0
9079,1179370055814156429,Coolant Bowser,,,,,,1,1,2021,2021,0
9080,7365476005142066315,John Shabot,,,,,,1,1,2021,2021,0
9081,4781897218344542381,Mylo Harvey,,,,,,1,1,2021,2021,0
9082,6015586718799753674,AMANE,,,,,,1,1,2023,2023,0
9083,8440044533979864013,Calm Stiege,,,,,,1,1,2023,2023,0
9084,4478763879574837903,DON'T CALL ME TAKO,,,,,,1,1,2023,2023,0
9085,9041703280594337303,Mama Jo,,,,,,1,1,2023,2023,0
9086,6209503619587781975,Yasmine (UK),,,,,,1,3,2023,2025,2
9087,9113216670175407091,Ollie Kirk,,,,,,1,1,2024,2024,0
9088,3087743227536140025,Pluralist (UK),,,,,,1,1,2024,2024,0
9089,3733378953562130828,Andrea Dave,,,,,,1,1,2025,2025,0
9090,1458820723203176346,DJ-CK,,,,,,1,1,2025,2025,0
9091,6184984362865925243,elshazly,,,,,,1,2,2025,2026,1
9092,4892152112966603412,Givron,,,,,,1,1,2025,2025,0
9093,5304996315759685907,Joe Murphy,,,,,,1,1,2026,2026,0
9094,5669828378923847773,Noni-Mouse,,,,,,1,1,2026,2026,0
9095,2463957789558331305,Smiff,,,,,,1,1,2026,2026,0
9096,3407625772719655438,Zazou,,,,,,1,1,2023,2023,0
9097,2776112708279131540,KAHMEYA,,,,,,1,1,2023,2023,0
9098,5993451836563463846,Mylan,,,,,,1,1,2023,2023,0
9099,6803165982115623846,Shady Lady,,,,,,1,1,2023,2023,0
9100,8415535422093304369,Thylacine,,,,,,1,1,2023,2023,0
9101,7241375653790269956,DJ Spit (ES),,,,,,1,1,2024,2024,0
9102,1341200204440671715,Pip Blom,Netherlands,Amsterdam,REGIONAL,,,1,1,2024,2024,0
9103,3831020280353755322,Vasco,,,,,,1,1,2024,2024,0
9104,7904108045521694220,Yubu,,,,,,1,1,2024,2024,0
9105,9099375091229926747,Daniël,,,,,,1,1,2024,2024,0
9106,6809013561472866678,Lingua Erotica,,,,,,1,1,2026,2026,0
9107,3562264578922919264,Tida Kamara,,,,,,1,1,2026,2026,0
9108,23834881317291534,Will You,,,,,,1,1,2025,2025,0
9109,1428308900953198819,Cat Curl,,,,,,1,1,2025,2025,0
9110,6841570608845820797,Blue Ringed Baby,,,,,,1,1,2025,2025,0
9111,7576838741804064313,Linnemann,,,,,,1,2,2025,2026,1
9112,3176731645307588427,not even noticed,,,,,,1,1,2026,2026,0
9113,178193679662093754,Tom Jarmey,,,,,,1,1,2026,2026,0
9114,8390351878674655770,Convolute,,,,,,1,1,2026,2026,0
9115,412165907596602809,Quadrant Soundscape,,,,,,1,1,2026,2026,0
9116,2388480935099272712,VNNN.,,,,,,1,1,2026,2026,0
9117,2873317794986777909,Dold,Sweden,Stockholm,REGIONAL,,,2,2,2026,2026,0
9118,1329064344480057352,Thara Bergen,,,,,,1,1,2025,2025,0
9119,8395283231651832750,DJ Trompete,,,,,,1,1,2025,2025,0
9120,5593536416942903848,Subthiel,,,,,,1,1,2025,2025,0
9121,4622668691635272060,John Axiom,,,,,,1,1,2024,2024,0
9122,4188100276545242687,ninafterdark,,,,,,1,1,2026,2026,0
9123,6994572053073117022,Act One,,,,,,1,1,2026,2026,0
9124,2823220617915319392,John Daly,,,,,,1,1,2015,2015,0
9125,543750318959185107,New Jackson,,,,,,1,2,2017,2017,0
9126,2847806096459196264,Blark,,,,,,1,5,2019,2023,4
9127,795772842920219477,IMNOTYOURMATE,,,,,,1,5,2019,2023,4
9128,5039730486182063525,CAOIMHE,,,,,,1,7,2019,2024,5
9129,3891151552916794503,Optmst,,,,,,1,5,2022,2026,4
9130,2036615560159405671,Butterz (2),,,,,,1,1,2022,2022,0
9131,2401466681079616328,Lady Of The House,,,,,,1,1,2023,2023,0
9132,3635775506779011358,Sister Bliss,,,,,,1,1,2023,2023,0
9133,8943591814600698049,OCD,,,,,,1,1,2024,2024,0
9134,5121139852641444660,Mood Talk,,,,,,1,1,2024,2024,0
9135,4607358471863640068,Megra,,,,,,1,2,2025,2025,0
9136,8548524449174762613,Keeva G,,,,,,1,1,2025,2025,0
9137,7247131776911295824,Crilli DNB,,,,,,1,1,2026,2026,0
9138,2895462164456960940,twentyfourevan,,,,,,1,1,2026,2026,0
9139,2303722267969042384,Sho Madjozi,,,,,,1,1,2019,2019,0
9140,8729420282420803988,David Morales,,,,,,1,1,2024,2024,0
9141,7706659031855647708,Optimistic Soul,,,,,,1,1,2024,2024,0
9142,6461229021814117510,Roose,,,,,,1,2,2024,2026,2
9143,3233341625153486216,Thijs Leenders,,,,,,1,3,2008,2013,5
9144,188363723689164533,Wighnomy Brothers,Germany,Berlin,REGIONAL,,,2,5,2005,2017,12
9145,1428481756737266236,Tim Woestenenk,,,,,,1,1,2011,2011,0
9146,5408683215151752015,Emilio,,,,,,1,1,2011,2011,0
9147,3646056780617970373,Halve Soul,,,,,,1,1,2015,2015,0
9148,3549952376716268664,Deltawerk,,,,,,1,1,2017,2017,0
9149,5329065808608470716,Patski,,,,,,1,1,2017,2017,0
9150,4426169515757259225,Lyrae,,,,,,1,1,2025,2025,0
9151,1100079049289053362,Freitas de Torres,,,,,,1,1,2026,2026,0
9152,883108905726706333,Björk,,,,,,1,1,2026,2026,0
9153,699042962371772570,Ti Es,,,,,,1,1,2026,2026,0
9154,147585952116406485,Juhani Oivo,,,,,,1,3,2022,2026,4
9155,2684130206517382644,Nefertyti,,,,,,1,1,2022,2022,0
9156,4617045481276813349,Soonja,,,,,,1,1,2022,2022,0
9157,8423927862210839928,DJ JVS,,,,,,1,3,2024,2026,2
9158,2170881352528163560,Stella (2),,,,,,1,1,2024,2024,0
9159,4707450366846657504,inter alia,,,,,,1,1,2025,2025,0
9160,9133750027254995819,Justus Arvelin,,,,,,1,1,2026,2026,0
9161,2390154749461941203,Saint Nia,,,,,,1,1,2026,2026,0
9162,1150638817150631416,Frank Kvitta,Germany,Frankfurt,REGIONAL,,,1,4,2005,2012,7
9163,8086814494236527378,Sven Wittekind,Germany,Frankfurt,REGIONAL,,,1,4,2007,2011,4
9164,4976358489843946008,Mauro Picotto,Italy,North,REGIONAL,,,1,2,2008,2009,1
9165,3438558549182962435,The Youngsters,Belgium,All,REGIONAL,,,1,1,2008,2008,0
9166,4958729129878998717,Paul Boex,Netherlands,Rotterdam,REGIONAL,,,1,2,2008,2014,6
9167,6395038248464024099,Counterpart,Netherlands,Amsterdam,REGIONAL,,,1,2,2009,2011,2
9168,5002547314233405591,DJ Remy,Netherlands,Amsterdam,REGIONAL,,,1,2,2010,2018,8
9169,7577227313599626165,A.Professor,Spain,Barcelona,REGIONAL,,,1,1,2012,2012,0
9170,2498756392151211801,ViperXXL,Germany,Frankfurt,REGIONAL,,,1,2,2013,2015,2
9171,1035034809133245989,NT89,Italy,Central,REGIONAL,,,1,1,2014,2014,0
9172,5005465460871865734,Klangkarussell,Austria,All,REGIONAL,,,1,1,2015,2015,0
9173,4793283897306766400,Layton Giordani,United States of America,New York City,REGIONAL,,,1,1,2017,2017,0
9174,2703757827903506336,Remco Beekwilder,Netherlands,All,REGIONAL,,,1,2,2018,2025,7
9175,8319552377209617907,Ryan James Ford,Canada,Calgary,REGIONAL,,,1,1,2018,2018,0
9176,6131754606393558013,Popof,France,Paris,TOP1000,,,1,1,2025,2025,0
9177,6226639555585311952,Siren333,India,Mumbai,REGIONAL,,,1,1,2025,2025,0
9178,6879447701557581968,Zisko,Argentina,Buenos Aires,REGIONAL,,,2,2,2025,2026,1
9179,1345616285846112683,Client,Netherlands,Amsterdam,REGIONAL,,,1,1,2025,2025,0
9180,5207883995964063674,Force Reaction,,,REGIONAL,,,1,1,2025,2025,0
9181,2697707424209543123,Vakula,Ukraine,All,REGIONAL,,,8,19,2012,2024,12
9182,2300965265313044525,Cinnaman,Netherlands,Amsterdam,REGIONAL,,,9,55,2009,2026,17
9183,2087228301071752614,Joy Orbison,United Kingdom,London,TOP1000,,,32,93,2010,2026,16
9184,8702039604269186658,Amir Alexander,United States of America,Chicago,REGIONAL,,,3,5,2013,2023,10
9185,7224162620175499033,Malawi,Netherlands,Amsterdam,REGIONAL,,,3,9,2013,2016,3
9186,6134722220233157753,Young Marco,Netherlands,Amsterdam,TOP1000,,,34,132,2013,2026,13
9187,7291470083439142860,Daniel Avery,United Kingdom,London,TOP1000,,,26,55,2013,2026,13
9188,7069464917715152529,Jamie Tiller,United Kingdom,London,TOP1000,,,12,24,2016,2023,7
9189,3792125668747775769,San Soda,Belgium,All,TOP1000,,,12,29,2010,2025,15
9190,4246038885379084166,Suzanne Kraft,United States of America,Los Angeles,TOP1000,,,5,7,2016,2022,6
9191,555172816150997883,Elena Colombi,Italy,North,TOP1000,,,13,29,2017,2026,9
9192,23723019942714700,Arif,Netherlands,Amsterdam,REGIONAL,,,4,9,2015,2018,3
9193,3206984672659726598,Alexander Robotnick,Italy,Central,REGIONAL,,,5,5,2017,2025,8
9194,7193937881504635794,Black Zone Myth Chant,France,West,REGIONAL,,,2,2,2018,2022,4
9195,91535885578050178,Byron The Aquarius,United States of America,Alabama,REGIONAL,,,8,9,2016,2022,6
9196,7805892407955019611,DMX Krew,United Kingdom,London,REGIONAL,,,15,26,2018,2026,8
9197,7013509134554287629,Intergalactic Gary,Netherlands,The Hague,TOP1000,,,9,20,2014,2025,11
9198,506227050568220412,John Gómez,United Kingdom,London,REGIONAL,,,9,22,2018,2026,8
9199,3861819135226558725,Maurice Fulton,United States of America,New York City,TOP1000,,,13,27,2008,2025,17
9200,2348743919310058226,DJ Overdose,Netherlands,Rotterdam,REGIONAL,,,3,6,2015,2021,6
9201,6549558473138152430,Peggy Gou,Germany,Berlin,TOP1000,,,23,41,2017,2026,9
9202,2621391743669082469,Steven Julien,United Kingdom,London,REGIONAL,,,3,3,2018,2022,4
9203,4715358247225423924,Jayda G,Canada,Vancouver,TOP1000,,,26,50,2017,2026,9
9204,3690240778721512318,RP Boo,United States of America,Chicago,REGIONAL,,,5,5,2019,2025,6
9205,9150087685149178320,D.K.,France,Central,REGIONAL,,,4,4,2016,2023,7
9206,809479271235335981,The Mauskovic Dance Band,Netherlands,Amsterdam,REGIONAL,,,6,8,2019,2022,3
9207,8128991339079713480,CCL,United States of America,Seattle,TOP1000,,,24,51,2020,2026,6
9208,2773410291289791932,Din Daa Daa,United Kingdom,Glasgow,REGIONAL,,,3,4,2020,2021,1
9209,6103828968330533740,Kedr Livanskiy,Russia,Moscow,REGIONAL,,,1,1,2020,2020,0
9210,9019476427417356452,DJ Marcelle,Netherlands,Amsterdam,TOP1000,,,13,21,2018,2026,8
9211,6660262302551127825,Crystallmess,France,Paris,REGIONAL,,,5,10,2020,2026,6
9212,5142412767690596896,Moxie,United Kingdom,London,TOP1000,,,28,76,2010,2026,16
9213,3262164662610045950,Goldie,United Kingdom,London,TOP1000,,,18,41,2011,2026,15
9214,2073205322764311384,Honey Dijon,United States of America,New York City,TOP1000,,,25,54,2017,2026,9
9215,2967914920479550479,Pelanoir,Netherlands,Amsterdam,REGIONAL,,,3,3,2024,2026,2
9216,1200816472348917112,SEF,United Kingdom,London,REGIONAL,,,3,3,2023,2026,3
9217,5644498236791019171,Natv:Men,Belgium,All,REGIONAL,,,2,3,2017,2024,7
9218,4975501461780749508,Sheridan,Belgium,All,REGIONAL,,,2,4,2017,2022,5
9219,7164958802461010853,Pierre,Belgium,All,REGIONAL,,,2,4,2017,2018,1
9220,3526059542598176684,Nathan Oye,Belgium,All,REGIONAL,,,1,1,2018,2018,0
9221,7419654967396949446,Smallpeople,Germany,Hamburg,REGIONAL,,,2,2,2017,2019,2
9222,5029663949891334795,re:ni,United Kingdom,London,TOP1000,,,17,32,2019,2026,7
9223,725904805541688770,Phara,Belgium,All,REGIONAL,,,6,13,2022,2026,4
9224,4986749329334947336,Rafael Munoz,Belgium,All,REGIONAL,,,1,3,2022,2023,1
9225,1104279623817241497,VTSS,Poland,Warsaw,TOP1000,,,20,40,2019,2026,7
9226,8582642350206793959,Azo,Belgium,Brussels,REGIONAL,,,8,13,2021,2026,5
9227,7189509273032691629,Etapp Kyle,Ukraine,All,TOP1000,,,12,17,2014,2024,10
9228,4773456948322165359,Fais Le Beau,Belgium,Brussels,REGIONAL,,,9,24,2021,2026,5
9229,9162251550209977355,Julian Muller,France,East,REGIONAL,,,3,4,2022,2024,2
9230,1558583247752933432,Keyser,Russia,Saint Petersburg,REGIONAL,,,2,2,2022,2025,3
9231,1617585026494216055,Marco Shuttle,Italy,Central,TOP1000,,,16,24,2020,2026,6
9232,5866397181986541934,Raär,Belgium,Brussels,REGIONAL,,,1,1,2022,2022,0
9233,4831407858864612724,Sara Dziri,Belgium,Brussels,REGIONAL,,,3,13,2021,2026,5
9234,6287231193532954460,Blasha,,,,,,17,31,2018,2026,8
9235,7492558987953609428,Floorplan,United States of America,Chicago,REGIONAL,,,12,21,2013,2025,12
9236,2431118399131693632,Cormac,,,REGIONAL,,,14,24,2011,2026,15
9237,3458054452834461887,Julea,Belgium,Brussels,REGIONAL,,,1,1,2024,2024,0
9238,1056734072522943858,Sandwell District,Germany,Berlin,REGIONAL,,,9,13,2011,2026,15
9239,8638007282266737324,Rebecca Delle Piane,Italy,Rome,REGIONAL,,,1,1,2024,2024,0
9240,8987219108874105076,Simon Halsberghe,Belgium,Brussels,REGIONAL,,,1,1,2024,2024,0
9241,4332448569935604421,Souleiman,Belgium,Brussels,REGIONAL,,,1,2,2024,2026,2
9242,3711309408944406634,DjRUM,United Kingdom,London,TOP1000,,,22,46,2018,2026,8
9243,970949421518102705,Skee Mask,Germany,Munich,TOP1000,,,22,56,2017,2026,9
9244,6027631660603777438,Mischluft,Germany,Leipzig,REGIONAL,,,5,9,2024,2026,2
9245,6947635060621263077,Sully,United Kingdom,London,REGIONAL,,,9,19,2018,2026,8
9246,5943298549852446480,FJAAK,Germany,Berlin,TOP1000,,,20,42,2017,2026,9
9247,2784239112110154773,Sookie,Germany,Berlin,REGIONAL,,,2,2,2026,2026,0
9248,1245720549309713682,De Grandi,France,Paris,REGIONAL,,,3,3,2023,2026,3
9249,3646493657841292571,EMA (1),Ireland,All,REGIONAL,,,11,24,2022,2026,4
9250,8211560452731641519,georg-i,United Kingdom,Bristol,REGIONAL,,,1,1,2026,2026,0
9251,5869387388505208735,Tweak Soundsystem,France,Paris,REGIONAL,,,1,1,2026,2026,0
9252,8093708707958503045,Malesa,France,Paris,REGIONAL,,,1,1,2026,2026,0
9253,1648158157246365611,Marylou,France,Paris,REGIONAL,,,5,9,2018,2026,8
9254,3890428536070376852,Sandrien,Netherlands,Amsterdam,TOP1000,,,20,43,2007,2026,19
9255,773544482569122388,Zara,Australia,Sydney,REGIONAL,,,5,7,2023,2026,3
9256,3139317200877692286,Dan Andrei,Romania,All,TOP1000,,,6,6,2017,2025,8
9257,3489174131342597240,Hicham,France,Paris,REGIONAL,,,3,4,2023,2026,3
9258,5548586742497291711,Jaymod,Greece,All,REGIONAL,,,1,2,2025,2026,1
9259,5470461142100420162,Miss I,Romania,All,REGIONAL,,,1,2,2025,2026,1
9260,1337638465948271633,Sugar Free,Spain,Madrid,REGIONAL,,,24,49,2020,2026,6
9261,2120935256250381564,Thabo,Germany,Berlin,REGIONAL,,,1,2,2025,2026,1
9262,6711617843972255523,David Cumplido,Germany,Hannover,REGIONAL,,,1,3,2026,2026,0
9263,5114785069223876133,Eleou,United States of America,New York City,REGIONAL,,,1,1,2026,2026,0
9264,2277202249554989729,Garrett David,United States of America,Chicago,REGIONAL,,,8,17,2022,2026,4
9265,4221079384588284912,Socrates,Cyprus,All,REGIONAL,,,1,1,2026,2026,0
9266,5372797125014657554,S.Moreira,Spain,North,REGIONAL,,,6,9,2017,2026,9
9267,7097699016062805266,Leona Jacewska,Poland,Krakow,REGIONAL,,,1,1,2026,2026,0
9268,2280815839002332292,CC:DISCO!,Australia,Melbourne,TOP1000,,,25,49,2018,2026,8
9269,7746094097018709992,Laurence Guy,United Kingdom,London,REGIONAL,,,7,12,2017,2024,7
9270,8986334300171510186,DJ BORING,Australia,Melbourne,TOP1000,,,19,37,2018,2026,8
9271,358678325529237154,Eclair Fifi,United Kingdom,Scotland,TOP1000,,,17,23,2017,2025,8
9272,3086928500695658323,Manami,Japan,Kanto,REGIONAL,,,16,28,2019,2026,7
9273,1597600323082677888,Tai Lokun,United Kingdom,London,REGIONAL,,,12,20,2022,2026,4
9274,468702107530168797,Strath,Australia,Melbourne,REGIONAL,,,1,1,2026,2026,0
9275,6495597074821113275,Agoria,France,Paris,TOP1000,,,13,44,2006,2024,18
9276,4222781752526701878,Strictly Idris,France,Paris,REGIONAL,,,1,2,2024,2026,2
9277,3140035484618314205,Saint Esprit,France,Paris,REGIONAL,,,1,1,2025,2025,0
9278,5706533156151791088,Quest (IT),Italy,North,REGIONAL,,,16,22,2023,2026,3
9279,6981636576915454848,Loquace,France,South East,REGIONAL,,,1,3,2025,2026,1
9280,6032732799503923998,Gab Jr.,France,Paris,REGIONAL,,,2,2,2018,2026,8
9281,4610993751091713429,Audrius Ramuva,Lithuania,All,REGIONAL,,,1,2,2012,2017,5
9282,5368085815688295234,Stereo Hypnosis,Iceland,All,REGIONAL,,,1,1,2016,2016,0
9283,5415459474886755052,Ulrich Schnauss,Germany,Berlin,REGIONAL,,,1,1,2017,2017,0
9284,2353259517564027188,Alek Lee,United States of America,California,REGIONAL,,,1,2,2018,2018,0
9285,3447364504034947402,Pjusk,Australia,Sydney,REGIONAL,,,1,3,2018,2019,1
9286,3569876615427419465,Alejandro Molinari,Venezuela,All,REGIONAL,,,1,1,2019,2019,0
9287,2993635830302443397,Ario,United Kingdom,London,REGIONAL,,,2,2,2019,2022,3
9288,611725570725621861,Yon Eta,Netherlands,The Hague,REGIONAL,,,1,1,2022,2022,0
9289,8204850528921547105,Klex,Germany,Berlin,REGIONAL,,,1,1,2022,2022,0
9290,8838484441541852365,RomanGHB,Germany,Berlin,REGIONAL,,,1,1,2022,2022,0
9291,753988955119973790,Akua,United States of America,New York City,REGIONAL,,,15,18,2022,2026,4
9292,1774627339310975520,Nils Frahm,Germany,Berlin,TOP1000,,,6,7,2014,2024,10
9293,656902438382462950,Space Afrika,United Kingdom,North,REGIONAL,,,11,13,2017,2026,9
9294,2608937159952137729,Tigerhead,,,REGIONAL,,,1,1,2023,2023,0
9295,550387374679385827,Maruwa,Germany,Frankfurt,REGIONAL,,,7,12,2022,2026,4
9296,5987781017538225098,isu,Hungary,All,REGIONAL,,,1,3,2023,2026,3
9297,2445991469016664412,Cvrdwell,Hungary,Budapest,REGIONAL,,,1,2,2024,2026,2
9298,1045497138533895088,Temple Rat,China,Shanghai,REGIONAL,,,1,1,2024,2024,0
9299,1863154176909761723,Meduzah,Hungary,Budapest,REGIONAL,,,1,2,2024,2025,1
9300,5258143452988999258,SLYM,Hungary,Budapest,REGIONAL,,,1,3,2024,2026,2
9301,5688509961159692995,future.666,Germany,Berlin,REGIONAL,,,7,8,2023,2026,3
9302,986427122919995762,Erro,Hungary,All,REGIONAL,,,1,1,2025,2025,0
9303,4179411565782969721,Maron,Hungary,All,REGIONAL,,,1,1,2025,2025,0
9304,4084697240641664124,Akác,Hungary,Budapest,REGIONAL,,,1,2,2025,2026,1
9305,7472785534072145283,Gregori,Spain,East,REGIONAL,,,1,6,2017,2025,8
9306,3302657259581490331,Ladrillovitz,Spain,Valencia,REGIONAL,,,1,4,2018,2026,8
9307,3416162165175624474,Dubbyman,Spain,Madrid,REGIONAL,,,2,4,2010,2026,16
9308,1546880070497728529,Laurine,Germany,Berlin,TOP1000,,,14,27,2020,2026,6
9309,2837002076500018347,Dario Mendez,Spain,East,REGIONAL,,,1,3,2022,2025,3
9310,2879500816797941927,Pin,Spain,East,REGIONAL,,,2,5,2022,2025,3
9311,3571778876619497239,DJ Sandwich,Spain,Barcelona,REGIONAL,,,2,6,2022,2026,4
9312,5112404052923402614,Nicky Macha,United Kingdom,London,REGIONAL,,,1,1,2023,2023,0
9313,7599139501639710058,Paolo Macrì,Italy,Turin,REGIONAL,,,1,2,2023,2024,1
9314,6717684655426027250,Giammarco Orsini,Italy,Central,REGIONAL,,,9,14,2022,2026,4
9315,7138304720814791635,Philipp Boss,Germany,Frankfurt,REGIONAL,,,1,1,2024,2024,0
9316,8885483386266216816,Tristan da Cunha,United Kingdom,North,REGIONAL,,,11,42,2012,2026,14
9317,6956832496126446428,Raw Planet,United States of America,New York City,REGIONAL,,,1,1,2025,2025,0
9318,1230350263028584612,Laidlaw,United Kingdom,London,REGIONAL,,,11,28,2020,2026,6
9319,5751672202149686130,Vsan,Spain,Valencia,REGIONAL,,,2,3,2025,2026,1
9320,104920391977752276,Rebecca Ardura,Spain,East,REGIONAL,,,1,1,2025,2025,0
9321,6336443220923421537,Jonny Rock,United Kingdom,London,REGIONAL,,,14,29,2016,2026,10
9322,1918970816561881515,Farès A.,Tunisia,All,REGIONAL,,,1,1,2025,2025,0
9323,7701835813546251820,Pluralized,Germany,Berlin,REGIONAL,,,2,2,2024,2025,1
9324,1132109990202264595,Mostly James,Spain,Madrid,REGIONAL,,,1,1,2025,2025,0
9325,4553019445918157874,Young Sun,United States of America,Indiana,REGIONAL,,,2,2,2025,2025,0
9326,4687298070628441739,Moruki,Spain,South,REGIONAL,,,1,1,2025,2025,0
9327,3763324964427980723,Raphael Merheb,Lebanon,All,REGIONAL,,,1,1,2026,2026,0
9328,5745691912142312734,B R U N N O,Brazil,Sao Paulo,REGIONAL,,,1,1,2026,2026,0
9329,325117091279313661,Nurias,Spain,Madrid,REGIONAL,,,1,1,2026,2026,0
9330,5537652422374655365,Ale Hope,Italy,Naples,REGIONAL,,,2,2,2025,2026,1
9331,2906334324337093653,Tommaso Pizzelli,Italy,Milan,REGIONAL,,,1,1,2026,2026,0
9332,1064263980065755688,Talismann,Netherlands,Amsterdam,REGIONAL,,,6,18,2014,2026,12
9333,7764614089516446095,De Sluwe Vos,Netherlands,Amsterdam,REGIONAL,,,11,31,2012,2026,14
9334,3476795978384823720,Essy,Netherlands,Rotterdam,REGIONAL,,,6,10,2024,2026,2
9335,7468802430683965678,Kings Of Leon,United States of America,Tennessee,REGIONAL,,,1,1,2007,2007,0
9336,2915773162751220790,The Whitest Boy Alive,Norway,All,REGIONAL,,,1,3,2007,2012,5
9337,2523497613055284699,Kypski,Netherlands,Utrecht,REGIONAL,,,1,1,2007,2007,0
9338,2699167103441489941,CSS,Brazil,All,REGIONAL,,,1,1,2007,2007,0
9339,7925830504743898227,Darko Esser,Netherlands,All,REGIONAL,,,4,9,2005,2015,10
9340,8082104402853677527,Modeselektor,Germany,Berlin,TOP1000,,,14,25,2007,2026,19
9341,3479968920929472804,030303,Netherlands,Utrecht,REGIONAL,,,1,2,2007,2010,3
9342,3926522927169380236,Noisia,Netherlands,Amsterdam,REGIONAL,,,4,11,2007,2020,13
9343,7612479423784395545,Teebee,Norway,All,REGIONAL,,,2,4,2007,2013,6
9344,1092081971269395622,TAI,Germany,Augsburg,REGIONAL,,,2,5,2008,2016,8
9345,7287565632595732997,Hercules,,,,,,6,6,2008,2026,18
9346,8770506644171246425,Jamie Lidell,United Kingdom,London,REGIONAL,,,2,3,2008,2010,2
9347,2506873183913678499,Erol Alkan,United Kingdom,London,TOP1000,,,18,29,2008,2026,18
9348,6963752100724573090,Shinedoe,Netherlands,Amsterdam,TOP1000,,,4,5,2005,2023,18
9349,6917896129998466919,Lykke Li,Sweden,All,REGIONAL,,,1,2,2008,2011,3
9350,6980141671047810829,Roni Size,United Kingdom,West + Wales,REGIONAL,,,5,9,2008,2025,17
9351,7483794271074367245,Fenin,Germany,Berlin,REGIONAL,,,1,1,2008,2008,0
9352,9151795169589357377,Moderat,Germany,Berlin,REGIONAL,,,5,8,2009,2023,14
9353,4952943114874856785,Fever Ray,Sweden,All,TOP1000,,,2,2,2009,2018,9
9354,7795217865697558013,Jon Hopkins,United Kingdom,London,TOP1000,,,12,21,2009,2025,16
9355,706354611064444477,Massive Attack,United Kingdom,London,TOP1000,,,3,3,2010,2016,6
9356,7781645308194998918,Delphic,United Kingdom,North,REGIONAL,,,1,1,2010,2010,0
9357,6248975196399064996,A-Trak,Canada,Montreal,TOP1000,,,1,1,2010,2010,0
9358,1335391921278669388,Caribou,Canada,Toronto,TOP1000,,,8,15,2010,2026,16
9359,2020926633858553086,Freek Fabricius,Netherlands,Utrecht,REGIONAL,,,2,2,2011,2022,11
9360,6341329762294625037,Loefah,United Kingdom,London,TOP1000,,,7,29,2009,2024,15
9361,4939457462115652555,Gary Beck,United Kingdom,Scotland,REGIONAL,,,3,6,2011,2018,7
9362,144577288590310516,Bombay Bicycle Club,,,,,,3,3,2011,2021,10
9363,77199672775591270,Makam,Netherlands,The Hague,REGIONAL,,,7,44,2008,2026,18
9364,6630692340560460078,Free The Robots,United States of America,Los Angeles,REGIONAL,,,1,1,2011,2011,0
9365,5176011060940699501,Pearson Sound,United Kingdom,London,TOP1000,,,21,72,2011,2026,15
9366,100072466828441110,Julio Bashmore,United Kingdom,West + Wales,REGIONAL,,,7,13,2011,2024,13
9367,5358125153570064182,WhoMadeWho,Denmark,Copenhagen,REGIONAL,,,8,19,2010,2026,16
9368,6809008608954540171,Santigold,United States of America,Pennsylvania,REGIONAL,,,1,1,2012,2012,0
9369,5110853434717797660,Saschienne,Germany,Berlin,REGIONAL,,,2,2,2012,2013,1
9370,1507222149510109130,TNGHT,United Kingdom,London,REGIONAL,,,1,1,2013,2013,0
9371,3805470960845783550,Just Blaze,United States of America,New Jersey,REGIONAL,,,2,2,2013,2016,3
9372,2091870675384842881,XXYYXX,United States of America,Miami,REGIONAL,,,2,2,2013,2013,0
9373,8339781597044919944,Empire Of The Sun,Australia,Sydney,REGIONAL,,,1,1,2013,2013,0
9374,5932252036603025739,Ben Pearce,United Kingdom,North,REGIONAL,,,5,6,2013,2017,4
9375,7269126214703082042,Ben Khan,United Kingdom,London,REGIONAL,,,1,1,2015,2015,0
9376,618527023061759614,Tourist,United Kingdom,London,REGIONAL,,,5,6,2015,2025,10
9377,1191925996450987692,Fatima Al Qadiri,United States of America,New York City,TOP1000,,,1,1,2016,2016,0
9378,6604685690247262273,Mikael Seifu,,,REGIONAL,,,1,1,2016,2016,0
9379,6215115281794261463,Carl Craig,United States of America,Detroit,TOP1000,,,16,38,2009,2026,17
9380,8134218546839209537,MHD,Germany,Augsburg,REGIONAL,,,1,1,2017,2017,0
9381,8504784523945153287,Mura Masa,United Kingdom,South + East,REGIONAL,,,6,7,2016,2025,9
9382,807078318825952979,DJ Firmeza,Portugal,Lisbon,REGIONAL,,,2,2,2017,2023,6
9383,2682590676807423772,Marie Davidson,Canada,Montreal,TOP1000,,,9,11,2017,2025,8
9384,583421654578155577,David August,,,TOP1000,,,9,11,2012,2026,14
9385,4836658567174533742,Lorenzo Senni,Italy,North,TOP1000,,,4,6,2017,2025,8
9386,5688806491873641277,Octo Octa,United States of America,New Hampshire,TOP1000,,,34,77,2017,2026,9
9387,5130588457651497464,Trinity,Australia,Sydney,REGIONAL,,,1,1,2020,2020,0
9388,8624278678968766226,Yves Tumor,Italy,Turin,TOP1000,,,3,3,2019,2022,3
9389,8147661863430702409,Factuaw,Bulgaria,All,REGIONAL,,,1,2,2022,2023,1
9390,3177721598381608256,Grigor Kanev,Bulgaria,All,REGIONAL,,,1,1,2023,2023,0
9391,1439072241177277561,Stanly,,,REGIONAL,,,1,1,2025,2025,0
9392,2742849823115416820,DJ Fart in the Club,South Korea,Seoul,REGIONAL,,,12,20,2022,2026,4
9393,800332130888581710,Iration Steppas,United Kingdom,North,REGIONAL,,,6,38,2008,2026,18
9394,5742446072225098629,Jehst,United Kingdom,London,REGIONAL,,,2,5,2008,2023,15
9395,4862916952301941135,Ruckspin,United Kingdom,London,REGIONAL,,,1,8,2008,2012,4
9396,6023762361661007468,LD50,United Kingdom,North,REGIONAL,,,1,1,2008,2008,0
9397,1331697408163863019,Zed Bias,United Kingdom,North,REGIONAL,,,6,23,2009,2025,16
9398,782629797405371524,Kelvin Brown,United Kingdom,North,REGIONAL,,,1,1,2009,2009,0
9399,2375273302678885089,Distance,United Kingdom,London,REGIONAL,,,1,6,2010,2018,8
9400,3468796287708992146,Quest,United Kingdom,London,REGIONAL,,,14,17,2010,2026,16
9401,2426475539396561871,Felis,Germany,Düsseldorf,REGIONAL,,,2,5,2010,2014,4
9402,8205794985910031070,Bok Bok,United Kingdom,London,REGIONAL,,,4,4,2011,2026,15
9403,397868079249272630,Brackles,United Kingdom,London,REGIONAL,,,4,11,2011,2019,8
9404,732588482334727526,Cedric Maison,Germany,Berlin,REGIONAL,,,6,16,2012,2019,7
9405,4284493377258084486,Simbad,United Kingdom,London,REGIONAL,,,3,3,2012,2015,3
9406,6285987761700827164,Jimmy Edgar,United States of America,Detroit,REGIONAL,,,7,9,2012,2019,7
9407,4799933483597154491,Akkord,United Kingdom,North,REGIONAL,,,2,2,2012,2012,0
9408,5778456378925937091,Kozee,United States of America,Michigan,REGIONAL,,,2,2,2012,2012,0
9409,1356773481536730694,Coki,United Kingdom,London,REGIONAL,,,6,17,2012,2025,13
9410,1734180570215680481,Calibre,Ireland,All,REGIONAL,,,12,25,2012,2026,14
9411,4333723294262444767,Klute,United Kingdom,London,REGIONAL,,,1,1,2012,2012,0
9412,1868605367743898484,Blue Daisy,United Kingdom,London,REGIONAL,,,2,2,2012,2015,3
9413,5979194704133302677,Eliphino,United Kingdom,London,REGIONAL,,,4,17,2012,2019,7
9414,5042420582419430788,Liondub,United States of America,New York City,REGIONAL,,,1,1,2012,2012,0
9415,5202026417929669178,Hyetal,United Kingdom,West + Wales,REGIONAL,,,1,1,2012,2012,0
9416,6621362804772949783,Onra,France,Paris,REGIONAL,,,3,3,2014,2022,8
9417,4385723414801229419,Sam Binga,United Kingdom,West + Wales,REGIONAL,,,6,17,2014,2026,12
9418,1403900755153313848,Gramatik,Slovenia,All,REGIONAL,,,1,1,2014,2014,0
9419,8274368804837806267,Acre,United Kingdom,Manchester,REGIONAL,,,1,1,2015,2015,0
9420,7839243581454091423,Run The Jewels,United States of America,Alabama,REGIONAL,,,1,1,2015,2015,0
9421,1148641865757603202,DJ Hype,United Kingdom,London,TOP1000,,,2,5,2015,2019,4
9422,5993429730196909419,Entropy,Ireland,All,REGIONAL,,,1,1,2015,2015,0
9423,8526856553445350953,Tippa,United Kingdom,London,REGIONAL,,,1,1,2015,2015,0
9424,3262044092804091155,Channel One Sound,United Kingdom,London,REGIONAL,,,5,9,2015,2025,10
9425,4302597039699115760,Levelz,United Kingdom,Manchester,REGIONAL,,,3,8,2015,2019,4
9426,2648572657257521366,Flava D,United Kingdom,South + East,TOP1000,,,3,9,2015,2025,10
9427,2331241544869376222,Billain,Bosnia and Herzegovina,All,REGIONAL,,,1,3,2015,2019,4
9428,6890654324748120473,Onoe Caponoe,United Kingdom,London,REGIONAL,,,1,1,2015,2015,0
9429,1927124172590181913,Footsie,United Kingdom,London,REGIONAL,,,1,4,2015,2026,11
9430,2760775010566482537,Amy Becker,United Kingdom,London,REGIONAL,,,4,6,2015,2019,4
9431,5441211777550515188,Tradesman,Netherlands,Amsterdam,REGIONAL,,,1,4,2015,2018,3
9432,4808285251360265006,Roland,,,,,,1,1,2016,2016,0
9433,8473146404899674980,Henry Wu,United Kingdom,London,REGIONAL,,,6,7,2015,2020,5
9434,6585015189240747540,James Petrou,Australia,Sydney,REGIONAL,,,1,1,2016,2016,0
9435,3434695021966717893,Tempza,United Kingdom,London,REGIONAL,,,1,2,2018,2020,2
9436,4065660980024025854,Pete Cannon,United Kingdom,London,REGIONAL,,,1,1,2018,2018,0
9437,7062442935988131720,Kotei,United Kingdom,London,REGIONAL,,,1,2,2018,2019,1
9438,2497433454594752878,Escher,,,,,,1,2,2018,2018,0
9439,6701476859900481848,J Hus,United Kingdom,London,REGIONAL,,,1,1,2018,2018,0
9440,4646559752104466747,Jubilee,United States of America,New York City,REGIONAL,,,1,2,2018,2020,2
9441,965021071229920107,Joe Nice,United States of America,Maryland,REGIONAL,,,1,1,2018,2018,0
9442,3647662254081651518,Djinn,United Kingdom,Manchester,REGIONAL,,,1,5,2018,2024,6
9443,5695975315778642277,D.O.K,United Kingdom,London,REGIONAL,,,1,2,2018,2025,7
9444,7351210800684747086,DJ Rap,United States of America,Los Angeles,REGIONAL,,,1,1,2019,2019,0
9445,2393256798662712723,Codebreaker,United Kingdom,London,REGIONAL,,,1,3,2019,2023,4
9446,1216915408944446140,Subtle Mind,United States of America,Los Angeles,REGIONAL,,,1,1,2019,2019,0
9447,6477642395801496940,FAUZIA,United Kingdom,London,REGIONAL,,,13,14,2019,2025,6
9448,7602257558535405354,DJ Flight,United Kingdom,London,REGIONAL,,,7,22,2020,2026,6
9449,198975963953032029,Highlander,United Kingdom,London,REGIONAL,,,1,2,2020,2021,1
9450,4830734918095536114,FD,United Kingdom,London,REGIONAL,,,1,1,2021,2021,0
9451,6624453081108200385,Dubrunner,United Kingdom,London,REGIONAL,,,1,5,2021,2026,5
9452,5004058013019676128,Breaka,United Kingdom,London,REGIONAL,,,6,9,2022,2025,3
9453,8679165155561144746,Khiva,Canada,Vancouver,REGIONAL,,,1,1,2022,2022,0
9454,5787208860231965128,Shanique Marie,Jamaica,All,REGIONAL,,,3,3,2018,2022,4
9455,4030656146847095250,Grove,United Kingdom,Bristol,REGIONAL,,,3,3,2021,2025,4
9456,9082759229012718925,TC,,,,,,2,3,2020,2022,2
9457,416469704222990182,The Untouchables,Belgium,All,REGIONAL,,,1,1,2022,2022,0
9458,8995151238461649143,Tradesman,,,,,,1,1,2022,2022,0
9459,6530239076742220881,Mia Lily,United Kingdom,London,REGIONAL,,,3,4,2022,2026,4
9460,8772592305582143325,Lady Passion,United Kingdom,London,REGIONAL,,,6,9,2023,2026,3
9461,5777439710848648360,Cleveland Watkiss,United Kingdom,London,REGIONAL,,,1,1,2023,2023,0
9462,2042352365466394735,Bakey,United Kingdom,London,REGIONAL,,,8,19,2022,2026,4
9463,3043596142705851087,Benny L,United Kingdom,London,REGIONAL,,,2,2,2022,2024,2
9464,8263586953645295478,Oblig,United Kingdom,London,REGIONAL,,,5,7,2022,2026,4
9465,5990261842247875074,Dangermami,,,REGIONAL,,,3,6,2024,2026,2
9466,4680338545983753697,Fearless Dread,United Kingdom,London,REGIONAL,,,1,2,2024,2025,1
9467,7138454266081227960,Fiyahdred,United Kingdom,London,REGIONAL,,,3,3,2022,2024,2
9468,3413059305103019547,mi-el,United Kingdom,London,REGIONAL,,,6,11,2022,2026,4
9469,1305208576718789534,Papa Nugs,United Kingdom,Leeds,REGIONAL,,,8,10,2022,2026,4
9470,891400802280379810,Silva Bumpa,United Kingdom,Manchester,REGIONAL,,,9,15,2024,2026,2
9471,5776629421791853001,KarateKnur,Poland,All,REGIONAL,,,1,1,2024,2024,0
9472,3512804123119687987,Mbizo,Denmark,Copenhagen,REGIONAL,,,1,1,2024,2024,0
9473,423615353785722065,Mark-E.T,United Kingdom,Liverpool,REGIONAL,,,1,1,2024,2024,0
9474,8112977010518568843,BLUMITSU,United Kingdom,London,REGIONAL,,,5,6,2024,2026,2
9475,4313408028991479451,Guido YZ,United Kingdom,London,REGIONAL,,,1,1,2025,2025,0
9476,8901925016591511277,Polygonia,Germany,Munich,REGIONAL,,,14,19,2022,2026,4
9477,6627433428397767260,Big Murk,Jordan,All,REGIONAL,,,1,1,2025,2025,0
9478,4338395751588549717,Elvé,United Kingdom,London,REGIONAL,,,1,1,2025,2025,0
9479,6718658938981012414,Felixculpah,United Kingdom,Manchester,REGIONAL,,,1,2,2025,2026,1
9480,4983117459519042847,Archangel,United Kingdom,London,REGIONAL,,,1,1,2026,2026,0
9481,6013850755094667924,Ben Sleia,France,Paris,REGIONAL,,,3,3,2022,2026,4
9482,3197073466332903767,GUNS,Turkey,Istanbul,REGIONAL,,,1,1,2026,2026,0
9483,4459103831745966665,HIJINX,United Kingdom,Bristol,REGIONAL,,,1,1,2026,2026,0
9484,2176280233207215801,Hughesee,United Kingdom,London,REGIONAL,,,2,2,2025,2026,1
9485,451608313425970011,Millie McKee,United Kingdom,London,REGIONAL,,,8,8,2023,2026,3
9486,3170447892430664650,Opium Hum,Germany,Berlin,REGIONAL,,,1,1,2026,2026,0
9487,6797635766937269838,Sharari,United Kingdom,Manchester,REGIONAL,,,1,1,2026,2026,0
9488,6517158642244341511,TSVI,United Kingdom,London,REGIONAL,,,9,11,2020,2026,6
9489,8407936099925577506,Billy Bayliss,United Kingdom,Midlands,REGIONAL,,,1,2,2017,2023,6
9490,3118045307701254248,Conrad Lee,United Kingdom,London,REGIONAL,,,3,8,2017,2026,9
9491,427857588396798102,CNSTBL,United Kingdom,London,REGIONAL,,,1,2,2017,2018,1
9492,2998922493572467384,Rossko,United Kingdom,London,TOP1000,,,6,11,2015,2026,11
9493,5507705936860715026,Local Dub,United Kingdom,Manchester,REGIONAL,,,1,3,2021,2023,2
9494,9213264866032090744,Locky,United Kingdom,London,REGIONAL,,,3,19,2021,2026,5
9495,5355364350122275202,Tommy Vercetti,United Kingdom,Midlands,REGIONAL,,,1,1,2021,2021,0
9496,4970995490840588979,Locklead,Netherlands,Utrecht,REGIONAL,,,7,17,2021,2026,5
9497,1600336248031536020,Antss,United Kingdom,London,REGIONAL,,,1,1,2021,2021,0
9498,4457019454473952617,Rossi,United Kingdom,London,REGIONAL,,,11,19,2022,2026,4
9499,4414150987769703152,Chris Maran,United Kingdom,London,REGIONAL,,,1,1,2023,2023,0
9500,5074426541472396720,Elli Acula,Germany,Berlin,REGIONAL,,,8,15,2022,2026,4
9501,7837013894433207083,PACH,United Kingdom,Manchester,REGIONAL,,,5,9,2022,2026,4
9502,2246394023848162622,Tommy Gold,United Kingdom,London,REGIONAL,,,1,5,2024,2026,2
9503,7045615700049627249,Wodda,United Kingdom,South + East,REGIONAL,,,2,4,2024,2025,1
9504,3600374949439727316,Prospa,United Kingdom,Leeds,REGIONAL,,,8,16,2021,2026,5
9505,424767964282941700,Jack Ling,United Kingdom,London,REGIONAL,,,2,2,2024,2025,1
9506,7277451009159770768,Ms. Mada,United States of America,Miami,REGIONAL,,,2,6,2024,2026,2
9507,2451286489548598187,ChaseWest,United States of America,Florida,REGIONAL,,,1,1,2025,2025,0
9508,333780459900756130,Milion,Netherlands,Amsterdam,REGIONAL,,,5,5,2025,2026,1
9509,628278790342086013,COEO,Germany,Munich,REGIONAL,,,2,2,2024,2025,1
9510,2943541667375377169,James Lavelle (2),United Kingdom,London,REGIONAL,,,3,5,2025,2026,1
9511,6013476406578260282,Kate Simko,United Kingdom,London,TOP1000,,,2,2,2016,2025,9
9512,6150303322915442572,Armand Van Helden,United States of America,New York City,TOP1000,,,5,7,2019,2026,7
9513,1057691256811828095,Wheats,United Kingdom,London,REGIONAL,,,2,4,2025,2026,1
9514,6510925582680684498,Truly Madly,United Kingdom,London,REGIONAL,,,15,35,2016,2026,10
9515,151245800571828729,HARRIE SUMMERS,Spain,Ibiza,REGIONAL,,,2,2,2025,2025,0
9516,6193184221685110157,Sammy Porter,United Kingdom,London,REGIONAL,,,3,6,2025,2026,1
9517,8351734436523232092,SOSA (UK),United Kingdom,Liverpool,REGIONAL,,,3,3,2024,2026,2
9518,1439012435503206524,Captain Wallop,United Kingdom,Leeds,REGIONAL,,,3,3,2026,2026,0
9519,4614747840430693701,Emma 2000,United Kingdom,Leeds,REGIONAL,,,3,3,2026,2026,0
9520,9146662148255098143,Michel de Hey,Netherlands,Rotterdam,REGIONAL,,,6,7,2005,2026,21
9521,6360510405756455931,M&C,France,South East,REGIONAL,,,1,1,2017,2017,0
9522,6560243290441097479,Pardonnez-nous,France,Paris,REGIONAL,,,2,2,2018,2019,1
9523,7310941606427704094,Pit Spector,France,Central,REGIONAL,,,2,2,2016,2018,2
9524,3277756690966615525,Domi (FR),France,Paris,REGIONAL,,,3,16,2022,2026,4
9525,3149755649006711469,DJ Voices,United States of America,New York City,REGIONAL,,,7,9,2019,2026,7
9526,5229044327016573332,Sybil,United Kingdom,London,REGIONAL,,,18,29,2019,2026,7
9527,1520072041928491938,Gaspero,France,Paris,REGIONAL,,,1,1,2022,2022,0
9528,9053884193774602882,Lys,Norway,All,REGIONAL,,,1,1,2022,2022,0
9529,6549208423152903957,Guy Contact,Australia,Perth,REGIONAL,,,5,6,2022,2026,4
9530,942710574712131767,No Plastic,United Kingdom,Scotland,REGIONAL,,,2,7,2022,2026,4
9531,3161855765881310840,Hanna Baertig,Germany,Brandenburg,REGIONAL,,,2,3,2023,2025,2
9532,1368998596336406101,LEZARDS,Germany,Frankfurt,REGIONAL,,,1,1,2023,2023,0
9533,193949964951027682,Bliss Inc.,,,REGIONAL,,,1,1,2023,2023,0
9534,1772982459696048132,François Ier,France,Paris,REGIONAL,,,1,1,2024,2024,0
9535,805233288771782974,Zeynep,Germany,Berlin,REGIONAL,,,1,1,2024,2024,0
9536,7343694743712683531,Akira Yamagata,France,Nantes,REGIONAL,,,1,2,2024,2025,1
9537,4191534166947389840,KAYTV,France,South West,REGIONAL,,,1,3,2024,2024,0
9538,6559411129335948840,Aérienne,France,Paris,REGIONAL,,,1,1,2024,2024,0
9539,1589256127955400648,Tatie Dee,France,Paris,REGIONAL,,,4,5,2024,2026,2
9540,8966477438354255713,sa+ga,France,Paris,REGIONAL,,,1,3,2025,2026,1
9541,8561789161375483015,Helios Mac Garry,France,Paris,REGIONAL,,,1,2,2025,2026,1
9542,8247173002046997610,Rrita Jashari,Kosovo,All,REGIONAL,,,4,6,2021,2026,5
9543,1713596323496465331,Neida,France,South West,REGIONAL,,,1,1,2026,2026,0
9544,6275379116975094746,Leafar Legov,Germany,Leipzig,REGIONAL,,,6,19,2017,2026,9
9545,8091134216133060693,Zahir_,Germany,Berlin,REGIONAL,,,1,1,2015,2015,0
9546,7876886099043112594,Roberto Savaggio,Germany,Berlin,REGIONAL,,,1,2,2016,2016,0
9547,7112653043802318413,Milad Müller,Germany,Berlin,REGIONAL,,,1,2,2016,2017,1
9548,8509121174327382162,Nikolas Noam,Germany,Leipzig,REGIONAL,,,1,1,2017,2017,0
9549,4345381218995698983,Bärchen,France,Lyon,REGIONAL,,,1,1,2017,2017,0
9550,8991250474484584375,Deepbass,United Kingdom,Scotland,REGIONAL,,,1,1,2017,2017,0
9551,8192037342424939380,Vigo,Germany,Hamburg,REGIONAL,,,1,1,2025,2025,0
9552,1514160750664090734,Louis The 4th,France,Paris,REGIONAL,,,1,2,2025,2026,1
9553,9168169312645303687,Mathilde Rocaboy,France,Paris,REGIONAL,,,1,1,2025,2025,0
9554,247883879441412317,EXZ,Brazil,Sao Paulo,REGIONAL,,,3,3,2017,2025,8
9555,8789583196108660371,Harmon,United States of America,San Diego,REGIONAL,,,1,1,2025,2025,0
9556,7560356218726599571,Kyong Sono,Germany,Berlin,REGIONAL,,,1,1,2025,2025,0
9557,6034883314470024349,Lemonella,South Africa,All,REGIONAL,,,2,2,2023,2025,2
9558,7377576098277561089,CABALE,France,Montpellier,REGIONAL,,,2,2,2024,2025,1
9559,1380873888690223377,SIWAL,France,South West,REGIONAL,,,2,2,2024,2026,2
9560,7870868202765923693,Otal,Germany,Berlin,REGIONAL,,,1,1,2026,2026,0
9561,6532953143989913521,KYT,Germany,Berlin,REGIONAL,,,1,1,2026,2026,0
9562,293335753624474322,Flemish.Fetish,Germany,Berlin,REGIONAL,,,1,1,2026,2026,0
9563,4061178176185327778,Cheriii,France,Lyon,REGIONAL,,,4,5,2021,2026,5
9564,5913873572680888637,Axymt.,France,Lyon,REGIONAL,,,1,1,2026,2026,0
9565,8464417162744227890,Nixe,Germany,Mecklenburg-Vorpommern,REGIONAL,,,1,1,2026,2026,0
9566,6461689509385195509,Loryn,United States of America,Los Angeles,REGIONAL,,,1,1,2026,2026,0
9567,6815966006206968249,Interim,United States of America,Maryland,REGIONAL,,,1,1,2026,2026,0
9568,80978534513876077,Ian Maur,France,Paris,REGIONAL,,,1,1,2026,2026,0
9569,2263421978434046122,Emma B,France,Paris,REGIONAL,,,2,2,2025,2026,1
9570,2765367209192929996,Cimarrón,Argentina,Buenos Aires,REGIONAL,,,1,1,2026,2026,0
9571,290586448710792800,Anthony Parasole,United States of America,New York City,TOP1000,,,5,10,2014,2018,4
9572,1136702138075687985,Orgue Electronique,Netherlands,Amsterdam,REGIONAL,,,3,3,2006,2017,11
9573,3099664327595066103,Twice Upon A Time,Netherlands,Amsterdam,REGIONAL,,,2,4,2017,2018,1
9574,1140879705538716549,Cosmox,Netherlands,The Hague,REGIONAL,,,2,14,2018,2025,7
9575,3733600241914358615,Stevie Whisper,Serbia,All,REGIONAL,,,1,1,2018,2018,0
9576,4821298477653936713,543FF,Netherlands,Amsterdam,REGIONAL,,,1,4,2018,2019,1
9577,222949510428324321,Mercal,Netherlands,Rotterdam,REGIONAL,,,2,2,2018,2019,1
9578,235949362077057688,henna.essa,Netherlands,All,REGIONAL,,,1,1,2019,2019,0
9579,1635545934740209972,Claire Morgan,Australia,Brisbane,TOP1000,,,4,4,2018,2024,6
9580,1214490579738364720,Sébastien Robert,France,Lyon,REGIONAL,,,1,1,2019,2019,0
9581,108030299896370177,Ally Tropical,United Kingdom,Glasgow,REGIONAL,,,3,5,2019,2025,6
9582,6232647859987855793,Bredt,,,REGIONAL,,,1,1,2019,2019,0
9583,7951183341539106206,Drvg Cvltvre,Netherlands,All,REGIONAL,,,1,1,2020,2020,0
9584,4957183159280494603,Afra,Netherlands,Amsterdam,REGIONAL,,,13,23,2019,2026,7
9585,2853268611907128585,Convextion,United States of America,Houston,REGIONAL,,,5,7,2011,2026,15
9586,701107885905911791,Ben Buitendijk,Netherlands,Rotterdam,REGIONAL,,,6,8,2016,2022,6
9587,3500259222570591946,Ben Bondy,United States of America,New York City,REGIONAL,,,1,1,2022,2022,0
9588,2918384207629081874,KiNK,Bulgaria,All,TOP1000,,,23,56,2013,2026,13
9589,2612794062146937278,Nathan Homan,Netherlands,Rotterdam,REGIONAL,,,2,10,2016,2025,9
9590,7558162277920891849,Jerrau,Netherlands,Amsterdam,REGIONAL,,,6,7,2022,2026,4
9591,680048753155088281,mul/ANNA,Netherlands,All,REGIONAL,,,3,5,2023,2026,3
9592,6726097160330078802,DJ Bone,United States of America,Detroit,TOP1000,,,15,44,2008,2026,18
9593,1682042284158467871,Falhaber,Netherlands,The Hague,REGIONAL,,,1,1,2023,2023,0
9594,2976441805733736059,Kosh (212),Morocco,All,REGIONAL,,,3,3,2023,2023,0
9595,445187071479510458,D-Leria,Italy,Central,REGIONAL,,,2,2,2023,2026,3
9596,790714620082122045,Andrew (BG),Bulgaria,All,REGIONAL,,,1,1,2023,2023,0
9597,2461747677103990605,GAZTAMBIDE,Netherlands,Amsterdam,REGIONAL,,,1,1,2024,2024,0
9598,2636840067416411170,Nawaz,Netherlands,Amsterdam,REGIONAL,,,2,2,2023,2025,2
9599,4759348941133507489,Bailey Ibbs,United Kingdom,London,REGIONAL,,,3,4,2022,2025,3
9600,8914100477142247910,Capiche Collectiv,Netherlands,All,REGIONAL,,,1,1,2025,2025,0
9601,7195636756153997130,Lanckfeld,Netherlands,The Hague,REGIONAL,,,1,1,2025,2025,0
9602,4092186472682868551,LOLSNAKE,United States of America,California,REGIONAL,,,1,1,2025,2025,0
9603,2828921194257227343,Benwal,Netherlands,All,REGIONAL,,,14,20,2023,2026,3
9604,474527360008578985,Kyra Khaldi,Netherlands,Amsterdam,REGIONAL,,,9,19,2023,2026,3
9605,6166335629026753740,X CLUB.,Australia,Brisbane,REGIONAL,,,10,19,2023,2026,3
9606,729419965354075125,Daphni,Canada,Toronto,REGIONAL,,,14,23,2013,2026,13
9607,6806775463685370843,Miruna Ghica,United Kingdom,North,REGIONAL,,,1,2,2025,2026,1
9608,5414294507675773120,Adam Shelton,United Kingdom,Birmingham,REGIONAL,,,5,17,2013,2025,12
9609,1242313331697210854,Wax Galactique,United Kingdom,West + Wales,REGIONAL,,,2,4,2025,2026,1
9610,3158657980782027576,MiniCoolBoyz,Italy,North,REGIONAL,,,1,1,2014,2014,0
9611,5279507890575743046,Audiowomb,Netherlands,Rotterdam,REGIONAL,,,1,1,2014,2014,0
9612,4510044132903183979,Alex Salvador,Netherlands,Amsterdam,REGIONAL,,,2,2,2014,2015,1
9613,2209389477013401118,Daan Groeneveld,Netherlands,Amsterdam,REGIONAL,,,1,1,2014,2014,0
9614,3802593166380384425,Paco Osuna,Spain,Barcelona,TOP1000,,,7,28,2005,2025,20
9615,6991031022568058006,Sasha Carassi,Italy,Central,REGIONAL,,,3,5,2015,2025,10
9616,2382881853852463878,Harvey Mckay,United Kingdom,Scotland,TOP1000,,,2,2,2014,2015,1
9617,6494966088507456140,Drumcell,United States of America,Los Angeles,REGIONAL,,,1,1,2015,2015,0
9618,6232116851760020852,Mano Le Tough,Germany,Berlin,TOP1000,,,21,52,2011,2026,15
9619,6749440793999389231,Tim Green,United Kingdom,London,REGIONAL,,,2,2,2009,2017,8
9620,6812199157728449413,Luca Agnelli,Italy,Central,REGIONAL,,,1,2,2017,2018,1
9621,1217384950027608780,Tripeo,Netherlands,All,REGIONAL,,,5,12,2012,2025,13
9622,7607973166202112790,Frank Storm,Italy,North,REGIONAL,,,2,2,2017,2018,1
9623,9199328330974960226,Gregor Tresher,Germany,Frankfurt,TOP1000,,,5,7,2008,2018,10
9624,6667706240679825933,Pig&Dan,Spain,Barcelona,REGIONAL,,,1,2,2018,2019,1
9625,7005375408711348086,Ramon Tapia,Netherlands,Amsterdam,REGIONAL,,,1,1,2018,2018,0
9626,7615696804782254825,C-Jay,Netherlands,The Hague,REGIONAL,,,1,1,2018,2018,0
9627,5837687856563643972,Joran van Pol,Netherlands,Amsterdam,REGIONAL,,,2,14,2013,2025,12
9628,48089006360146210,Jeroen Search,Netherlands,Rotterdam,REGIONAL,,,6,8,2011,2019,8
9629,5197747073491645533,SQL,Netherlands,Amsterdam,REGIONAL,,,1,1,2019,2019,0
9630,3918629337286805444,The Reason Y,Germany,Berlin,REGIONAL,,,1,1,2019,2019,0
9631,5897471911181586373,HI-LO,Netherlands,Rotterdam,REGIONAL,,,3,8,2023,2026,3
9632,2865602519234500680,Nicky Elisabeth,Netherlands,Amsterdam,REGIONAL,,,4,16,2019,2026,7
9633,7828696402307181979,DJ BJ,United Kingdom,Manchester,REGIONAL,,,1,3,2024,2024,0
9634,8685370218760611391,Øostil,Mexico,Mexico City,REGIONAL,,,2,3,2024,2024,0
9635,7254054503550294886,Giorgia Angiuli,Italy,Central,TOP1000,,,4,5,2017,2025,8
9636,7268088962763522270,Laura van Hal,Netherlands,All,REGIONAL,,,2,6,2022,2025,3
9637,3779658286754058359,Nico Morano,Belgium,All,REGIONAL,,,3,11,2017,2025,8
9638,1629498960746479110,Ninsa,Netherlands,Amsterdam,REGIONAL,,,2,5,2024,2025,1
9639,1101288871907028983,SNTS,Germany,Berlin,TOP1000,,,7,8,2018,2026,8
9640,1895676046099580983,S3PPA,Netherlands,Amsterdam,REGIONAL,,,1,1,2025,2025,0
9641,8949476205964634399,ANNĒ,Greece,All,REGIONAL,,,4,8,2025,2026,1
9642,2235478808059047157,Miss Melera,Netherlands,Amsterdam,REGIONAL,,,4,15,2014,2025,11
9643,5669004305970077183,Siggy Lou,Netherlands,Amsterdam,REGIONAL,,,1,1,2025,2025,0
9644,9108394759599328059,Ben Hemsley,United Kingdom,Newcastle,REGIONAL,,,4,4,2023,2025,2
9645,7371694367969704724,Berkan V8,Netherlands,Amsterdam,REGIONAL,,,4,4,2024,2026,2
9646,8348120398357410806,The Iron Glove,United Kingdom,London,REGIONAL,,,2,3,2019,2021,2
9647,7949352457628595964,Alfa Mist,United Kingdom,London,REGIONAL,,,7,8,2018,2021,3
9648,88121901567424301,Giant Swan,United Kingdom,West + Wales,TOP1000,,,9,11,2019,2022,3
9649,5188693345347538385,Bryte,Ghana,All,REGIONAL,,,4,4,2019,2024,5
9650,349540669249306791,Kiara Scuro,United Kingdom,London,REGIONAL,,,12,22,2018,2025,7
9651,3834374894656015487,Hiroko Yamamura,United States of America,Chicago,TOP1000,,,2,4,2023,2026,3
9652,5023485567677146189,AceMo,United States of America,New York City,REGIONAL,,,3,3,2022,2026,4
9653,6927923619210327124,Mechatok,Germany,Berlin,REGIONAL,,,2,4,2024,2025,1
9654,8101571791752630824,MINA G,,,,,,1,2,2024,2024,0
9655,7161053341596306827,3DMA,United Kingdom,London,REGIONAL,,,2,3,2024,2024,0
9656,6199947249189740802,Holly Warcup,United Kingdom,Midlands,REGIONAL,,,2,3,2024,2024,0
9657,1862961473068761049,dj g2g,Uruguay,All,REGIONAL,,,2,2,2025,2026,1
9658,4535972022003528329,Pional,Spain,Madrid,TOP1000,,,7,9,2015,2023,8
9659,7114742024499361103,Rebolledo,Mexico,Monterrey,TOP1000,,,5,8,2014,2025,11
9660,6171166142604327599,Way Of Thinking,Spain,Ibiza,REGIONAL,,,2,5,2020,2024,4
9661,6062682043968093846,Mauro Russo,Spain,South,REGIONAL,,,1,1,2020,2020,0
9662,9098796779968940073,Skatman,Tunisia,All,REGIONAL,,,2,2,2023,2024,1
9663,4610858275615133518,Junior Industrial Copera,Spain,South,REGIONAL,,,1,1,2026,2026,0
9664,8503545354728146558,Luke Slater,United Kingdom,South + East,TOP1000,,,12,23,2011,2026,15
9665,7145680490362149468,BENGY,Malta,All,REGIONAL,,,1,2,2024,2026,2
9666,2209346262165015935,Louie G,United Kingdom,Manchester,REGIONAL,,,3,5,2024,2026,2
9667,2024669556950462032,Miroloja,France,Paris,REGIONAL,,,1,1,2024,2024,0
9668,5245317677613032174,Satoshi Tomiie,Japan,Tokyo,REGIONAL,,,6,8,2024,2026,2
9669,2455421008269035103,Daso,Germany,Berlin,REGIONAL,,,1,1,2016,2016,0
9670,7038773465976753081,Lake People,Germany,Leipzig,REGIONAL,,,1,1,2016,2016,0
9671,5965227814928049122,Stavroz,Belgium,All,REGIONAL,,,5,16,2017,2026,9
9672,8219725249078275797,Vessels,United Kingdom,North,REGIONAL,,,1,1,2017,2017,0
9673,7961072141107083589,Antilope,Belgium,All,REGIONAL,,,1,1,2017,2017,0
9674,7133636901807388012,Jacques (FR),France,East,REGIONAL,,,1,1,2017,2017,0
9675,5377961227493784643,Hush Hefner,Belgium,All,REGIONAL,,,1,2,2017,2018,1
9676,3966832692320287140,AMARE,Belgium,All,REGIONAL,,,2,5,2017,2018,1
9677,4212614172686858603,Jonny Nash,United Kingdom,London,REGIONAL,,,5,8,2016,2026,10
9678,1710256209334963716,Kim Kenis,Belgium,Brussels,REGIONAL,,,5,12,2019,2026,7
9679,3639232927625283179,Møzaika,,,REGIONAL,,,1,1,2020,2020,0
9680,7540089249372579771,HVL,Georgia,Tbilisi,REGIONAL,,,1,1,2020,2020,0
9681,7025932972401523303,Schatrax,United Kingdom,South + East,REGIONAL,,,5,8,2019,2023,4
9682,6509678379106801478,Bon Public,Belgium,Brussels,REGIONAL,,,1,1,2021,2021,0
9683,5262971826524938302,Brassac,Belgium,Brussels,REGIONAL,,,2,3,2021,2024,3
9684,4084816504581253779,Vieira,Belgium,Brussels,REGIONAL,,,3,6,2021,2024,3
9685,7433680389234750600,Hill Men,Belgium,All,REGIONAL,,,3,7,2019,2023,4
9686,9048245921384599212,Mosley Jr,Belgium,All,REGIONAL,,,2,4,2019,2023,4
9687,5368821933061384386,Aidons Antoine,Belgium,All,REGIONAL,,,1,1,2021,2021,0
9688,1452884172514918414,LaMaz,Belgium,All,REGIONAL,,,3,8,2017,2025,8
9689,2716039088686890029,Lion's Drums,France,Marseille,REGIONAL,,,1,1,2021,2021,0
9690,1438942092704439568,Bass Toast,Belgium,Brussels,REGIONAL,,,3,3,2022,2023,1
9691,3870259426643937758,Hame (1),Netherlands,Amsterdam,REGIONAL,,,4,7,2022,2025,3
9692,5712445533803620013,Sapphire Slows,Japan,Tokyo,REGIONAL,,,4,4,2016,2023,7
9693,1952519514742375930,Joyce Muniz,Brazil,Sao Paulo,TOP1000,,,1,1,2022,2022,0
9694,6053677682452653390,Adema,France,North,REGIONAL,,,1,1,2022,2022,0
9695,8192829398467354269,Gurl,,,REGIONAL,,,3,5,2022,2024,2
9696,8090960771862141958,Vera Logdanidi,Ukraine,All,REGIONAL,,,4,5,2023,2026,3
9697,8875883503139976830,Klaue,,,,,,1,1,2023,2023,0
9698,1279471654184530912,Blck Mamba,Belgium,Brussels,REGIONAL,,,4,5,2023,2026,3
9699,7512124122437374277,Caianda,Angola,All,REGIONAL,,,1,1,2024,2024,0
9700,9146545761423164306,Baum,Spain,Barcelona,REGIONAL,,,2,2,2024,2024,0
9701,7226076707623887706,Odymel,Switzerland,Geneva,REGIONAL,,,2,6,2023,2025,2
9702,3388333582242503890,Ce$ar,Belgium,Brussels,REGIONAL,,,1,1,2025,2025,0
9703,8346187306391310731,NMSS,France,East,REGIONAL,,,2,3,2022,2026,4
9704,4632836414750988917,André Dancekowski,Germany,Bavaria,REGIONAL,,,1,1,2026,2026,0
9705,6209432305131166022,Godero,Belgium,Ghent,REGIONAL,,,2,2,2025,2026,1
9706,7931403113150235020,Monstera Occulta,Belgium,Brussels,REGIONAL,,,2,2,2023,2026,3
9707,4935925111793780462,Selmz,Belgium,Brussels,REGIONAL,,,2,2,2026,2026,0
9708,6679944579323626420,1-800 GIRLS,United Kingdom,London,REGIONAL,,,3,4,2024,2026,2
9709,4226011702954677268,Spriitzz,Germany,Berlin,REGIONAL,,,8,8,2025,2026,1
9710,2299100893689557746,Luke Spencer,United Kingdom,London,REGIONAL,,,1,1,2019,2019,0
9711,4547815626380642321,ALBER KEITOR,United Kingdom,London,REGIONAL,,,1,4,2023,2024,1
9712,3514164563795587646,Mowie,Italy,Bologna,REGIONAL,,,1,1,2023,2023,0
9713,4063353471307449955,Raden (UK),United Kingdom,Manchester,REGIONAL,,,1,1,2023,2023,0
9714,8244399939728131124,Raldo,United Kingdom,London,REGIONAL,,,1,1,2023,2023,0
9715,8652430406366930871,Andy Cardona,Colombia,Medellin,REGIONAL,,,1,1,2024,2024,0
9716,6372955483272256179,Ian F,Slovenia,All,REGIONAL,,,2,6,2019,2026,7
9717,2821252951023478742,Josh Rawl,United Kingdom,London,REGIONAL,,,2,2,2019,2021,2
9718,6743455963245414853,Runy,Serbia,All,REGIONAL,,,1,3,2021,2025,4
9719,7623973296094586937,Gunnter,France,Paris,REGIONAL,,,1,1,2022,2022,0
9720,5217848277833696473,Phase Fatale,United States of America,New York City,TOP1000,,,5,8,2018,2026,8
9721,5158181951543500985,1983,Slovenia,All,REGIONAL,,,1,1,2022,2022,0
9722,843858352954361520,Elovetric,Slovenia,All,REGIONAL,,,1,2,2022,2023,1
9723,4542018960764782809,Jeyoh,France,Paris,REGIONAL,,,1,1,2022,2022,0
9724,7718021149420541682,e/tape,,,REGIONAL,,,6,10,2019,2025,6
9725,1906250343942552824,The BPM Police,Slovenia,Ljubljana,REGIONAL,,,1,1,2024,2024,0
9726,5841794009647988826,Francesco Farfa,Italy,Florence,REGIONAL,,,2,2,2022,2025,3
9727,7119297678711833672,Herzog,Slovenia,All,REGIONAL,,,1,1,2025,2025,0
9728,382349337507897933,Joan Hong,United States of America,California,REGIONAL,,,1,1,2025,2025,0
9729,4859010044672085326,Luisa,Portugal,Lisbon,REGIONAL,,,5,6,2023,2026,3
9730,1135817015637298161,Busso,Germany,Berlin,REGIONAL,,,2,2,2026,2026,0
9731,5313135696713322248,Surgeons Girl,United Kingdom,Bristol,REGIONAL,,,2,2,2021,2024,3
9732,1893961982569002733,Control Freak,United Kingdom,London,REGIONAL,,,4,4,2025,2026,1
9733,5579756451165260172,Bert de Rooij,Netherlands,All,REGIONAL,,,3,5,2008,2025,17
9734,947247551522242989,Thanos Hana,Greece,All,REGIONAL,,,1,1,2026,2026,0
9735,8201932960395075586,Lukr Range,Germany,Berlin,REGIONAL,,,1,1,2026,2026,0
9736,4402104579611678659,Soul Stew,United Kingdom,South + East,REGIONAL,,,5,8,2021,2024,3
9737,3215501115077354695,Wallace,United Kingdom,West + Wales,REGIONAL,,,4,4,2022,2025,3
9738,2902386942886772619,Jeanie Crystal,United Kingdom,London,REGIONAL,,,1,2,2021,2021,0
9739,8255371277841024349,Lewis G. Burton,United Kingdom,London,REGIONAL,,,1,7,2021,2026,5
9740,6279760767311274779,Sayang,United Kingdom,North,REGIONAL,,,4,7,2021,2023,2
9741,7106559000854463891,SITA,Spain,South,REGIONAL,,,3,5,2020,2022,2
9742,7551045363464333146,Princess Julia,United Kingdom,London,REGIONAL,,,3,3,2022,2024,2
9743,4972607161101577610,Alba Heidari,Spain,Madrid,REGIONAL,,,2,2,2022,2026,4
9744,9057222006135066380,David KMA,United Kingdom,North,REGIONAL,,,1,1,2022,2022,0
9745,1620539280442286249,FAUX,Germany,Hamburg,REGIONAL,,,1,1,2022,2022,0
9746,209440910499542245,Mark-Ashley Dupé,United Kingdom,London,REGIONAL,,,1,5,2022,2026,4
9747,6337129989535351881,Faux Naif,United Kingdom,London,REGIONAL,,,2,2,2019,2023,4
9748,223652201421135453,HALF QUEEN,New Zealand,Auckland,REGIONAL,,,5,5,2023,2026,3
9749,6975361828273621778,COBRAH,Sweden,Stockholm,REGIONAL,,,1,3,2023,2026,3
9750,5569478979119355586,Melo (ES),Spain,Ibiza,REGIONAL,,,1,1,2023,2023,0
9751,5388842429172602005,The Carry Nation,United States of America,New York City,REGIONAL,,,1,1,2024,2024,0
9752,994644233345481964,Jacob Meehan,United States of America,Chicago,REGIONAL,,,1,1,2024,2024,0
9753,1022594237531026515,Angel Maze,United Kingdom,London,REGIONAL,,,3,4,2024,2026,2
9754,3908630715073463852,HARDIP,United Kingdom,London,REGIONAL,,,1,1,2024,2024,0
9755,6193272786610383313,HOLY C,United Kingdom,North,REGIONAL,,,1,1,2024,2024,0
9756,8820464881850797346,Joshua James (UK),United Kingdom,London,REGIONAL,,,3,3,2023,2025,2
9757,5695124236793065159,MADDØG,United States of America,Indiana,REGIONAL,,,1,1,2024,2024,0
9758,7872278833975022279,COUCOU CHLOE,United Kingdom,London,TOP1000,,,1,1,2025,2025,0
9759,7853079887812535519,Lagoon Femshayma,United Kingdom,London,REGIONAL,,,1,1,2025,2025,0
9760,4808680905082879957,Stathis (GR),,,REGIONAL,,,1,1,2025,2025,0
9761,8207480515211658742,deBasement,United States of America,Los Angeles,REGIONAL,,,1,1,2026,2026,0
9762,200337049859492889,Chaim,Israel,All,TOP1000,,,3,4,2016,2019,3
9763,507079036534669356,Izhevski,Russia,Moscow,REGIONAL,,,1,1,2016,2016,0
9764,1661452436989364904,Raio,United Kingdom,London,REGIONAL,,,1,1,2016,2016,0
9765,3634730749639717988,Chaou.B,Morocco,All,REGIONAL,,,1,1,2018,2018,0
9766,4674892040111377952,John Acquaviva,Canada,Toronto,REGIONAL,,,1,1,2018,2018,0
9767,4847374951142918469,Kate Zubok,Ukraine,All,REGIONAL,,,1,1,2018,2018,0
9768,5094962718764798934,Maher Daniel,Palestine,All,REGIONAL,,,3,5,2016,2021,5
9769,8676308318058672324,Nathabes,Morocco,All,REGIONAL,,,1,1,2018,2018,0
9770,8533050666952512691,DJ Vibe,Portugal,Lisbon,REGIONAL,,,3,4,2018,2023,5
9771,3327659571437555042,Germano,Italy,Central,REGIONAL,,,1,1,2016,2016,0
9772,8494121969881235588,Felon5,United Kingdom,London,REGIONAL,,,2,3,2021,2024,3
9773,5479591841240004528,Bluetoof,United Kingdom,London,REGIONAL,,,5,8,2022,2025,3
9774,3470534125451282788,Karen Nyame KG,United Kingdom,London,REGIONAL,,,7,8,2022,2026,4
9775,4948654147891491933,Free Zing,Spain,Madrid,REGIONAL,,,3,4,2025,2026,1
9776,1562058877751802734,Janus Rasmussen,Iceland,All,REGIONAL,,,2,2,2019,2025,6
9777,3155875027011275929,Tiago Carvalho,Portugal,Porto,REGIONAL,,,1,5,2019,2025,6
9778,4452152316233299589,Jon Dixon,United States of America,Detroit,REGIONAL,,,1,1,2023,2023,0
9779,2873749066956548236,Madd Rod,Portugal,Lisbon,REGIONAL,,,1,1,2024,2024,0
9780,5665335928020958261,Miguel Nery,Portugal,Porto,REGIONAL,,,1,2,2025,2026,1
9781,6467918849598940412,Octual,Netherlands,Amsterdam,REGIONAL,,,1,2,2018,2018,0
9782,3556027828947418031,Britta Arnold,Germany,Berlin,TOP1000,,,3,4,2018,2025,7
9783,5558836934392614793,Niconé,Germany,Berlin,REGIONAL,,,3,3,2012,2018,6
9784,4661388663598610934,Philipp Kempnich,Germany,Berlin,REGIONAL,,,1,1,2018,2018,0
9785,2920400459716982041,KAUW,Netherlands,Amsterdam,REGIONAL,,,2,2,2018,2018,0
9786,4116388537236601020,Phil Kieran,United Kingdom,Northern Ireland,REGIONAL,,,3,6,2011,2021,10
9787,7272393619573819083,Amy Root,Netherlands,The Hague,REGIONAL,,,2,2,2019,2019,0
9788,489176199010472398,Tunnelvisions,Netherlands,All,REGIONAL,,,2,3,2018,2019,1
9789,660073455762976320,Coloray,Netherlands,All,REGIONAL,,,3,12,2021,2026,5
9790,434857242473878480,Anthoni Logos,Netherlands,Amsterdam,REGIONAL,,,1,2,2022,2024,2
9791,2532304416308881152,Rampue,Germany,Berlin,REGIONAL,,,4,5,2019,2022,3
9792,4225793292686466151,Yør Kultura,Netherlands,Rotterdam,REGIONAL,,,3,7,2018,2023,5
9793,8705918334865052161,Felix Tapes,Netherlands,Amsterdam,REGIONAL,,,1,1,2024,2024,0
9794,2306833970869788679,Gente Quente,Netherlands,Amsterdam,REGIONAL,,,1,1,2024,2024,0
9795,3610553891235791882,Martha van Straaten,Germany,Berlin,TOP1000,,,1,2,2024,2025,1
9796,8012818217578040458,Milio,Netherlands,All,REGIONAL,,,3,3,2023,2025,2
9797,1202849591834292467,Florinsz Janvier,Netherlands,Amsterdam,REGIONAL,,,4,4,2015,2025,10
9798,8794394388002835208,Yukon Club,Netherlands,Amsterdam,REGIONAL,,,1,1,2025,2025,0
9799,3672383808235707374,Narciss (RO),Romania,All,REGIONAL,,,2,2,2025,2026,1
9800,6875926185091687454,Pau Roca,Spain,Barcelona,REGIONAL,,,3,9,2014,2024,10
9801,9220376293108511320,Rainer,Spain,Barcelona,REGIONAL,,,2,2,2015,2016,1
9802,8226937950064023604,Sbri,Spain,Barcelona,REGIONAL,,,1,1,2016,2016,0
9803,5941012919423892059,SPFZ,Spain,Barcelona,REGIONAL,,,1,1,2016,2016,0
9804,9157404859532196204,Pete Tong,United Kingdom,London,TOP1000,,,1,1,2016,2016,0
9805,2228180731642318065,Martin Buttrich,Germany,Hannover,TOP1000,,,7,12,2007,2018,11
9806,458509881457818142,Hamid,,,REGIONAL,,,1,1,2016,2016,0
9807,4304308486425647725,DJ Zero,Romania,All,REGIONAL,,,1,1,2017,2017,0
9808,1380329049507280474,Deejay Kosmos,Spain,Barcelona,REGIONAL,,,1,1,2017,2017,0
9809,353404109356293939,Angioma,Spain,Barcelona,REGIONAL,,,1,1,2017,2017,0
9810,1702059238446534782,ALMOST HUMAN,United States of America,Alabama,REGIONAL,,,1,3,2017,2022,5
9811,5149023291071119018,Simina Grigoriu,Germany,Berlin,TOP1000,,,1,1,2017,2017,0
9812,2145451378117903791,Catz 'N Dogz,Poland,All,TOP1000,,,1,1,2017,2017,0
9813,1510516510000436848,Fango,,,REGIONAL,,,2,2,2015,2017,2
9814,5581208370725281488,Krass,Norway,Oslo,REGIONAL,,,1,1,2018,2018,0
9815,4313237686048474595,Los Suruba,Spain,Ibiza,REGIONAL,,,1,3,2018,2022,4
9816,9068379131116814594,Yaya,Italy,Central,TOP1000,,,1,1,2018,2018,0
9817,364564330992176780,Daniel Kyo,Spain,East,REGIONAL,,,1,1,2018,2018,0
9818,7574447447576156006,Dadame,Spain,Barcelona,REGIONAL,,,1,1,2018,2018,0
9819,7759802012644536167,Flug,Argentina,Buenos Aires,REGIONAL,,,2,5,2016,2025,9
9820,3446060207658676933,Lee Jo Life,France,Central,REGIONAL,,,1,5,2019,2023,4
9821,4471046294389929081,Raxon,Egypt,All,REGIONAL,,,3,11,2016,2025,9
9822,3682391954188403595,Marco Faraone,Italy,Central,TOP1000,,,3,3,2018,2025,7
9823,9223081496323949867,Bob Moses,Canada,Vancouver,REGIONAL,,,2,4,2019,2025,6
9824,4894509935346520150,Violeta Villa,Spain,Barcelona,REGIONAL,,,1,2,2019,2020,1
9825,715846485486953920,Lowprofile,Spain,Barcelona,REGIONAL,,,1,1,2020,2020,0
9826,945146740668458341,Rumbler,Spain,Barcelona,REGIONAL,,,1,1,2020,2020,0
9827,1548879625519556748,Luna Martinez,Spain,Ibiza,REGIONAL,,,2,2,2019,2020,1
9828,2811511719954602758,Nick Warren,United Kingdom,London,REGIONAL,,,2,2,2022,2025,3
9829,9208765589080254631,Alex Kennon,Italy,Central,REGIONAL,,,1,1,2022,2022,0
9830,8876616286607877687,Airod,France,Paris,TOP1000,,,6,10,2021,2026,5
9831,2150250488803898736,Damian Lazarus,United Kingdom,London,TOP1000,,,5,7,2007,2025,18
9832,8453707257555647455,Mica Wagner,Spain,Madrid,REGIONAL,,,1,1,2022,2022,0
9833,8800139064553965703,Rüfüs Du Sol,Australia,Sydney,REGIONAL,,,2,3,2019,2023,4
9834,8930639546024090407,Fort Romeau,United Kingdom,London,REGIONAL,,,9,16,2016,2022,6
9835,1125324781884178410,Adria (ES),Spain,Barcelona,REGIONAL,,,1,1,2022,2022,0
9836,5326660616705750993,SIM (SI),Slovenia,All,REGIONAL,,,1,1,2023,2023,0
9837,8180141189339856737,Daniel Watts,Brazil,All,REGIONAL,,,1,1,2023,2023,0
9838,927525808292826413,Jonas Rathsman,Sweden,All,REGIONAL,,,1,1,2023,2023,0
9839,6145936963158716387,Wade,Spain,South,REGIONAL,,,2,4,2023,2026,3
9840,6738777776246273765,Mambo Brothers,Spain,Ibiza,REGIONAL,,,2,4,2019,2023,4
9841,9176214122301643599,Flavio Folco,Italy,South,REGIONAL,,,1,2,2023,2026,3
9842,2083365822400569041,Rusven,Spain,Barcelona,REGIONAL,,,1,1,2023,2023,0
9843,2218140840235258889,DeMarzo,United Kingdom,London,REGIONAL,,,2,2,2023,2025,2
9844,4653470098436987231,zrg AK,Dominican Republic,All,REGIONAL,,,1,1,2023,2023,0
9845,6663669320098670789,Ethel,France,Paris,REGIONAL,,,4,4,2021,2026,5
9846,4791391660551945477,Nico Moreno,France,Central,REGIONAL,,,3,3,2024,2026,2
9847,5386006286036652799,VITE,Mexico,Tulum,REGIONAL,,,1,2,2024,2025,1
9848,6192401867334910258,Dennis Cruz,Spain,Madrid,REGIONAL,,,3,4,2019,2025,6
9849,1444701983017387449,Marc Rebillet,United States of America,Dallas/Fort Worth,REGIONAL,,,3,3,2019,2025,6
9850,851475699862607129,Sasha,,,,,,1,1,2024,2024,0
9851,300581910379709495,Kesia (BR),Brazil,Sao Paulo,REGIONAL,,,2,2,2024,2024,0
9852,2477017659731722675,Tal Fussman,Germany,Berlin,REGIONAL,,,1,1,2024,2024,0
9853,5410793321523986919,Vomee,Italy,South,REGIONAL,,,1,2,2024,2026,2
9854,4998518693452883574,Tripolism,Denmark,Copenhagen,REGIONAL,,,2,3,2025,2026,1
9855,1800708431608483262,Annicka,Sweden,All,REGIONAL,,,1,2,2025,2025,0
9856,3917907102485929910,Greta Levska,Spain,Ibiza,REGIONAL,,,1,4,2025,2026,1
9857,8199796729969503545,Bora Uzer,Turkey,Istanbul,REGIONAL,,,1,1,2025,2025,0
9858,4662228635070359867,Noe Gy,Spain,Barcelona,REGIONAL,,,1,2,2025,2025,0
9859,6764557290690494774,Gespona,Spain,Barcelona,REGIONAL,,,1,2,2025,2025,0
9860,2505255936444843303,Logic1000,Australia,Sydney,REGIONAL,,,6,9,2022,2026,4
9861,4483053549161882552,Ignez,Netherlands,All,REGIONAL,,,6,9,2024,2026,2
9862,3304586147901093499,Francis Mercier,United States of America,New York City,REGIONAL,,,1,1,2026,2026,0
9863,2232845418754206015,LondonGround,Argentina,All,REGIONAL,,,1,1,2026,2026,0
9864,1060667947982780328,Jan Swam,Spain,South,REGIONAL,,,1,36,2023,2026,3
9865,3757371867774009515,Iggy P,Netherlands,Amsterdam,REGIONAL,,,3,4,2018,2024,6
9866,5614508089212786144,Laze,France,Marseille,REGIONAL,,,3,3,2024,2026,2
9867,6225953260391820527,Space Drum Meditation,Germany,Hamburg,REGIONAL,,,1,1,2024,2024,0
9868,8433610065989305930,Dzeko,Spain,Barcelona,REGIONAL,,,2,2,2025,2026,1
9869,8011452705877130848,Smogo,France,Central,REGIONAL,,,1,1,2025,2025,0
9870,75583053262289934,Dj Pegaso,Mexico,Tijuana,REGIONAL,,,1,1,2025,2025,0
9871,8893052976450551662,My Gander,Sweden,Stockholm,REGIONAL,,,1,1,2026,2026,0
9872,6250499464332500474,Newworldaquarium,Netherlands,Amsterdam,REGIONAL,,,1,2,2007,2008,1
9873,8770100652688693582,Scott Ferguson,United States of America,Detroit,REGIONAL,,,1,1,2008,2008,0
9874,8696473852084640190,The Mole,Canada,Montreal,TOP1000,,,2,3,2008,2016,8
9875,6927669071031104524,Guido Schneider,Germany,Berlin,REGIONAL,,,1,1,2009,2009,0
9876,7979497005525146228,Ricketic,Netherlands,All,REGIONAL,,,1,2,2009,2009,0
9877,9006315767153685317,Prok,,,,,,1,1,2009,2009,0
9878,6673428598540454069,Jay-B,Netherlands,Amsterdam,REGIONAL,,,1,1,2009,2009,0
9879,8416628882886646387,Jayton,Netherlands,All,REGIONAL,,,2,3,2007,2009,2
9880,6204104890960940646,Rick Wilhite,United States of America,Detroit,TOP1000,,,4,7,2010,2022,12
9881,2532608414546852078,Recloose,New Zealand,South Island,REGIONAL,,,2,3,2010,2015,5
9882,3876749060040302975,Ferreck Dawn,Netherlands,Amsterdam,REGIONAL,,,3,8,2010,2026,16
9883,9024140083280784416,Rogerseventytwo,,,,,,1,1,2010,2010,0
9884,4906020645626674462,Heleen Blanken,Netherlands,Amsterdam,REGIONAL,,,2,2,2011,2019,8
9885,4297442316640123322,Mark Henning,Germany,Berlin,REGIONAL,,,2,6,2007,2012,5
9886,8350931502375901436,Stacey Pullen,United States of America,Detroit,TOP1000,,,4,6,2008,2020,12
9887,481905084676551119,nd_baumecker,Germany,Frankfurt,TOP1000,,,5,5,2013,2026,13
9888,6694757267583741120,Dexter,Netherlands,All,REGIONAL,,,3,5,2012,2026,14
9889,4656376365620566598,LFO,Germany,Berlin,REGIONAL,,,2,5,2013,2014,1
9890,2069633792536818465,MPIA3,United Kingdom,London,REGIONAL,,,2,4,2013,2018,5
9891,9150489941057868776,Tony Allen,Ecuador,All,REGIONAL,,,2,4,2014,2017,3
9892,4850854814114389275,Plaid,United Kingdom,London,TOP1000,,,6,8,2014,2026,12
9893,4204244953863035354,Trade,United Kingdom,London,REGIONAL,,,3,3,2014,2015,1
9894,9061924609127959222,Central,Denmark,All,REGIONAL,,,2,4,2016,2026,10
9895,5362718761494477452,Wilma,Denmark,All,REGIONAL,,,1,1,2016,2016,0
9896,4282626649353629442,David Cornelissen,Netherlands,Amsterdam,REGIONAL,,,3,3,2015,2016,1
9897,5056964071985835210,Derek Plaslaiko,United States of America,Detroit,REGIONAL,,,2,2,2016,2016,0
9898,232501208842102644,Tony Humphries,United States of America,New York City,TOP1000,,,2,2,2016,2017,1
9899,7575467747808493577,Adrian Sherwood,United Kingdom,London,REGIONAL,,,3,5,2016,2026,10
9900,6561194580588211380,London Modular,United Kingdom,London,REGIONAL,,,6,10,2015,2020,5
9901,437000777308248610,Antenes,United States of America,New York City,REGIONAL,,,2,2,2016,2018,2
9902,7673723024226598940,Naoki Shinohara,Japan,Tokyo,REGIONAL,,,1,1,2016,2016,0
9903,3799069644099186873,Sam Fitzgerald,Japan,Tokyo,REGIONAL,,,1,1,2016,2016,0
9904,3137247874967454513,Carrot Green,Brazil,All,REGIONAL,,,2,6,2017,2022,5
9905,1270985643494517967,Junn,Colombia,All,REGIONAL,,,1,1,2017,2017,0
9906,8687534797888616848,Gop Tun DJs,Brazil,Sao Paulo,REGIONAL,,,4,11,2017,2026,9
9907,9034739212761166789,Lea Fabrikant,Latvia,All,REGIONAL,,,1,1,2017,2017,0
9908,5605809055455282531,Renato Cohen,Brazil,All,REGIONAL,,,1,1,2017,2017,0
9909,2781872544433574074,Valesuchi,Chile,All,REGIONAL,,,3,3,2017,2024,7
9910,129677768551104300,Clara 3000,France,Paris,TOP1000,,,2,2,2015,2018,3
9911,3812565175275153925,Fixmer/McCarthy,United Kingdom,London,REGIONAL,,,1,1,2018,2018,0
9912,7852002313367876956,Relaxer,United States of America,New York City,REGIONAL,,,1,1,2018,2018,0
9913,5757703087371890430,Shawn Rudiman,United States of America,Pennsylvania,REGIONAL,,,2,3,2017,2018,1
9914,1643828016563658579,Karen Gwyer,United States of America,Michigan,TOP1000,,,3,3,2018,2019,1
9915,5503933043474841680,Mark Ernestus,Germany,Berlin,REGIONAL,,,5,8,2010,2025,15
9916,1711893586454893946,Stanislav Tolkachev,Ukraine,Kyiv,TOP1000,,,1,1,2018,2018,0
9917,3489067674444047681,Anna Haleta,Israel,All,TOP1000,,,2,2,2018,2018,0
9918,2841497726408722117,Tahira,Brazil,Sao Paulo,REGIONAL,,,1,1,2018,2018,0
9919,1638687963732833658,Mulatu Astatke,United States of America,New York City,REGIONAL,,,2,2,2019,2026,7
9920,2494262166463242697,Pharoah Sanders,United States of America,Arkansas,REGIONAL,,,3,3,2017,2022,5
9921,8199602725523499166,SHXCXCHCXSH,Sweden,All,TOP1000,,,3,4,2016,2026,10
9922,2243249809704952925,Suzanne Ciani,United States of America,California,REGIONAL,,,1,1,2019,2019,0
9923,4643212227655168837,Terrence Dixon,United States of America,Detroit,REGIONAL,,,3,5,2019,2025,6
9924,2062349033821416750,The Empire Line,Sweden,All,REGIONAL,,,1,1,2019,2019,0
9925,926847874386154232,Aleksa Alaska,Romania,Bucharest,REGIONAL,,,2,3,2020,2021,1
9926,8948026034305392463,Bony Fly,Switzerland,Geneva,REGIONAL,,,2,3,2020,2021,1
9927,8823400063223146641,Fergus Clark,United Kingdom,Glasgow,REGIONAL,,,3,6,2020,2025,5
9928,7070668792797978923,Air Max '97,Netherlands,All,REGIONAL,,,1,1,2020,2020,0
9929,9111108329596565101,Goat (JP),Japan,Kansai,REGIONAL,,,2,2,2018,2020,2
9930,8755729620272572914,Hyph11E,China,Shanghai,REGIONAL,,,4,6,2020,2024,4
9931,8722645336253894696,Kate NV,Russia,Moscow,REGIONAL,,,2,3,2019,2023,4
9932,2956825476445967228,Mark Fell,United Kingdom,North,REGIONAL,,,2,2,2017,2020,3
9933,7136685437396527799,Platypus,Mexico,Mexico City,REGIONAL,,,1,1,2020,2020,0
9934,567880426544205900,The Mover,Germany,Frankfurt,REGIONAL,,,3,6,2017,2025,8
9935,7973643070374543039,Dom D'Sylva,United Kingdom,Glasgow,REGIONAL,,,1,1,2022,2022,0
9936,2219273949222510789,Zernell,United States of America,Los Angeles,REGIONAL,,,2,2,2022,2022,0
9937,2680938883166539965,Passion DEEZ,Zimbabwe,All,REGIONAL,,,6,8,2022,2024,2
9938,2459355510570112528,Debmaster,France,North,REGIONAL,,,3,3,2022,2025,3
9939,488410718467358064,no service,Netherlands,Amsterdam,REGIONAL,,,3,5,2023,2024,1
9940,772308747644120137,Gyatso,Netherlands,Amsterdam,REGIONAL,,,1,1,2023,2023,0
9941,7858341272157191889,Piezo,Italy,North,REGIONAL,,,6,10,2020,2026,6
9942,7791815571825155240,Theo Kottis,United Kingdom,Scotland,REGIONAL,,,6,18,2016,2026,10
9943,6637170588791456115,XIII,Germany,Berlin,REGIONAL,,,2,2,2024,2025,1
9944,7184353259266310321,Midori Takada,Japan,Tokyo,REGIONAL,,,2,2,2020,2024,4
9945,297940379879373024,Kali Malone,United States of America,New York City,REGIONAL,,,2,2,2018,2024,6
9946,523217225710457435,Yikes,Australia,Perth,REGIONAL,,,1,1,2024,2024,0
9947,289625795709900781,Melina Serser,Uruguay,All,REGIONAL,,,6,10,2019,2026,7
9948,10712267181833770,DJ K (BR),Brazil,Sao Paulo,REGIONAL,,,1,1,2025,2025,0
9949,3021554525187533813,IDMT,Bulgaria,All,REGIONAL,,,1,2,2025,2025,0
9950,3185548977034011993,Steevio,United Kingdom,West + Wales,REGIONAL,,,9,51,2007,2026,19
9951,5060755537547861672,Suzybee,United Kingdom,London,REGIONAL,,,7,44,2007,2026,19
9952,3524582355620738046,Jlin,United States of America,Indiana,TOP1000,,,2,3,2018,2025,7
9953,1906769641034198123,Abdullah Miniawy,Egypt,All,REGIONAL,,,3,5,2021,2026,5
9954,8896420191537894983,Vitesse,Belgium,All,REGIONAL,,,1,1,2026,2026,0
9955,7177613699032304091,Khadija Al Hanafi,Tunisia,All,REGIONAL,,,1,1,2026,2026,0
9956,5532676459101272391,Craig Ouar,France,Paris,REGIONAL,,,1,1,2026,2026,0
9957,8277758745302495565,Florentino,United Kingdom,Manchester,TOP1000,,,4,5,2023,2025,2
9958,6052407745853744575,Phillie P,Serbia,Belgrade,REGIONAL,,,2,2,2025,2026,1
9959,125912747187304354,Sound Metaphors Djs,Germany,Berlin,REGIONAL,,,6,8,2024,2026,2
9960,267915368805832814,Sinjin Hawke,Canada,Montreal,REGIONAL,,,2,2,2013,2015,2
9961,6000419412120833448,Gay Haze,Belgium,Brussels,REGIONAL,,,1,1,2019,2019,0
9962,1684247277095445520,Hantrax,Belgium,All,REGIONAL,,,1,1,2019,2019,0
9963,2715157465337062786,Weird Dust,Belgium,Brussels,REGIONAL,,,1,1,2019,2019,0
9964,1595358888732707036,Grand River,,,REGIONAL,,,5,5,2020,2026,6
9965,6060988751740805360,Karla Böhm,Belgium,Brussels,REGIONAL,,,2,4,2021,2024,3
9966,6331854194277645825,Roméo Poirier,France,East,REGIONAL,,,2,2,2022,2024,2
9967,3533106995802891513,Ziúr,Germany,Berlin,TOP1000,,,1,1,2022,2022,0
9968,5313184762245359039,Gamine,Belgium,Brussels,REGIONAL,,,1,3,2023,2026,3
9969,7097372424947430716,Mamiko Motto,United Kingdom,London,REGIONAL,,,1,1,2023,2023,0
9970,2191660480436938157,Rosa Pistola,Colombia,All,REGIONAL,,,2,2,2023,2025,2
9971,4702537517117314175,AKOMPANIAMENT,Poland,All,REGIONAL,,,1,1,2025,2025,0
9972,6621153791614286036,Harold mp1,Belgium,Brussels,REGIONAL,,,1,1,2025,2025,0
9973,4817327339401813140,Thojo,Belgium,Brussels,REGIONAL,,,1,1,2025,2025,0
9974,741630601374156436,Amelia Holt,United States of America,New York City,REGIONAL,,,4,4,2025,2026,1
9975,5609535397799593669,Mandy Pixel,Belgium,Brussels,REGIONAL,,,1,1,2025,2025,0
9976,6022227196341510130,Alex Rita,Denmark,Copenhagen,REGIONAL,,,6,13,2019,2026,7
9977,1877730678397484499,moe.,Sudan,All,REGIONAL,,,2,4,2023,2026,3
9978,946305769355614776,Philipp Otterbach,Germany,Berlin,REGIONAL,,,2,2,2024,2026,2
9979,3323405279409509097,Fake Moss,Belgium,Brussels,REGIONAL,,,1,1,2026,2026,0
9980,6852348088355118567,Liad Krispin,United States of America,New York City,REGIONAL,,,1,1,2026,2026,0
9981,3772715876081009385,Al Zanders,United Kingdom,London,REGIONAL,,,2,2,2017,2017,0
9982,5941730474600387989,Mansur Brown,United Kingdom,London,REGIONAL,,,2,4,2022,2024,2
9983,6715753715257143276,Hidden Spheres,United Kingdom,North,REGIONAL,,,1,3,2022,2022,0
9984,3379951283738899421,Refuge,United States of America,Los Angeles,REGIONAL,,,2,2,2020,2022,2
9985,748289128339764291,Kemarr,United Kingdom,London,REGIONAL,,,2,4,2023,2025,2
9986,6516873103418255135,Duo,France,South East,REGIONAL,,,2,2,2023,2024,1
9987,2656864188470814968,ERICA (UK),United Kingdom,London,REGIONAL,,,1,1,2023,2023,0
9988,1870554003974520958,Wu-Lu,United Kingdom,London,REGIONAL,,,3,3,2021,2025,4
9989,6274727885360655873,Aqwea,United Kingdom,London,REGIONAL,,,3,6,2021,2024,3
9990,9192194201654257424,Kikiorix,Japan,Tokyo,REGIONAL,,,1,2,2025,2025,0
9991,984723111456029778,Rosy Ross,United Kingdom,London,REGIONAL,,,4,5,2022,2026,4
9992,1070366553614237633,Chima Isaaro,Portugal,Lisbon,REGIONAL,,,4,5,2024,2026,2
9993,5684621676483834937,Smerz,Norway,Oslo,REGIONAL,,,5,5,2016,2026,10
9994,2426404711834333383,George Daniel,United Kingdom,London,REGIONAL,,,1,1,2026,2026,0
9995,2556286631168121170,Rob Mello,United Kingdom,London,REGIONAL,,,5,7,2010,2026,16
9996,3840002044011742475,Calor,United Kingdom,London,REGIONAL,,,1,1,2011,2011,0
9997,1893436327831461125,Rebel,United Kingdom,Midlands,REGIONAL,,,1,1,2012,2012,0
9998,6019504844792947635,Woods,,,,,,4,4,2012,2026,14
9999,5835490138048307741,The Pushamann,United Kingdom,London,REGIONAL,,,1,2,2012,2013,1
10000,3745508580893962896,Jigsaw,,,REGIONAL,,,1,1,2012,2012,0
10001,6133064771094467078,Eoin Thomas,United Kingdom,North,REGIONAL,,,1,2,2012,2013,1
10002,2062934780368289653,Ten Story,United Kingdom,London,REGIONAL,,,1,1,2012,2012,0
10003,3828356703910921363,Robin,,,,,,1,2,2012,2013,1
10004,1360560299202677052,Van Did,Canada,Montreal,REGIONAL,,,2,2,2013,2013,0
10005,2972056290937798527,Blackhall,,,,,,2,8,2013,2019,6
10006,6674575252609724563,Ryan Pickering,United Kingdom,North,REGIONAL,,,1,1,2013,2013,0
10007,6283978289582376968,Ralph Lawson,United Kingdom,North,REGIONAL,,,4,13,2010,2026,16
10008,7770740497134886893,Last Magpie,United Kingdom,North,REGIONAL,,,1,1,2014,2014,0
10009,6212003557813844679,Hugh Bailey,United Kingdom,North,REGIONAL,,,1,6,2014,2019,5
10010,4703027895299507617,Jonny Tawn,United Kingdom,London,REGIONAL,,,1,2,2014,2016,2
10011,4136406759234495304,The Sky,,,,,,2,3,2014,2014,0
10012,3345825689768485690,Sly-One,United Kingdom,South + East,REGIONAL,,,3,4,2013,2014,1
10013,8116316839561552926,Tony,,,,,,1,1,2015,2015,0
10014,9015187471837766892,Subb-an,United Kingdom,Midlands,REGIONAL,,,6,15,2014,2022,8
10015,5719358925834142712,Al Dobson Jr,United Kingdom,London,REGIONAL,,,2,3,2015,2016,1
10016,2247923817575007760,Bell Towers,Australia,Melbourne,REGIONAL,,,1,1,2015,2015,0
10017,6588294390590918028,Prequel,Australia,Melbourne,REGIONAL,,,1,1,2015,2015,0
10018,6059294626338851472,Rebekah Aff,United States of America,California,REGIONAL,,,1,1,2015,2015,0
10019,3397186590416272985,Wolf Music,United Kingdom,London,REGIONAL,,,3,6,2015,2026,11
10020,523983851178074542,Bobby Pleasure,,,,,,2,6,2015,2018,3
10021,6303912612357528513,Ciaran Hansen,United Kingdom,North,REGIONAL,,,1,4,2015,2019,4
10022,6491588674764516909,Toby (UK),United Kingdom,London,REGIONAL,,,6,7,2015,2026,11
10023,1438057763379064660,Di Francesco,Italy,Central,REGIONAL,,,1,1,2016,2016,0
10024,690505557469948316,Glenn Astro,Germany,Berlin,REGIONAL,,,1,1,2016,2016,0
10025,4595708633402879598,Glowing Palms,United Kingdom,London,REGIONAL,,,3,8,2016,2022,6
10026,3719540644084514608,Jozef K,United Kingdom,Liverpool,REGIONAL,,,1,1,2016,2016,0
10027,6822476353060008793,Khruangbin,United States of America,Texas,REGIONAL,,,4,4,2016,2019,3
10028,8321841569536271292,Sam Russo,United Kingdom,London,REGIONAL,,,1,1,2016,2016,0
10029,8412919979363436249,Frenchy,United Kingdom,North,REGIONAL,,,1,8,2017,2025,8
10030,646532434224616678,Aaron L,,,,,,4,13,2017,2022,5
10031,3875722662694427621,Bird of Paradise,United Kingdom,North,REGIONAL,,,1,1,2018,2018,0
10032,3257719732629351312,Deano Ferrino,United Kingdom,Midlands,REGIONAL,,,2,5,2016,2022,6
10033,3780021463345943848,Harry Sheehan,United Kingdom,Liverpool,REGIONAL,,,1,2,2018,2019,1
10034,899452236008284145,Stephen Clements,United Kingdom,South + East,REGIONAL,,,1,1,2019,2019,0
10035,6382973225063930775,Luca Musto,Italy,Naples,REGIONAL,,,1,1,2022,2022,0
10036,2339067835306179539,Alex Downey,United Kingdom,South + East,REGIONAL,,,7,22,2007,2026,19
10037,4922138785344290954,Enchanted Rhythms,United Kingdom,Manchester,REGIONAL,,,2,3,2022,2023,1
10038,455002681255525943,Vandeleur,United Kingdom,London,REGIONAL,,,2,3,2022,2023,1
10039,289553776307457868,Adam Nahalewicz,United Kingdom,West + Wales,REGIONAL,,,1,3,2022,2024,2
10040,7048186975656670067,Hammer (IE),Ireland,All,REGIONAL,,,1,1,2023,2023,0
10041,3053222556975061477,Daughters of Frank,United Kingdom,London,REGIONAL,,,5,6,2022,2024,2
10042,8842342003962600399,DJ Bz,United Kingdom,Newcastle,REGIONAL,,,1,3,2023,2025,2
10043,2008120586660495484,Joe Mac,United Kingdom,Manchester,REGIONAL,,,1,3,2023,2025,2
10044,1226495002850862276,Ché Luca,United Kingdom,Liverpool,REGIONAL,,,1,1,2024,2024,0
10045,4357954508044037377,Julian Anthony (US),United States of America,Los Angeles,REGIONAL,,,1,1,2025,2025,0
10046,3003838069009458538,Marlie,,,REGIONAL,,,3,6,2024,2026,2
10047,4046933036832875743,Toby Ross,United Kingdom,Bristol,REGIONAL,,,1,1,2025,2025,0
10048,7029013478372615585,Rossa,Netherlands,Amsterdam,REGIONAL,,,1,1,2025,2025,0
10049,2283142468171510829,Marma,United Kingdom,London,REGIONAL,,,1,1,2025,2025,0
10050,900912880026685503,Jay Tripwire,Canada,Vancouver,REGIONAL,,,1,1,2025,2025,0
10051,7095652805727370402,SHADEV,United Kingdom,Manchester,REGIONAL,,,1,1,2026,2026,0
10052,2897044200005650294,Arno Gonzalez,France,West,REGIONAL,,,1,5,2008,2017,9
10053,339490311211944260,The Outside Agency,Netherlands,All,REGIONAL,,,2,3,2011,2022,11
10054,1870683804839636137,Sebastien Tellier,France,French Riviera,REGIONAL,,,2,2,2012,2021,9
10055,3571905898408869945,Madben,France,Paris,REGIONAL,,,2,26,2012,2025,13
10056,347989236819426154,The Driver,France,Paris,REGIONAL,,,1,18,2013,2026,13
10057,739127002592659218,Dirtyphonics,France,Paris,REGIONAL,,,1,1,2013,2013,0
10058,4975412478869847278,Eggo,France,South East,REGIONAL,,,1,1,2013,2013,0
10059,982524018236910493,F.e.m,France,Rennes,REGIONAL,,,1,2,2013,2015,2
10060,61164625768228146,Kavinsky,France,Paris,REGIONAL,,,1,2,2013,2013,0
10061,2083714950287433500,Jackson,,,,,,1,1,2013,2013,0
10062,9209671017269659547,Carlton,France,West,REGIONAL,,,1,3,2014,2017,3
10063,656527482147355020,Cajmere,United States of America,Chicago,REGIONAL,,,2,2,2014,2015,1
10064,6549839764056114352,DJ Funk,United States of America,Chicago,REGIONAL,,,2,2,2012,2015,3
10065,419115993655365010,Chymera,Ireland,All,REGIONAL,,,1,1,2015,2015,0
10066,4641000258328536526,Aer.,France,West,REGIONAL,,,1,4,2015,2017,2
10067,3986096319778058590,Jörg Burger,Germany,Cologne,REGIONAL,,,1,1,2016,2016,0
10068,2841872905609931419,Fred Hush,Belgium,All,REGIONAL,,,1,2,2016,2018,2
10069,837767164795019307,Loto Retina,France,Marseille,REGIONAL,,,2,2,2016,2026,10
10070,214137345995059866,Claire,Canada,Montreal,REGIONAL,,,1,1,2017,2017,0
10071,3421772602681909173,s8jfou,France,Paris,REGIONAL,,,1,1,2017,2017,0
10072,3281372066941113297,Makinist,France,West,REGIONAL,,,1,1,2018,2018,0
10073,6956180935431694662,Club Z1Z1,France,West,REGIONAL,,,1,1,2018,2018,0
10074,7898525959000335991,Moody Fr,France,West,REGIONAL,,,1,1,2018,2018,0
10075,3005353413550048692,Too Smooth Christ,France,Paris,REGIONAL,,,2,6,2018,2026,8
10076,5874166674377598730,Lakker,Ireland,All,REGIONAL,,,1,1,2019,2019,0
10077,7021952284138435320,Oktober Lieber,France,Paris,REGIONAL,,,1,1,2019,2019,0
10078,2278431538245973891,DJ Psychiatre,France,North,REGIONAL,,,1,2,2019,2019,0
10079,3044492312661778050,chichi,United States of America,New York City,REGIONAL,,,1,1,2019,2019,0
10080,7562029076740389270,Chris Liberator,United Kingdom,London,REGIONAL,,,2,3,2020,2024,4
10081,8627694962537608836,Dj Streaks,United Kingdom,Liverpool,REGIONAL,,,1,1,2020,2020,0
10082,5291415913839888611,440Hz,Georgia,Tbilisi,REGIONAL,,,1,1,2021,2021,0
10083,6302253754279448929,Swooh,France,West,REGIONAL,,,1,8,2021,2025,4
10084,8273915390092527404,Dylan Dylan,France,South East,REGIONAL,,,2,4,2022,2026,4
10085,3391005371882016325,Mod3rn,France,Paris,REGIONAL,,,1,1,2022,2022,0
10086,2063995226697323507,Carloooza,France,Nantes,REGIONAL,,,1,1,2022,2022,0
10087,5213742636610358597,DOLPHIN,United Kingdom,London,REGIONAL,,,2,3,2023,2025,2
10088,809561345906057325,Kilbourne,United States of America,New Jersey,REGIONAL,,,1,2,2023,2026,3
10089,7582854593169274047,Ephere,France,West,REGIONAL,,,1,1,2023,2023,0
10090,8928877567090279159,Moody,France,West,REGIONAL,,,1,1,2023,2023,0
10091,7185719655454826382,Minuit Machine,France,Paris,REGIONAL,,,1,2,2024,2024,0
10092,3075839680356145774,Speechmaker,France,Rennes,REGIONAL,,,1,1,2025,2025,0
10093,2480814643804796476,Zebulon,France,Rennes,REGIONAL,,,1,1,2025,2025,0
10094,8118428845094466074,LESSSS,France,Paris,REGIONAL,,,2,2,2025,2026,1
10095,7205300963884364963,Kaba (2),France,Paris,REGIONAL,,,1,1,2026,2026,0
10096,8100516224832963288,Dan Wild,United Kingdom,West + Wales,REGIONAL,,,2,14,2012,2019,7
10097,3060681515586484750,Miles Simpson,United Kingdom,London,REGIONAL,,,1,2,2016,2016,0
10098,6211000328551329353,Tiago,Portugal,Lisbon,REGIONAL,,,1,1,2016,2016,0
10099,8451959278690688828,Bobby Beige,Netherlands,Amsterdam,REGIONAL,,,1,7,2016,2025,9
10100,9087586416108598900,Jess Farley,United Kingdom,London,REGIONAL,,,3,6,2016,2019,3
10101,3068002345916886264,Katie Barber,United Kingdom,London,REGIONAL,,,1,2,2016,2017,1
10102,666554070969077404,Jimmy B,United States of America,San Francisco/Oakland,REGIONAL,,,1,1,2016,2016,0
10103,938078746307910411,Alex Barck,Germany,Berlin,REGIONAL,,,1,1,2017,2017,0
10104,7135251234402359219,Alex Dallas,Switzerland,All,REGIONAL,,,1,4,2017,2018,1
10105,1622155932507423376,Andy Hart,Australia,Melbourne,REGIONAL,,,1,1,2017,2017,0
10106,2786314330414972538,Frank Tope,United Kingdom,London,REGIONAL,,,2,5,2017,2026,9
10107,2383592650947888606,Idjut Boys,United Kingdom,London,REGIONAL,,,4,6,2017,2026,9
10108,3593481374490508421,Igor Tipura,Germany,Stuttgart,REGIONAL,,,1,1,2018,2018,0
10109,1796555795444487066,Ray Mang,United Kingdom,London,REGIONAL,,,1,1,2018,2018,0
10110,2421144726408881666,Natural Sugars,United Kingdom,Bristol,REGIONAL,,,1,2,2018,2019,1
10111,9214366570087023952,Craig Bratley,United Kingdom,Midlands,REGIONAL,,,1,2,2019,2019,0
10112,2315784124412027765,Bawrut,Spain,Madrid,REGIONAL,,,4,6,2018,2024,6
10113,258294629985028438,Soft Rocks,United Kingdom,South + East,REGIONAL,,,1,1,2019,2019,0
10114,928815356041488647,Fabian Mateša,Croatia,All,REGIONAL,,,1,1,2022,2022,0
10115,4600688198968528145,Franklin De Costa,Germany,Berlin,REGIONAL,,,2,3,2016,2022,6
10116,3112325595411709572,Gemayel,Lithuania,Vilnius,REGIONAL,,,1,1,2023,2023,0
10117,4375062939390750012,Stacy Christine,United States of America,Los Angeles,REGIONAL,,,1,2,2023,2024,1
10118,3292296989077405108,Jamie Paton,United Kingdom,London,REGIONAL,,,1,1,2024,2024,0
10119,5434297415489883835,Nev Jio,Ireland,Dublin,REGIONAL,,,2,2,2022,2024,2
10120,444220271883285673,Lance DeSardi,United Kingdom,London,REGIONAL,,,1,1,2024,2024,0
10121,195022948673452371,Chris Stoker,United Kingdom,London,REGIONAL,,,4,5,2025,2026,1
10122,8437335656538319537,Jordan Nocturne,United Kingdom,Northern Ireland,REGIONAL,,,2,7,2021,2025,4
10123,683846764698614435,Volantis,Italy,Milan,REGIONAL,,,2,2,2025,2025,0
10124,7161031262522398632,Brad Bradley,United Kingdom,Midlands,REGIONAL,,,1,1,2026,2026,0
10125,135884846549140634,Eden Burns,New Zealand,South Island,REGIONAL,,,2,2,2026,2026,0
10126,7456886896388049518,Posthuman,United Kingdom,London,REGIONAL,,,2,3,2013,2025,12
10127,8317346817988577200,Joe Roberts,United Kingdom,London,REGIONAL,,,1,2,2013,2014,1
10128,1412835990169855946,Flori,United Kingdom,Midlands,REGIONAL,,,2,5,2011,2015,4
10129,812208100675479972,High Fashion Technique,United Kingdom,London,REGIONAL,,,1,2,2016,2018,2
10130,2024423126885822576,Tom Dicicco,United Kingdom,Midlands,REGIONAL,,,1,1,2017,2017,0
10131,3233856006261865617,Renegade Soundwave,United Kingdom,London,REGIONAL,,,1,1,2019,2019,0
10132,8464004115582093880,DJ Persuasion,United Kingdom,London,REGIONAL,,,1,2,2019,2019,0
10133,8733826797236850550,Brother Nebula,United Kingdom,London,REGIONAL,,,1,1,2019,2019,0
10134,4125835157448431226,Elle Andrews,United Kingdom,London,REGIONAL,,,4,5,2022,2025,3
10135,8331874346750524815,Molinaro,United Kingdom,London,REGIONAL,,,2,2,2018,2022,4
10136,5112496661363995458,Patricia Doors,Colombia,Bogotá,REGIONAL,,,1,4,2022,2025,3
10137,656283309457946548,The Lock,United Kingdom,London,REGIONAL,,,1,1,2022,2022,0
10138,215864598141578483,Jake Walker,United Kingdom,London,REGIONAL,,,1,1,2023,2023,0
10139,525342188492613802,Jin (TW),Taiwan,Taipei,REGIONAL,,,1,1,2023,2023,0
10140,8180392513942419963,Nadine Noor,United Kingdom,London,REGIONAL,,,1,3,2023,2025,2
10141,7869882916556132341,Sharkey (1),United Kingdom,South + East,REGIONAL,,,1,1,2023,2023,0
10142,5253014447567046453,Airali,Italy,South,REGIONAL,,,3,3,2022,2024,2
10143,6508875255423348594,Jin Synth,,,REGIONAL,,,2,2,2024,2026,2
10144,6975698393819099335,Metrist,United Kingdom,London,REGIONAL,,,4,7,2018,2025,7
10145,2650071880892288664,Raf Reza,Canada,Toronto,REGIONAL,,,1,2,2024,2025,1
10146,4930176441463270466,Rami Ali,United Kingdom,London,REGIONAL,,,1,3,2024,2026,2
10147,4183416681929339174,LWS,United Kingdom,Edinburgh,REGIONAL,,,2,2,2026,2026,0
10148,4246307711260617788,Corporeal Face,United Kingdom,London,REGIONAL,,,1,1,2026,2026,0
10149,9044658849276713108,Bearoid,Spain,Barcelona,REGIONAL,,,1,1,2016,2016,0
10150,886239726964247203,Deckard,Spain,Barcelona,REGIONAL,,,1,2,2017,2019,2
10151,6825730143660851496,C.E.E. Shepherds,Spain,Barcelona,REGIONAL,,,1,1,2019,2019,0
10152,8738712529026463893,Wooky,Spain,Barcelona,REGIONAL,,,1,1,2019,2019,0
10153,7217399049346827425,Breakbot,France,Paris,REGIONAL,,,3,3,2019,2022,3
10154,5364241469076729565,Patrick Gibin,Italy,Central,REGIONAL,,,1,2,2022,2025,3
10155,3857517076110482167,Alejandro Paz,Chile,All,REGIONAL,,,2,2,2015,2022,7
10156,3040828707958939536,Just Claudia,Spain,Barcelona,REGIONAL,,,1,1,2023,2023,0
10157,3234888373505566810,-nico-,Spain,Barcelona,REGIONAL,,,1,1,2023,2023,0
10158,7846908875486421540,Miramizu,Spain,Barcelona,REGIONAL,,,1,1,2024,2024,0
10159,6236898995527926226,radd,Spain,Madrid,REGIONAL,,,1,3,2025,2026,1
10160,7087879781516956010,Rachael (ES),Spain,North,REGIONAL,,,1,1,2025,2025,0
10161,4479363097825781524,The Dare,United States of America,Los Angeles,REGIONAL,,,1,1,2025,2025,0
10162,4005265712983645476,Fireground,Italy,Naples,REGIONAL,,,4,4,2023,2026,3
10163,7896513218211747268,Anish Kumar,United Kingdom,South + East,REGIONAL,,,3,6,2022,2026,4
10164,5916718726029991076,Brokenchord,Lithuania,All,REGIONAL,,,1,1,2026,2026,0
10165,9210216228349128637,Pigeon Steve,United Kingdom,Scotland,REGIONAL,,,1,1,2026,2026,0
10166,6516862279146148635,Diferit,Romania,All,REGIONAL,,,1,1,2013,2013,0
10167,7778494152870771683,Rik Woldring,Netherlands,Amsterdam,REGIONAL,,,2,11,2011,2017,6
10168,4286992340723216589,Milan Meyberg,Netherlands,All,REGIONAL,,,1,1,2014,2014,0
10169,7505596474024615939,Thee J Johanz,Netherlands,All,REGIONAL,,,1,3,2015,2019,4
10170,7608231518817875481,AnD,United Kingdom,London,TOP1000,,,4,10,2015,2025,10
10171,3551329332089598663,The Coutu Dumonts,,,,,,1,1,2015,2015,0
10172,5827489695283608161,Fierce,United Kingdom,West + Wales,REGIONAL,,,2,2,2015,2015,0
10173,8948860404072842583,Valentino Kanzyani,Slovenia,All,TOP1000,,,2,4,2005,2015,10
10174,5384817889792267380,Livio,,,,,,1,1,2015,2015,0
10175,5357567246714809591,Nicorus,Germany,Berlin,REGIONAL,,,2,2,2016,2019,3
10176,5156984143257233433,Nihad Tule,,,REGIONAL,,,1,1,2017,2017,0
10177,1725385104054483329,Bleak,Sweden,Stockholm,REGIONAL,,,1,1,2018,2018,0
10178,1002681016523265618,Taped,Sweden,All,REGIONAL,,,1,1,2018,2018,0
10179,4909561613387965230,Axefield,Netherlands,Amsterdam,REGIONAL,,,2,2,2019,2026,7
10180,1894217649370034852,Geert Jan,Netherlands,All,REGIONAL,,,1,1,2019,2019,0
10181,129945826254282779,Ma Gda,Italy,North,REGIONAL,,,2,2,2021,2022,1
10182,8222475051064764854,Pascal Benjamin,Netherlands,Amsterdam,REGIONAL,,,3,6,2021,2026,5
10183,6692957707711716805,Herra,Netherlands,Amsterdam,REGIONAL,,,2,2,2022,2022,0
10184,4139570958194376063,Roy Lodder,Netherlands,Rotterdam,REGIONAL,,,1,1,2022,2022,0
10185,7346850109332748482,Astrix,Israel,All,REGIONAL,,,2,2,2024,2025,1
10186,762392157129245105,Will Oirson,Netherlands,Amsterdam,REGIONAL,,,2,3,2017,2025,8
10187,77002478480588643,To-Wa,Netherlands,All,REGIONAL,,,1,1,2025,2025,0
10188,1506939122011735739,Franky Jones,Belgium,All,REGIONAL,,,1,1,2026,2026,0
10189,8840645527616211417,Automat,France,West,REGIONAL,,,1,1,2006,2006,0
10190,7422977266754049010,Feldermelder,Switzerland,All,REGIONAL,,,1,1,2006,2006,0
10191,8079697874481224863,The MFA,United Kingdom,London,REGIONAL,,,1,1,2006,2006,0
10192,7741084570398685395,Heko,France,Paris,REGIONAL,,,1,1,2006,2006,0
10193,566192949398865035,Fabrice Lig,Belgium,All,REGIONAL,,,1,1,2008,2008,0
10194,7437766305210473975,Ashley Beedle,United Kingdom,London,REGIONAL,,,1,1,2009,2009,0
10195,7604064825884990519,Juliano,France,Central,REGIONAL,,,1,5,2009,2018,9
10196,4103206529026598366,Mowgli,United Kingdom,London,REGIONAL,,,1,1,2009,2009,0
10197,785645130190194613,Padded Cell,United Kingdom,London,REGIONAL,,,1,1,2009,2009,0
10198,7191957194743954282,Mickey Moonlight,United Kingdom,London,REGIONAL,,,2,2,2010,2013,3
10199,3485327262044951,Poirier,Canada,Montreal,REGIONAL,,,1,2,2010,2010,0
10200,5444774411534360777,Dan Soulshot,France,South East,REGIONAL,,,1,1,2010,2010,0
10201,2426367369893010201,The Nomads,Germany,Berlin,REGIONAL,,,1,1,2011,2011,0
10202,6428470609692714986,Bot'Ox,France,Paris,REGIONAL,,,1,1,2011,2011,0
10203,8874992026472840366,Mozaic,United States of America,San Francisco/Oakland,REGIONAL,,,1,1,2011,2011,0
10204,7787578992672334759,Shit Robot,Ireland,All,REGIONAL,,,1,1,2011,2011,0
10205,9115424494105304119,Teenage Bad Girl,France,Paris,REGIONAL,,,1,1,2012,2012,0
10206,8320403998405685701,YACHT,United States of America,Portland,REGIONAL,,,1,1,2012,2012,0
10207,7181012220684436020,Chris,,,,,,1,1,2012,2012,0
10208,5684089179567451852,Etienne Jaumet,France,Paris,REGIONAL,,,2,3,2012,2017,5
10209,501257227119318383,Dj Elephant Power,Belgium,Brussels,REGIONAL,,,1,2,2013,2013,0
10210,8303916510198936617,Kolsch,Denmark,All,TOP1000,,,5,10,2013,2026,13
10211,3447194417386333967,Dscrd,France,Paris,REGIONAL,,,1,2,2013,2013,0
10212,4776792316102348858,Diamond Version,Germany,Berlin,REGIONAL,,,1,1,2013,2013,0
10213,4660493907055280515,Le Loup,France,Central,REGIONAL,,,1,1,2013,2013,0
10214,7235290859344755451,Guillaume Des Bois,France,South East,REGIONAL,,,1,1,2014,2014,0
10215,8309747679320355323,Commando Koko,France,South East,REGIONAL,,,1,1,2014,2014,0
10216,7030204267135241974,Theorist OFC,France,South East,REGIONAL,,,1,2,2014,2015,1
10217,5025948626743636976,Nick Curly,Germany,Mannheim,TOP1000,,,3,4,2014,2026,12
10218,8586684915542836376,Scorpion Violente,France,Paris,REGIONAL,,,1,1,2014,2014,0
10219,7125911276011701616,Eugene Blake,South Korea,All,REGIONAL,,,1,1,2016,2016,0
10220,5693256983626380261,DudMode,France,South East,REGIONAL,,,1,1,2016,2016,0
10221,7833142609890466139,Tevo Howard,United States of America,Chicago,TOP1000,,,1,1,2016,2016,0
10222,7491409324146146557,Osunlade,Greece,All,TOP1000,,,4,5,2010,2025,15
10223,4609135957078367983,BEAK>,United Kingdom,West + Wales,REGIONAL,,,1,1,2017,2017,0
10224,5546013843882477852,DJ Sodeyama,Japan,Tokyo,REGIONAL,,,1,1,2017,2017,0
10225,3790410350164601067,Angel Karel,France,Paris,REGIONAL,,,1,2,2017,2021,4
10226,2313108714574998872,Hugo LX,France,Paris,REGIONAL,,,3,3,2018,2019,1
10227,1339946706716861182,Richard Foe,,,,,,1,1,2018,2018,0
10228,6763050636748872436,Les Halles,France,Paris,REGIONAL,,,1,1,2019,2019,0
10229,183483348350056620,Syrob,France,Central,REGIONAL,,,1,2,2019,2025,6
10230,4617331018274375048,House Gospel Choir,United Kingdom,London,REGIONAL,,,3,3,2018,2020,2
10231,3027507069976513276,asna,Ivory Coast,All,REGIONAL,,,1,1,2021,2021,0
10232,8038654987076808023,Krampf,France,Paris,REGIONAL,,,1,1,2021,2021,0
10233,3651923260394338594,Habitat Shaking,Ukraine,All,REGIONAL,,,1,1,2024,2024,0
10234,1252922617672898979,Meth Math,Mexico,Mexico City,REGIONAL,,,1,1,2024,2024,0
10235,1768246072286859895,KOMPROMAT,France,Paris,REGIONAL,,,1,1,2025,2025,0
10236,3346945203624526708,DJ SET (Uk),United Kingdom,Manchester,REGIONAL,,,1,1,2025,2025,0
10237,1266998236430118705,DJ_Dave,United States of America,New York City,REGIONAL,,,1,1,2026,2026,0
10238,6747108881127736779,Krimska,France,West,REGIONAL,,,1,1,2026,2026,0
10239,5378314149343984321,KAVARI,United Kingdom,Scotland,REGIONAL,,,1,1,2026,2026,0
10240,8788382863773786547,Lila sky,Colombia,Bogotá,REGIONAL,,,1,1,2026,2026,0
10241,2311084709342274583,No Plexus,Netherlands,Amsterdam,REGIONAL,,,1,1,2026,2026,0
10242,8463922655589194748,Urumi,Canada,Montreal,REGIONAL,,,1,1,2026,2026,0
10243,1813748820277627464,MATRAKK,France,Lyon,REGIONAL,,,1,1,2026,2026,0
10244,3088780261618660005,Yanik Park,Spain,Madrid,REGIONAL,,,1,8,2018,2020,2
10245,861083105446532187,Rocoe,Italy,Milan,REGIONAL,,,1,1,2018,2018,0
10246,3953707342119863117,Lele Sacchi,Italy,North,REGIONAL,,,1,8,2018,2025,7
10247,2187513001681930071,Virginia W,Italy,Milan,REGIONAL,,,1,2,2018,2020,2
10248,5596818886872327001,MARIELLA,Mexico,Chihuahua,REGIONAL,,,1,1,2018,2018,0
10249,9180270529974625449,Jay Medvedeva,,,REGIONAL,,,1,1,2018,2018,0
10250,7466586069520639927,Chet Faker,Australia,Melbourne,REGIONAL,,,1,2,2022,2026,4
10251,4815987079502722201,Mod21,Italy,South,REGIONAL,,,1,1,2023,2023,0
10252,3127553409929615980,Leo Mas,Italy,North,REGIONAL,,,2,2,2023,2024,1
10253,5286602581551674069,Sara Mautone,Italy,Florence,REGIONAL,,,1,3,2023,2025,2
10254,942802835309126783,Tayga,Italy,Milan,REGIONAL,,,1,1,2023,2023,0
10255,865047406395875646,Velardi,Italy,Milan,REGIONAL,,,2,2,2023,2023,0
10256,5010975060544526490,Tapefeed,Italy,Central,REGIONAL,,,2,7,2022,2026,4
10257,8221361005854648467,Giles Smith,United Kingdom,London,REGIONAL,,,2,2,2024,2026,2
10258,8394427372630652261,Pancratio,Italy,Central,REGIONAL,,,3,6,2025,2026,1
10259,9042430213127010788,DJ AYA,Switzerland,Zurich,REGIONAL,,,4,6,2024,2026,2
10260,5231437092642798380,Cloudy,Germany,Cologne,REGIONAL,,,5,7,2025,2026,1
10261,4178933972228746118,Mario Bianco,Italy,South,REGIONAL,,,1,1,2024,2024,0
10262,8201689005740626075,Cole Knight,United States of America,Los Angeles,REGIONAL,,,1,1,2024,2024,0
10263,3931635033169700049,Adi,United States of America,New York City,REGIONAL,,,2,2,2026,2026,0
10264,3458382985112894153,Arturo Capone,Italy,Central,REGIONAL,,,1,2,2026,2026,0
10265,7716991440064043060,MARA (MMP),Mongolia,All,REGIONAL,,,1,1,2026,2026,0
10266,3798428897900114518,The Insomniax,United Kingdom,London,REGIONAL,,,1,1,2012,2012,0
10267,7800708178846268108,Alex Bradley,United Kingdom,London,REGIONAL,,,1,1,2012,2012,0
10268,8058763594063776976,John Heckle,United Kingdom,Liverpool,REGIONAL,,,2,3,2012,2013,1
10269,1317984225665996387,DJ Richard,United States of America,Rhode Island,REGIONAL,,,1,1,2014,2014,0
10270,1583804394027964589,Greg Beato,United States of America,New York City,REGIONAL,,,1,2,2014,2014,0
10271,3667983544241572257,Sergej Snooze,Croatia,All,REGIONAL,,,1,1,2014,2014,0
10272,7705870492361391593,Nemelka,Switzerland,All,REGIONAL,,,1,1,2015,2015,0
10273,7226483576797870814,Ganik,Croatia,All,REGIONAL,,,1,3,2015,2017,2
10274,2040447245259300847,Yussef Kamaal,United Kingdom,London,REGIONAL,,,2,4,2016,2018,2
10275,7073378333944412929,Dimensions Soundsystem,United Kingdom,London,REGIONAL,,,1,11,2016,2021,5
10276,1510116913282596752,Andwot,,,,,,1,2,2016,2017,1
10277,3142996030861882750,Banana Hill,United Kingdom,North,REGIONAL,,,1,2,2016,2016,0
10278,7870193871028321417,Kaitlyn Aurelia Smith,United States of America,Los Angeles,TOP1000,,,2,2,2017,2025,8
10279,3303527090953101290,Alma Negra,Switzerland,All,REGIONAL,,,1,1,2017,2017,0
10280,4201620283047815250,Gary Gritness,France,East,REGIONAL,,,1,1,2017,2017,0
10281,1515772494264735875,Volster,Croatia,All,REGIONAL,,,1,3,2017,2019,2
10282,5173699658873364969,Rob Shields,United Kingdom,London,REGIONAL,,,1,1,2017,2017,0
10283,5214426941794077315,Charles Green,United Kingdom,South + East,REGIONAL,,,4,10,2018,2026,8
10284,4107662492615640829,Felver,Croatia,All,REGIONAL,,,1,1,2018,2018,0
10285,846236138949651633,Lady Blacktronika,Germany,Berlin,REGIONAL,,,1,1,2018,2018,0
10286,2213814854405023954,Alex T (UK),United Kingdom,Leeds,REGIONAL,,,1,2,2019,2019,0
10287,5726295806362600638,Chaz Moloney,Ireland,All,REGIONAL,,,1,1,2019,2019,0
10288,7240305901048795216,Jasmine Azarian,Ireland,All,TOP1000,,,1,1,2019,2019,0
10289,5268017379049542390,Katiusha,United Kingdom,London,REGIONAL,,,1,1,2019,2019,0
10290,3731300612020270039,Telford,United Kingdom,Scotland,REGIONAL,,,3,5,2019,2026,7
10291,3500201800062461538,Data Memory Access,Italy,Central,REGIONAL,,,1,1,2024,2024,0
10292,8822353913519128149,Bowyer,United Kingdom,London,REGIONAL,,,2,2,2024,2025,1
10293,6348719292968899144,El Commando,Croatia,All,REGIONAL,,,1,1,2024,2024,0
10294,1365327007342020581,Ty Salone,United States of America,Philadelphia,REGIONAL,,,1,1,2025,2025,0
10295,1797926470369261017,Roya Brehl,United Kingdom,North,REGIONAL,,,3,4,2023,2026,3
10296,7434112189042399901,Richard Gregory,United Kingdom,London,REGIONAL,,,2,5,2022,2026,4
10297,6116436642550098384,androgienia,,,REGIONAL,,,1,1,2026,2026,0
10298,3004001664079988775,Shumi,Germany,Cologne,REGIONAL,,,2,4,2009,2019,10
10299,5323528267097555844,Toby Montana,Germany,Dortmund / Essen,REGIONAL,,,1,3,2011,2012,1
10300,7912329261744740965,Format B,Germany,Berlin,REGIONAL,,,2,3,2012,2017,5
10301,4215027658971432666,Esther Silex,Germany,Cologne,REGIONAL,,,2,2,2012,2025,13
10302,5762255902058921014,Tripmastaz,Germany,Berlin,REGIONAL,,,1,1,2013,2013,0
10303,598470400968590503,Lexy,Germany,Berlin,REGIONAL,,,1,1,2013,2013,0
10304,4002286766593398648,DJ Bigos,Germany,Dortmund / Essen,REGIONAL,,,1,1,2015,2015,0
10305,647020875126058583,Ahmet Sisman,Germany,Dortmund / Essen,REGIONAL,,,2,2,2015,2026,11
10306,7412020860761598988,Sandilé,Germany,Cologne,REGIONAL,,,3,4,2019,2024,5
10307,5828985833431545399,Rezystor,Germany,Cologne,REGIONAL,,,1,1,2019,2019,0
10308,3136097649489854750,DJ DJ,Germany,Dortmund / Essen,REGIONAL,,,1,1,2022,2022,0
10309,8464469254580309503,Robin Tasi,Germany,Dortmund / Essen,REGIONAL,,,1,7,2022,2026,4
10310,8566331323657695079,Coco Cobra,China,Chongqing,REGIONAL,,,1,3,2023,2025,2
10311,5072107739495060592,Victor,United Kingdom,London,REGIONAL,,,2,2,2024,2025,1
10312,2531168828108523379,Aaro (3),Germany,Cologne,REGIONAL,,,1,1,2024,2024,0
10313,7415368466374053388,no:elia,,,REGIONAL,,,1,2,2024,2024,0
10314,4911080319630021567,RaverPik,Germany,Leipzig,REGIONAL,,,1,2,2024,2024,0
10315,167747698335087173,AARO,Italy,North,REGIONAL,,,1,1,2024,2024,0
10316,4288062439244623013,CLTX,France,Paris,REGIONAL,,,3,5,2023,2025,2
10317,6007189112067788944,FUMI,France,Paris,REGIONAL,,,1,1,2025,2025,0
10318,4080663050571452296,KIM SWIM,Germany,Berlin,REGIONAL,,,2,2,2026,2026,0
10319,8546513447013349145,Ingi Visions,Netherlands,Utrecht,REGIONAL,,,2,3,2018,2022,4
10320,6172948912278332940,Depad,France,Paris,REGIONAL,,,1,1,2019,2019,0
10321,1710215862066968000,Giuliano Lomonte,Italy,South,REGIONAL,,,1,2,2019,2021,2
10322,7419588344286922960,Jan Golly,Germany,Mannheim,REGIONAL,,,1,1,2019,2019,0
10323,5279193760773096130,Monika Ross,Australia,Sydney,TOP1000,,,1,1,2019,2019,0
10324,3704154941910087812,Vlad Caia,Romania,All,REGIONAL,,,2,5,2018,2022,4
10325,2472767696056369785,caLLy,Romania,Bucharest,REGIONAL,,,1,2,2019,2021,2
10326,8844996101936881593,BILA,Romania,Bucharest,REGIONAL,,,1,1,2022,2022,0
10327,4099127411694966941,Faster Horses,United Kingdom,Liverpool,REGIONAL,,,6,8,2024,2026,2
10328,4924532778937488365,Fish56Octagon,United Kingdom,London,REGIONAL,,,2,3,2025,2026,1
10329,6357871989052640904,LIL DARK ONE,United Kingdom,London,REGIONAL,,,1,1,2026,2026,0
10330,8731984926014015145,Boats,Belgium,Antwerp,REGIONAL,,,1,1,2018,2018,0
10331,5480358891892811114,DJohnston,Spain,Barcelona,REGIONAL,,,1,1,2019,2019,0
10332,6961726469756475831,Lárus,United Kingdom,London,REGIONAL,,,1,1,2022,2022,0
10333,5162405318222210654,Maya B,Spain,Madrid,REGIONAL,,,1,1,2024,2024,0
10334,2767062100305332208,Erleta,Germany,Schleswig-Holstein,REGIONAL,,,1,2,2025,2026,1
10335,5623495404725233201,Gee Contreras,Colombia,Bogotá,REGIONAL,,,1,3,2025,2026,1
10336,7827603069019219856,elisa (3),Italy,Florence,REGIONAL,,,1,1,2025,2025,0
10337,8364188605663864688,YīN YīN,Netherlands,Amsterdam,REGIONAL,,,2,2,2022,2026,4
10338,8679963786271750433,ASIA (DE),Russia,Rest of Russia,REGIONAL,,,1,1,2026,2026,0
10339,9208167643094104354,Abdul Raeva,Estonia,All,REGIONAL,,,1,1,2024,2024,0
10340,906683767497043452,Jaime Rosso,United Kingdom,London,REGIONAL,,,2,2,2024,2024,0
10341,867917196642687653,Natalie Shooter,United Kingdom,North,REGIONAL,,,1,3,2024,2026,2
10342,8046210703582429290,Oliver Night,United Kingdom,London,REGIONAL,,,1,1,2024,2024,0
10343,8802755543070848559,Aika Mal,Ireland,All,REGIONAL,,,2,9,2023,2026,3
10344,3118111892970787429,Disco Monde,United Kingdom,London,REGIONAL,,,1,1,2025,2025,0
10345,5248850901814729936,Drysdale,United Kingdom,London,REGIONAL,,,1,1,2025,2025,0
10346,3258546695722814271,LACATY,Germany,Berlin,REGIONAL,,,1,1,2025,2025,0
10347,6022293979605847284,Nina Yamada,Japan,Tokyo,REGIONAL,,,2,2,2025,2026,1
10348,4713691652700805171,___Maya,United Kingdom,London,REGIONAL,,,1,1,2026,2026,0
10349,1753936400456943652,OKRAA,Colombia,Bogotá,REGIONAL,,,1,1,2026,2026,0
10350,878619755512159681,Zar (UK),United Kingdom,London,REGIONAL,,,1,1,2026,2026,0
10351,450285322358525733,De La Soul,United States of America,New York City,REGIONAL,,,1,1,2017,2017,0
10352,1976429210944325011,Matt Karmil,United Kingdom,London,REGIONAL,,,2,2,2017,2019,2
10353,8488012423928969491,Kimi,United Kingdom,London,REGIONAL,,,1,1,2022,2022,0
10354,3652917205171295945,Ryussi,United Kingdom,London,REGIONAL,,,1,1,2022,2022,0
10355,6565247780891292973,Deptford Northern Soul Club,United Kingdom,London,REGIONAL,,,3,3,2019,2025,6
10356,2203793755724657223,Flight Facilities,Australia,Sydney,REGIONAL,,,1,1,2024,2024,0
10357,2831976149525008330,Friedberg,United States of America,New York State,REGIONAL,,,1,1,2024,2024,0
10358,7357900531366986371,Bassline Smith,,,,,,1,1,2012,2012,0
10359,7080259030777569630,Nervo,Australia,Sydney,REGIONAL,,,2,3,2012,2017,5
10360,7418778135855440827,Aly,,,,,,1,1,2013,2013,0
10361,517295208151869087,Gavin Herlihy,Ireland,All,REGIONAL,,,1,1,2014,2014,0
10362,6122062120474694190,Sander van Doorn,Netherlands,Eindhoven,REGIONAL,,,1,1,2014,2014,0
10363,4881949854395293028,Futuristic Polar Bears,United Kingdom,London,REGIONAL,,,1,2,2014,2015,1
10364,5471291929921035372,Joshua Roberts,United Kingdom,London,REGIONAL,,,1,4,2014,2017,3
10365,3205434638314476911,My Digital Enemy,United Kingdom,London,REGIONAL,,,1,1,2015,2015,0
10366,2806364942938113091,Cosmic Gate,Germany,Augsburg,REGIONAL,,,1,1,2015,2015,0
10367,1882494284921777400,Jamie Principle,United States of America,Chicago,REGIONAL,,,1,1,2015,2015,0
10368,6260529714423749123,Jordache,United States of America,Detroit,REGIONAL,,,1,1,2015,2015,0
10369,3966705012450332365,Oliver Dollar,Germany,Berlin,REGIONAL,,,2,2,2015,2019,4
10370,1091452863626940837,Ms. Dynamite,United Kingdom,North,REGIONAL,,,2,2,2016,2026,10
10371,7077182016753853543,Jimmy Switch,United Kingdom,North,REGIONAL,,,1,1,2017,2017,0
10372,1963153943503835516,sam de gal,United Kingdom,Leeds,REGIONAL,,,1,1,2017,2017,0
10373,2399842649383647418,Sara Garvey,United Kingdom,Leeds,REGIONAL,,,1,1,2017,2017,0
10374,6217006407697978761,Sosa,United States of America,New Jersey,REGIONAL,,,1,1,2023,2023,0
10375,6680081389916160634,Megan Wroe,United Kingdom,Manchester,REGIONAL,,,1,1,2026,2026,0
10376,4928758688861572486,Dufresne,Australia,Melbourne,REGIONAL,,,1,1,2019,2019,0
10377,863664139269972597,Horatio Luna,Australia,Melbourne,REGIONAL,,,1,1,2019,2019,0
10378,4284604108270625465,Medikul,United Kingdom,Midlands,REGIONAL,,,1,1,2019,2019,0
10379,8150598705754884873,Ola Szmidt,Poland,Warsaw,REGIONAL,,,1,1,2020,2020,0
10380,7259507224402893549,Sam Pills,United Kingdom,Manchester,REGIONAL,,,1,1,2020,2020,0
10381,290287801874097707,Nick Walters,United Kingdom,West + Wales,REGIONAL,,,1,1,2021,2021,0
10382,375051232148041839,Sophie Callis,United Kingdom,London,REGIONAL,,,1,1,2021,2021,0
10383,254067869028195677,Lashimba,United Kingdom,Manchester,REGIONAL,,,1,1,2021,2021,0
10384,7672328730110127895,Jimpster,United Kingdom,London,REGIONAL,,,2,2,2009,2022,13
10385,3143618878622194509,Tom Ravenscroft,United Kingdom,London,REGIONAL,,,1,1,2022,2022,0
10386,2450555667241256649,Shayn,United Kingdom,London,REGIONAL,,,1,1,2022,2022,0
10387,7984015796960630783,Auka (2),Argentina,Buenos Aires,REGIONAL,,,1,1,2024,2024,0
10388,2039411380380175912,Timo-G,United Kingdom,Manchester,REGIONAL,,,1,1,2024,2024,0
10389,2264828716023456924,Mighty,Germany,Brandenburg,REGIONAL,,,1,1,2025,2025,0
10390,7310097477835641963,Miss Mash,United Kingdom,South + East,REGIONAL,,,1,1,2025,2025,0
10391,8717043772723638647,blissy e,United Kingdom,London,REGIONAL,,,2,2,2025,2026,1
10392,3146155743111447175,The Baker (UK),United Kingdom,London,REGIONAL,,,1,1,2025,2025,0
10393,774356485707432488,Vialli,United Kingdom,South + East,REGIONAL,,,1,1,2025,2025,0
10394,6682388975119695623,Kincaid,United Kingdom,London,REGIONAL,,,2,6,2018,2026,8
10395,4377091310041045906,RSD,United Kingdom,West + Wales,REGIONAL,,,1,1,2012,2012,0
10396,5225333663349859648,Rocketnumbernine,United Kingdom,London,REGIONAL,,,1,1,2014,2014,0
10397,7102408206824944711,GotSome,United Kingdom,West + Wales,REGIONAL,,,1,6,2014,2018,4
10398,2831295765098276202,Azealia Banks,United States of America,New York City,REGIONAL,,,1,1,2015,2015,0
10399,8055469287932514799,New York Transit Authority,United Kingdom,West + Wales,REGIONAL,,,1,2,2015,2016,1
10400,1253097980919787146,Sam Supplier,United Kingdom,London,REGIONAL,,,1,2,2016,2017,1
10401,4766760971752200069,Mistareez,United Kingdom,West + Wales,REGIONAL,,,1,1,2017,2017,0
10402,5960506294342208467,Daxta,Germany,Berlin,REGIONAL,,,1,1,2018,2018,0
10403,5494924834417028358,Kusasa,United Kingdom,Manchester,REGIONAL,,,1,1,2018,2018,0
10404,2162560541982173162,DJ Emmy,United Kingdom,Bristol,REGIONAL,,,1,1,2019,2019,0
10405,2451272914417941873,DASHY,United Kingdom,Bristol,REGIONAL,,,1,1,2025,2025,0
10406,3123612512349295878,Roo (1),United Kingdom,Bristol,REGIONAL,,,1,1,2025,2025,0
10407,8473375200990659141,Jakobin,United Kingdom,Bristol,REGIONAL,,,1,1,2025,2025,0
10408,600407087380996671,Fred V,France,Paris,REGIONAL,,,1,1,2025,2025,0
10409,5998639162498146859,Mandidextrous,United Kingdom,West + Wales,REGIONAL,,,1,1,2025,2025,0
10410,4348116327428519719,Fonzo,Portugal,Lisbon,REGIONAL,,,1,1,2025,2025,0
10411,9075763118864966547,Sean Rickett,Malta,All,REGIONAL,,,1,7,2018,2026,8
10412,5034805032708789845,Aspekt,Malta,All,REGIONAL,,,1,3,2022,2024,2
10413,6390287662445919464,Budg,Malta,All,REGIONAL,,,1,7,2022,2026,4
10414,3841059016570462075,Gordon Flash,Malta,All,REGIONAL,,,1,1,2023,2023,0
10415,1881297811161081294,CALLUSH,Germany,Berlin,REGIONAL,,,2,3,2024,2025,1
10416,2549164347355312000,INVERTED (MT),Malta,All,REGIONAL,,,1,3,2024,2026,2
10417,3478872367476180683,ferrari rot,Germany,Berlin,REGIONAL,,,2,4,2023,2024,1
10418,1075887333563577878,Sara Landry,United States of America,Austin,REGIONAL,,,5,9,2024,2026,2
10419,8654900407632145558,GVZ (1),Malta,All,REGIONAL,,,1,1,2026,2026,0
10420,4355900026824335333,Brain De Palma,Germany,Berlin,REGIONAL,,,2,2,2022,2024,2
10421,6911976129393830363,Baz Reznik,Netherlands,The Hague,REGIONAL,,,1,1,2024,2024,0
10422,4181576866502888114,Cyphon,United Kingdom,London,REGIONAL,,,1,1,2019,2019,0
10423,7837074508317641494,Assembler Code,Australia,Sydney,REGIONAL,,,1,2,2019,2020,1
10424,5581832640290405635,Luke Lund,Finland,All,REGIONAL,,,1,1,2022,2022,0
10425,4682184841447695266,Allecto,United Kingdom,London,REGIONAL,,,2,2,2022,2022,0
10426,331827234334365094,bad internet,United Kingdom,London,REGIONAL,,,1,1,2022,2022,0
10427,3835060572918027890,Faceless LDN,United Kingdom,London,REGIONAL,,,1,1,2022,2022,0
10428,536320406241934538,Mackenzie (UK),United Kingdom,Bristol,REGIONAL,,,1,1,2023,2023,0
10429,2679414125301227620,GONZ,United States of America,Miami,REGIONAL,,,1,1,2023,2023,0
10430,4602615348091634942,Catu Diosis,Uganda,All,REGIONAL,,,2,2,2024,2025,1
10431,3787455376922915756,Seekersinternational,,,REGIONAL,,,1,1,2025,2025,0
10432,3250934553114722638,Nova Varnrable,,,REGIONAL,,,1,1,2025,2025,0
10433,7995962009726808304,Jawnino,United Kingdom,London,REGIONAL,,,1,1,2025,2025,0
10434,2899193926656987853,fka boursin,United Kingdom,London,REGIONAL,,,1,2,2025,2026,1
10435,3618717049737076522,Young Echo,United Kingdom,West + Wales,REGIONAL,,,1,2,2026,2026,0
10436,425625586300237076,SVN,Germany,Berlin,REGIONAL,,,1,1,2015,2015,0
10437,3586794971911613820,Fjäder,Sweden,Stockholm,REGIONAL,,,1,1,2015,2015,0
10438,9006761232841476450,Kliin,Sweden,All,REGIONAL,,,1,1,2015,2015,0
10439,5629075207313466292,Tyler Friedman,Germany,Berlin,REGIONAL,,,1,2,2016,2022,6
10440,6370619176882998438,Oren Ambarchi,Australia,Sydney,REGIONAL,,,2,4,2017,2025,8
10441,3245304411829181942,Fakethias,Norway,All,REGIONAL,,,1,1,2018,2018,0
10442,7129874961974123438,Kulak,United Kingdom,London,REGIONAL,,,1,1,2019,2019,0
10443,3969957221942884262,Vanligt Folk,Sweden,All,REGIONAL,,,1,2,2019,2023,4
10444,2297376558231611575,Peter Zummo,United States of America,New York City,REGIONAL,,,1,1,2022,2022,0
10445,8892457550264172911,Martin Messier,Canada,Montreal,REGIONAL,,,1,1,2022,2022,0
10446,8221277735926483585,De Kat Memwa,,,REGIONAL,,,1,1,2023,2023,0
10447,3520854572655177738,Nic Krog,Denmark,All,REGIONAL,,,1,1,2023,2023,0
10448,4055118749616190252,CTM (1),Denmark,Copenhagen,REGIONAL,,,1,1,2024,2024,0
10449,4677753423666792361,otay:onii,China,Shanghai,REGIONAL,,,1,1,2025,2025,0
10450,1467544498232841031,SSTROM,Sweden,All,REGIONAL,,,1,1,2026,2026,0
10451,5893573383127001951,Elekfantz,Brazil,All,REGIONAL,,,1,2,2013,2016,3
10452,6123185557898685591,Full Crate,Netherlands,Amsterdam,REGIONAL,,,1,1,2014,2014,0
10453,7516919293908663535,D-Ribeiro,Netherlands,Rotterdam,REGIONAL,,,2,2,2011,2014,3
10454,184575725546922197,CW/A,Italy,Central,REGIONAL,,,1,1,2015,2015,0
10455,6999337678023619625,Clockwork,Italy,North,REGIONAL,,,1,1,2015,2015,0
10456,6894364102556326279,Guim Lebowski,Spain,Barcelona,REGIONAL,,,1,1,2016,2016,0
10457,321180029545487775,Audiolux,Spain,Barcelona,REGIONAL,,,1,1,2017,2017,0
10458,9044044969427639866,Carol Mattos,Brazil,Sao Paulo,REGIONAL,,,1,1,2017,2017,0
10459,2094082265343898140,Vane Madrid,Spain,Madrid,REGIONAL,,,1,1,2018,2018,0
10460,2272687844308190417,Sonodab,Spain,Barcelona,REGIONAL,,,1,1,2018,2018,0
10461,6192198214153522819,Elias Deepman,Chile,Santiago,REGIONAL,,,1,1,2018,2018,0
10462,7853443961453277083,Arjun Vagale,India,Other regions,REGIONAL,,,2,2,2017,2020,3
10463,6709331766535963440,Orion,Germany,Berlin,REGIONAL,,,1,1,2022,2022,0
10464,7659071112336369924,Toto Chiavetta,Italy,Sicily,REGIONAL,,,1,1,2022,2022,0
10465,3668068754645538900,Nida,India,Mumbai,REGIONAL,,,1,1,2022,2022,0
10466,1744688007530383775,PETDuo,Germany,Berlin,REGIONAL,,,2,3,2015,2024,9
10467,8118113946122720849,NPLNSSS,Chile,Santiago,REGIONAL,,,1,2,2024,2024,0
10468,779315238089289122,Stalvart John,India,Other regions,REGIONAL,,,1,1,2024,2024,0
10469,1863311356544402880,Unnayanaa,India,Bangalore,REGIONAL,,,1,1,2024,2024,0
10470,5282248726977299513,Siiry,India,Hyderabad,REGIONAL,,,1,1,2024,2024,0
10471,1611419010522427422,Lucia Lu,Germany,Berlin,REGIONAL,,,1,1,2024,2024,0
10472,8541317679365353000,Andrea Zapata,Peru,All,REGIONAL,,,1,1,2025,2025,0
10473,4841734718346575140,Vanjee,United States of America,New York City,REGIONAL,,,1,2,2025,2025,0
10474,2701623318748028065,Sepha (2),Chile,Santiago,REGIONAL,,,1,1,2025,2025,0
10475,5807232345174232084,Franc Fala,Netherlands,Amsterdam,REGIONAL,,,2,2,2026,2026,0
10476,8199680837288038587,Jamie Vex'd,Germany,Berlin,REGIONAL,,,1,1,2010,2010,0
10477,185975858094756247,Bullion,United Kingdom,London,REGIONAL,,,1,1,2010,2010,0
10478,3442562113788308212,Mock,,,,,,1,1,2010,2010,0
10479,6572617666108816161,Terje Bakke,Norway,All,REGIONAL,,,1,1,2011,2011,0
10480,8358113970585025102,ELOQ,Denmark,All,REGIONAL,,,1,5,2012,2026,14
10481,9142812290277271109,Rekyl,Denmark,Copenhagen,REGIONAL,,,1,4,2012,2017,5
10482,7336473673963714981,Jacob Bech,Denmark,All,REGIONAL,,,1,1,2015,2015,0
10483,1547257433826133067,Enygma,Italy,Milan,REGIONAL,,,1,1,2017,2017,0
10484,3061046355032741012,Soleima,Denmark,Copenhagen,REGIONAL,,,1,2,2017,2019,2
10485,7438395908598193425,Martin Vice,Denmark,Copenhagen,REGIONAL,,,1,2,2017,2018,1
10486,8360647097782758354,Yellow Claw,Netherlands,Amsterdam,REGIONAL,,,1,1,2017,2017,0
10487,184167550970168791,Alin,Denmark,All,REGIONAL,,,1,1,2017,2017,0
10488,8748894963952638206,Alfredo92,Denmark,Copenhagen,REGIONAL,,,1,1,2018,2018,0
10489,8785556839537034126,Felix De Luca,Denmark,Copenhagen,REGIONAL,,,1,1,2018,2018,0
10490,1655488135800797503,SHAQ,Denmark,Copenhagen,REGIONAL,,,1,2,2018,2019,1
10491,229534584639117859,Christian d'Or,Denmark,All,REGIONAL,,,1,3,2019,2022,3
10492,856458869985844348,Dirk 81,Denmark,Copenhagen,REGIONAL,,,1,2,2019,2019,0
10493,265307921609562970,Joski,Denmark,Copenhagen,REGIONAL,,,1,2,2019,2022,3
10494,6917133310623309260,An Yunbi,Germany,Berlin,REGIONAL,,,2,2,2022,2022,0
10495,5378821750476184983,Operant,Italy,Rome,REGIONAL,,,1,1,2022,2022,0
10496,1935434928729955857,Prom Night,Denmark,Copenhagen,REGIONAL,,,1,4,2022,2026,4
10497,6612735601120595621,The Hunts,Denmark,Copenhagen,REGIONAL,,,1,1,2022,2022,0
10498,4541502720864679304,DJ Sea View,Denmark,Copenhagen,REGIONAL,,,1,1,2023,2023,0
10499,7842355135501274857,Okine,Denmark,Copenhagen,REGIONAL,,,1,1,2023,2023,0
10500,7453095022984165688,Tight Cherry,Romania,All,REGIONAL,,,1,1,2023,2023,0
10501,888789531175486368,Interlynxx,Denmark,Copenhagen,REGIONAL,,,1,1,2023,2023,0
10502,8417674791985066245,KDNC,Venezuela,All,REGIONAL,,,1,1,2023,2023,0
10503,860808296823962109,Ludvig Poll,Denmark,Copenhagen,REGIONAL,,,1,1,2023,2023,0
10504,8330563066434226432,Caleesi,Germany,Berlin,REGIONAL,,,1,1,2025,2025,0
10505,6864144114290489063,ALIS.,Germany,Berlin,REGIONAL,,,1,1,2025,2025,0
10506,2278735963681518524,Mikkel Wonsbek,Denmark,Copenhagen,REGIONAL,,,1,1,2025,2025,0
10507,339653781527255988,FILTH.y,Denmark,Copenhagen,REGIONAL,,,1,1,2026,2026,0
10508,1337868956041449978,Signe Alarcón,Denmark,Copenhagen,REGIONAL,,,1,1,2026,2026,0
10509,4223821934525092058,Soso Klein,France,Central,REGIONAL,,,1,1,2026,2026,0
10510,7565064990075614130,Dyze,,,,,,1,1,2017,2017,0
10511,8779678416379215881,Arnaud Le Texier,France,West,REGIONAL,,,1,1,2022,2022,0
10512,26902103847187033,Malice,Germany,Berlin,REGIONAL,,,1,1,2022,2022,0
10513,8119848181875731032,Sasho Uzun,North Macedonia,All,REGIONAL,,,1,1,2024,2024,0
10514,8011843574165085925,Breezy,,,,,,1,1,2024,2024,0
10515,5107917124408819357,JAGER (HU),Hungary,Budapest,REGIONAL,,,1,1,2024,2024,0
10516,6309882511291570248,Beraber,Netherlands,Amsterdam,REGIONAL,,,3,3,2025,2026,1
10517,6117408852355322008,Dub Striker,France,Paris,REGIONAL,,,1,2,2018,2020,2
10518,7672825955569035380,Almevan,France,Marseille,REGIONAL,,,1,1,2023,2023,0
10519,204938694989408262,YENKOV,France,Marseille,REGIONAL,,,2,2,2023,2026,3
10520,6024476539603705410,Yasmin Gardezi,Ireland,Cork,REGIONAL,,,1,4,2024,2026,2
10521,8178389528185038643,Dawidu,France,Paris,REGIONAL,,,2,2,2022,2024,2
10522,6170694620183541783,Teva,United Kingdom,London,REGIONAL,,,1,1,2010,2010,0
10523,4306984567416737841,Carlos,,,,,,1,1,2011,2011,0
10524,919710557654406111,Giom,France,West,REGIONAL,,,1,3,2011,2012,1
10525,5142790821800361822,Jesse James,United Kingdom,London,REGIONAL,,,1,1,2011,2011,0
10526,6214010217971384439,Kirk Paten,United Kingdom,London,REGIONAL,,,1,2,2013,2023,10
10527,3282808600038573500,Paul Stevens,United Kingdom,North,REGIONAL,,,1,2,2014,2022,8
10528,5632560735933330955,De Los Miedos,Portugal,Lisbon,REGIONAL,,,2,2,2017,2018,1
10529,461493577581201459,Andre Cascais,Portugal,Lisbon,REGIONAL,,,1,1,2025,2025,0
10530,3999763722221487708,Luna Semara,Germany,Berlin,REGIONAL,,,1,1,2023,2023,0
10531,293310230412872451,Geheimzinnig Soundsystem,Belgium,Antwerp,REGIONAL,,,1,1,2023,2023,0
10532,8607521110879841143,Kokeshi,Portugal,Lisbon,REGIONAL,,,1,1,2023,2023,0
10533,8498692302754413934,Dr. G,Belgium,Brussels,REGIONAL,,,2,4,2025,2026,1
10534,3625126656163076879,Anyma,Germany,Berlin,REGIONAL,,,1,2,2025,2026,1
10535,2994138652292880522,Kim Turnbull,United Kingdom,London,REGIONAL,,,1,1,2026,2026,0
10536,2543654641473313544,Liam Ebbs,,,,,,1,1,2019,2019,0
10537,196282432199666415,LOIF,Australia,Melbourne,REGIONAL,,,1,2,2019,2019,0
10538,3501945811446785543,Tecture,Germany,Berlin,REGIONAL,,,1,6,2017,2019,2
10539,5501725801557464416,Albert Imhof,Germany,Nürnberg,REGIONAL,,,1,6,2018,2022,4
10540,1390997096942652527,Wilhelm,Germany,Leipzig,REGIONAL,,,1,1,2020,2020,0
10541,3430962522255610106,Anil Aras,Netherlands,Utrecht,REGIONAL,,,1,8,2023,2026,3
10542,8946067335952434231,Silvester Gelderblom,Netherlands,Amsterdam,REGIONAL,,,1,1,2023,2023,0
10543,1927555238116927700,Leroy Rey,Netherlands,Utrecht,REGIONAL,,,1,1,2024,2024,0
10544,421156611293163618,Chesster,Italy,Venice,REGIONAL,,,1,5,2024,2026,2
10545,7841844041605782553,Sozef,Netherlands,Utrecht,REGIONAL,,,2,3,2024,2025,1
10546,107422202409625687,FIRZA,United Kingdom,London,REGIONAL,,,1,1,2025,2025,0
10547,9191911785684962473,Robin Graham,United Kingdom,London,REGIONAL,,,1,2,2025,2025,0
10548,2611881320537644405,Project89,Netherlands,Amsterdam,REGIONAL,,,1,1,2025,2025,0
10549,8240832095183203502,Jonny From Space,United States of America,Miami,REGIONAL,,,1,1,2025,2025,0
10550,7911839284204032844,Kana Hishiya,Japan,Tokyo,REGIONAL,,,1,1,2025,2025,0
10551,4545622146733874331,Eitan Reiter,Israel,All,REGIONAL,,,1,1,2017,2017,0
10552,5365837256665164646,Kalki,France,Central,REGIONAL,,,1,2,2017,2018,1
10553,7108666196256338372,Abstraal,France,Paris,REGIONAL,,,1,1,2019,2019,0
10554,1856883912137526775,Akillès,France,South East,REGIONAL,,,1,1,2019,2019,0
10555,2782001700721780672,Purple on Time,France,Lyon,REGIONAL,,,1,3,2019,2023,4
10556,5975690712764741764,Strandtuch,France,Paris,REGIONAL,,,1,1,2024,2024,0
10557,6686944719016034829,IMA:R,France,Lyon,REGIONAL,,,1,1,2026,2026,0
10558,1080161349385594609,Marelko,France,Central,REGIONAL,,,1,1,2026,2026,0
10559,6193479052721217423,Delahay,United Kingdom,West + Wales,REGIONAL,,,1,1,2017,2017,0
10560,5073686189264105088,Salary Boy,United Kingdom,London,REGIONAL,,,1,2,2017,2018,1
10561,6262779242143248390,Marla,United Kingdom,London,REGIONAL,,,1,1,2016,2016,0
10562,7684683593262568773,Flo Pirke,Germany,Berlin,REGIONAL,,,1,1,2016,2016,0
10563,3912073383056985075,Nils Ohrmann,Germany,Berlin,REGIONAL,,,1,1,2016,2016,0
10564,3032028627660961047,Tomtomgroove,Germany,Berlin,REGIONAL,,,1,1,2016,2016,0
10565,8318022250641160192,Marcus Henriksson,Sweden,Malmo,REGIONAL,,,1,1,2019,2019,0
10566,5222097754681132538,KeiSara,Iceland,All,REGIONAL,,,1,1,2025,2025,0
10567,792945440000859521,MKO,Italy,South,REGIONAL,,,1,1,2025,2025,0
10568,7610733441199017515,Orion Orient,Poland,Krakow,REGIONAL,,,1,1,2025,2025,0
10569,767432277020694365,Riva Starr,United Kingdom,London,REGIONAL,,,1,3,2019,2020,1
10570,7432390659035221994,DJ Spen,United States of America,Maryland,TOP1000,,,1,1,2019,2019,0
10571,3881075857703143862,The Shapeshifters,United Kingdom,London,REGIONAL,,,1,4,2019,2026,7
10572,6103413881580661409,Copyright,United Kingdom,London,REGIONAL,,,1,1,2019,2019,0
10573,301264676139495622,Dario D'Attis,Switzerland,All,REGIONAL,,,1,2,2019,2019,0
10574,7477559977579000290,Andy Daniell,United Kingdom,London,REGIONAL,,,1,2,2019,2019,0
10575,30791470361035551,DJ Pippi,Spain,Ibiza,REGIONAL,,,1,1,2020,2020,0
10576,2648207105667544158,Luciid,Ireland,All,REGIONAL,,,1,2,2025,2025,0
10577,6084279046861991813,Katnada,,,REGIONAL,,,1,1,2025,2025,0
10578,4102632146517054408,Mason Cooper,United Kingdom,London,REGIONAL,,,1,1,2026,2026,0
10579,6027201524554504976,Luca C.,United Kingdom,London,REGIONAL,,,1,1,2026,2026,0
10580,1218391413331696960,BARTELLA,United Kingdom,London,REGIONAL,,,1,1,2026,2026,0
10581,169180341004758448,Sean Fender,Sweden,Stockholm,REGIONAL,,,1,1,2023,2023,0
10582,7224585745162821879,Dj Algorythm,Denmark,Copenhagen,REGIONAL,,,1,1,2023,2023,0
10583,4348699400185791478,Frederik Tollund,Denmark,Copenhagen,REGIONAL,,,1,1,2023,2023,0
10584,3995152870551238046,Minq,Germany,Berlin,REGIONAL,,,1,1,2023,2023,0
10585,8575045097685483072,House Of Grace,Germany,Berlin,REGIONAL,,,1,1,2025,2025,0
10586,1520659589089342627,charis,Germany,Hannover,REGIONAL,,,1,1,2025,2025,0
10587,926616186092373285,Jac Pepper,Ireland,All,REGIONAL,,,1,1,2022,2022,0
10588,7293326053582824836,Deejayu,United Kingdom,London,REGIONAL,,,2,3,2022,2022,0
10589,8720359983713777340,Jamie Unknown,United Kingdom,South + East,REGIONAL,,,1,1,2023,2023,0
10590,867953039935509829,Jay U,France,East,REGIONAL,,,2,2,2023,2025,2
10591,4696628945274658395,Vulfco,United Kingdom,Leeds,REGIONAL,,,1,2,2023,2023,0
10592,3081046599521271400,Tiffany Quinn,United Kingdom,London,REGIONAL,,,1,1,2025,2025,0
10593,4653214894211577484,Scot Nicolson,United Kingdom,North,REGIONAL,,,1,2,2007,2007,0
10594,1853601466462342055,Oliver Ho,United Kingdom,London,REGIONAL,,,1,2,2008,2012,4
10595,4646373334762731605,Lump,Portugal,Lisbon,REGIONAL,,,1,4,2008,2011,3
10596,2375237230781865609,October,United Kingdom,West + Wales,REGIONAL,,,1,6,2010,2019,9
10597,5570764012877613809,Yusaku,Japan,Tokyo,REGIONAL,,,1,1,2012,2012,0
10598,444837155586930421,Suleiman,France,Central,REGIONAL,,,1,1,2015,2015,0
10599,3176280258190642338,Christina Wheeler,United States of America,Los Angeles,REGIONAL,,,1,2,2016,2024,8
10600,1111554946214970917,Howes,United Kingdom,North,REGIONAL,,,2,2,2017,2018,1
10601,8497660896568302808,LF58,Italy,Rome,REGIONAL,,,1,1,2018,2018,0
10602,220986062763401813,TokyoAcidCru,United Kingdom,Newcastle,REGIONAL,,,1,1,2019,2019,0
10603,5009817039304542056,Luz,Germany,Berlin,REGIONAL,,,1,1,2024,2024,0
10604,8827095443887061332,DJ Deadlift,Austria,Vienna,REGIONAL,,,1,3,2023,2026,3
10605,2617424249027469857,Bruno Morphet,South Africa,Cape Town,REGIONAL,,,1,1,2024,2024,0
10606,7829059435421648485,Aimé,Germany,Freiburg,REGIONAL,,,1,1,2025,2025,0
10607,6316259963531829369,foxloe,France,South East,REGIONAL,,,1,2,2025,2026,1
10608,8587954692638574208,SaBa,United States of America,Houston,REGIONAL,,,1,2,2025,2026,1
10609,3839162857222452665,Bovskey,Germany,Berlin,REGIONAL,,,1,1,2026,2026,0
10610,2541139506582518424,Farr,Austria,All,REGIONAL,,,1,1,2026,2026,0
10611,2748437349320649287,Randalia,Austria,Vienna,REGIONAL,,,1,2,2026,2026,0
10612,1667311234853992214,Reinhard Zach,Austria,All,REGIONAL,,,1,1,2026,2026,0
10613,4730834370736899233,Vendi,France,French Riviera,REGIONAL,,,1,1,2017,2017,0
10614,2096059292310425109,Funkamente,Portugal,Lisbon,REGIONAL,,,1,4,2018,2025,7
10615,721932763369802992,Jan Jelinek,Germany,Berlin,REGIONAL,,,1,3,2018,2024,6
10616,7798291681794092008,Jorge Caiado,Portugal,Lisbon,REGIONAL,,,1,2,2018,2024,6
10617,9146042674201700043,Mark Ambrose,Spain,Barcelona,REGIONAL,,,1,2,2020,2022,2
10618,251892294383365702,Manglus,Uruguay,All,REGIONAL,,,1,1,2022,2022,0
10619,6926906206660562193,Samuel Rohrer,Switzerland,All,REGIONAL,,,1,3,2022,2025,3
10620,7232161923395017266,Arno Schäfer,Germany,Frankfurt,REGIONAL,,,1,1,2024,2024,0
10621,3650575451321415305,marum,,,REGIONAL,,,1,1,2024,2024,0
10622,1256002946412251116,Matthias Reiling,Germany,Hamburg,REGIONAL,,,1,1,2024,2024,0
10623,1975814881024062523,Andrew Pekler,Germany,Berlin,REGIONAL,,,1,1,2024,2024,0
10624,1935251186777972044,The Space Lady,United States of America,Denver,REGIONAL,,,1,1,2025,2025,0
10625,4082103270748856485,Partner Music,,,,,,1,1,2018,2018,0
10626,8596450584078177780,Noble,,,,,,1,1,2019,2019,0
10627,401425113736908164,chantz,,,,,,1,2,2019,2023,4
10628,2443191353459342039,J Chrysalis,,,,,,1,1,2019,2019,0
10629,5999848500537722659,KYMA,,,,,,1,1,2019,2019,0
10630,5764647078122514160,Reedale Rise,,,,,,1,1,2019,2019,0
10631,6190009707112262521,D'vey,,,,,,1,1,2021,2021,0
10632,6700797701778522998,K.I.I.A.,,,,,,1,2,2021,2022,1
10633,3882565669161878514,Triple Point,,,,,,1,4,2022,2025,3
10634,4580745120172771524,Nicola Bear,,,,,,1,1,2023,2023,0
10635,2636696582028338332,Rabiah,,,,,,1,1,2023,2023,0
10636,6760322392076213211,Flutter,,,,,,1,1,2023,2023,0
10637,1114157902153920869,Alec Tempo,,,,,,1,1,2024,2024,0
10638,1187736005003933535,A F Shaw,,,,,,1,1,2024,2024,0
10639,3169904418525374988,Cat Hooper,,,,,,1,1,2024,2024,0
10640,1211608708720962015,Easily Pleased,,,,,,1,2,2024,2025,1
10641,4419484890615053346,Jordan K Joseph,,,,,,1,1,2024,2024,0
10642,7462005976808036824,T.Williams,,,,,,1,1,2024,2024,0
10643,6520527522674348040,Benton (UK),,,,,,1,1,2025,2025,0
10644,1855452295949024328,Momo,,,,,,1,1,2025,2025,0
10645,1529685003715293081,Pietro LGF,,,,,,1,2,2025,2026,1
10646,6374577750252888070,Verbz,,,,,,1,1,2025,2025,0
10647,1664573211901329619,Esmé,,,,,,1,1,2026,2026,0
10648,6349472911596195096,Hames,,,,,,1,1,2026,2026,0
10649,2492857288543230513,Lovelace,,,,,,1,1,2026,2026,0
10650,2084145780180717095,Nyla,,,,,,1,1,2026,2026,0
10651,8518584665172920274,Small Crab (2),,,,,,1,1,2026,2026,0
10652,7399055985234857114,Ameli Paul,,,,,,1,1,2023,2023,0
10653,1602581683711832644,Arutani,,,,,,1,1,2023,2023,0
10654,6433528833969616416,KAT (7),,,,,,1,1,2023,2023,0
10655,7351463815997053009,Solatic,,,,,,1,1,2023,2023,0
10656,1059422045104679552,Thommie G,,,,,,1,2,2023,2024,1
10657,6835255288071436736,Lanoche,,,,,,1,1,2024,2024,0
10658,5765375084062930478,igōr,,,,,,1,1,2024,2024,0
10659,7725013233303841613,IN2POL,,,,,,1,1,2026,2026,0
10660,6902844561931468429,Owain K,,,,,,1,2,2025,2026,1
10661,8373700555490570077,Filippo MSM,,,,,,1,1,2025,2025,0
10662,2181527927311648517,Goose (3),,,,,,1,2,2025,2026,1
10663,8214772668253117815,Fergus Sweetland,,,,,,1,1,2026,2026,0
10664,4492876451233947828,Leniart,,,,,,1,1,2026,2026,0
10665,2818347491261567829,Metrapha,,,,,,1,1,2026,2026,0
10666,3485777158660438292,Deceit,,,,,,1,1,2026,2026,0
10667,7392069788670934715,Fuentes-Guerra,,,,,,1,1,2026,2026,0
10668,4389459667442713217,Juanito Jones,,,,,,1,1,2026,2026,0
10669,7088889183892884516,Johan (PT),,,,,,1,1,2026,2026,0
10670,4825623770789805855,Imberbe,,,,,,1,1,2026,2026,0
10671,5423394846493873844,Radio Marrakech,,,,,,1,1,2025,2025,0
10672,5013869009279949103,Sobek,,,,,,1,1,2025,2025,0
10673,7290960479397014800,Brown,,,,,,1,1,2025,2025,0
10674,4185681825552746594,oqbqbo,,,,,,1,1,2024,2024,0
10675,7490153489311387728,Alphy,,,,,,1,1,2025,2025,0
10676,4956361014459896925,Schmutz,,,,,,1,4,2015,2021,6
10677,802555341113577397,Psycatron,,,,,,1,2,2016,2016,0
10678,8410093141130656578,Big City Harmonics,,,,,,1,1,2016,2016,0
10679,2500463606441330107,Ryan Vail,,,,,,1,2,2017,2018,1
10680,5751106276699121673,Paragon,,,,,,1,1,2017,2017,0
10681,5300749049596739470,Misfit DJs,,,,,,1,1,2017,2017,0
10682,2978379923559668785,Cait,,,,,,1,2,2019,2021,2
10683,3609745458864745374,Cartin,,,,,,1,5,2021,2026,5
10684,6485411311049922790,Moodtrax,,,,,,1,2,2021,2022,1
10685,1313615322462856590,Hannah (1),,,,,,1,7,2022,2026,4
10686,7077707888245908111,New Dad,,,,,,1,1,2022,2022,0
10687,7338167687267817125,Tommy,,,,,,1,1,2022,2022,0
10688,567216766228727510,Sophie (2),,,,,,1,4,2024,2026,2
10689,2895338467448261626,HAZE DJs,,,,,,1,2,2024,2025,1
10690,2931354523279711058,Sam Girling,,,,,,1,1,2026,2026,0
10691,9147101471669909554,More Gain,,,,,,1,1,2026,2026,0
10692,1126806050709774365,ODESZA,,,,,,1,1,2018,2018,0
10693,7859679645617721179,La Femme,,,,,,1,1,2018,2018,0
10694,7663350439188863282,Borokov Borokov,,,,,,1,1,2019,2019,0
10695,3537253061841626936,Working Titles,,,,,,2,2,2019,2019,0
10696,5811811735615600984,Sam Akers,,,,,,1,1,2024,2024,0
10697,7619212496524095837,Domenic Cappello,,,,,,1,1,2026,2026,0
10698,7368866081937974963,Daniel Sanchez,Netherlands,Amsterdam,REGIONAL,,,2,3,2008,2012,4
10699,2458179974470344057,Eric de Man,,,,,,1,1,2010,2010,0
10700,7050390180349119052,Aura One,,,,,,1,1,2016,2016,0
10701,7317506874639286927,Kalrec,,,,,,1,1,2018,2018,0
10702,8855863319947826013,Doris Nicholas,,,,,,1,3,2019,2022,3
10703,3185826280693427972,Automaticamore,,,,,,1,1,2019,2019,0
10704,3237113545313188531,Fractions,,,,,,1,2,2021,2022,1
10705,6431136488358780705,Leo and Tomas,,,,,,1,1,2023,2023,0
10706,3288295980632430959,IRIDE,,,,,,1,1,2026,2026,0
10707,4611663884810345222,DJ Jese,,,,,,1,2,2019,2022,3
10708,8342041584864002740,Hanna Ojanen,,,,,,1,4,2019,2025,6
10709,5567264914649439547,LARA SILVA,,,,,,1,2,2019,2026,7
10710,2859365161141684860,Carlina Carpelan,,,,,,1,1,2022,2022,0
10711,3379668235094297049,Fredfades,,,,,,1,1,2022,2022,0
10712,2991280659160665933,KOFU,,,,,,1,2,2025,2026,1
10713,2817974609909026524,Tony Rohr,United States of America,New York City,REGIONAL,,,1,1,2006,2006,0
10714,3422286153602110290,Lauhaus,Netherlands,Amsterdam,REGIONAL,,,1,2,2006,2008,2
10715,4806602446429268210,Marco Rane,Netherlands,All,REGIONAL,,,1,1,2008,2008,0
10716,1646744887112314097,Pepo,Bulgaria,All,REGIONAL,,,1,1,2008,2008,0
10717,5984493276853307005,Misstress Barbara,Canada,Montreal,REGIONAL,,,1,1,2009,2009,0
10718,8110754901996920713,Fernanda Martins,Brazil,All,TOP1000,,,1,4,2010,2015,5
10719,2369649354955525326,DJ Surgeles,Netherlands,All,REGIONAL,,,1,1,2011,2011,0
10720,9028997347184979336,Specker,Netherlands,Amsterdam,REGIONAL,,,1,1,2011,2011,0
10721,1214241697278884987,Rino Cerrone,Italy,South,REGIONAL,,,1,1,2012,2012,0
10722,8341239782762439988,ME.N.U.,North Macedonia,All,REGIONAL,,,1,2,2013,2013,0
10723,3872359802806710065,Jon Rundell,United Kingdom,London,REGIONAL,,,1,2,2014,2018,4
10724,4124643657798429647,Mr. Jones,United Kingdom,North,REGIONAL,,,1,1,2015,2015,0
10725,453977697246042563,Headstrong,United Kingdom,Glasgow,REGIONAL,,,1,1,2018,2018,0
10726,2026226156972583398,Lucas Bergen,,,,,,1,1,2025,2025,0
10727,7818004006177177002,Easttown,Netherlands,Amsterdam,REGIONAL,,,1,1,2026,2026,0
10728,2662427415426039366,Red Rooms,Germany,Berlin,REGIONAL,,,1,1,2025,2025,0
10729,7749578208952532692,VIL (PT),Portugal,Lisbon,REGIONAL,,,1,1,2026,2026,0
10730,3775620534417827550,JSPRV35,Netherlands,Amsterdam,REGIONAL,,,1,1,2026,2026,0
10731,323387027410635088,Simon Weiss,Netherlands,Amsterdam,REGIONAL,,,3,3,2012,2017,5
10732,7484196378173580446,Jan van Kampen,Netherlands,Amsterdam,REGIONAL,,,5,33,2007,2017,10
10733,42681553706255689,Victor Coral,Netherlands,Amsterdam,REGIONAL,,,2,4,2012,2012,0
10734,6626571729043605635,Boddika,United Kingdom,London,TOP1000,,,7,23,2011,2016,5
10735,1938638773959566016,Metro Area,United States of America,New Jersey,REGIONAL,,,6,8,2011,2018,7
10736,4146976331562097361,Soul Clap,United States of America,Massachusetts,TOP1000,,,6,8,2011,2015,4
10737,4362078027951465066,Tale Of Us,Italy,North,TOP1000,,,14,40,2013,2024,11
10738,5585832201787012298,Midland,United Kingdom,London,TOP1000,,,33,104,2011,2026,15
10739,3830885950047088427,Lena Willikens,Germany,Cologne,TOP1000,,,23,57,2015,2026,11
10740,8946165777168037933,Orpheu The Wizard,Netherlands,Amsterdam,TOP1000,,,18,51,2013,2026,13
10741,7303848414706516676,Leon Vynehall,United Kingdom,London,TOP1000,,,23,51,2012,2026,14
10742,6808508569890340205,Konstantin,Germany,Jena,TOP1000,,,13,19,2015,2026,11
10743,8890415046941726726,Ebo Taylor,Ghana,All,REGIONAL,,,4,4,2014,2024,10
10744,3130786906413541154,Roza Terenzi,Australia,Melbourne,TOP1000,,,34,79,2019,2026,7
10745,2762088450848495416,Call Super,United Kingdom,London,TOP1000,,,39,112,2015,2026,11
10746,5565208727117656001,Domenique Dumont,France,Paris,REGIONAL,,,3,3,2016,2026,10
10747,7793732426602889451,Orlando Julius,Nigeria,All,REGIONAL,,,2,2,2019,2019,0
10748,3861784612622477367,Zozo,Turkey,Istanbul,TOP1000,,,6,10,2018,2023,5
10749,3327960396596163210,Cinema Royale,Netherlands,Amsterdam,REGIONAL,,,4,12,2013,2024,11
10750,6385614628172395576,Meetsysteem,Netherlands,Amsterdam,REGIONAL,,,7,14,2019,2026,7
10751,7717859491932419351,Rey Colino,Belgium,Brussels,REGIONAL,,,14,27,2020,2026,6
10752,2279119066381479280,Sekan,Netherlands,Amsterdam,REGIONAL,,,4,5,2020,2024,4
10753,5014281576970722127,Anz,United Kingdom,Manchester,REGIONAL,,,16,36,2021,2026,5
10754,3433887968127057473,Guenter Råler,Italy,Central,REGIONAL,,,3,4,2022,2023,1
10755,2848057306867974339,Otim Alpha,Uganda,All,REGIONAL,,,2,2,2022,2022,0
10756,1651718811634579034,Marie K (1),Netherlands,Rotterdam,REGIONAL,,,7,10,2023,2026,3
10757,4023262737786959593,BASHKKA,Germany,Munich,REGIONAL,,,35,48,2023,2026,3
10758,4429435129286369174,Chris Stussy,Netherlands,Amsterdam,REGIONAL,,,15,21,2018,2026,8
10759,5337945665346530093,Ineffekt,Netherlands,All,REGIONAL,,,12,19,2023,2026,3
10760,5192745632709030157,Jensen Interceptor,Germany,Berlin,TOP1000,,,12,21,2019,2026,7
10761,1212389100354773728,Naomi (Berlin),,,REGIONAL,,,2,2,2026,2026,0
10762,6097553695600320462,Rozaly,Curacao,All,REGIONAL,,,6,15,2022,2026,4
10763,6516505573608440374,Sigha,United Kingdom,London,TOP1000,,,7,9,2012,2019,7
10764,3210504730147822795,Deg,Belgium,Brussels,REGIONAL,,,1,1,2017,2017,0
10765,7505934827847799183,Afriqua,United States of America,Virginia,REGIONAL,,,3,4,2017,2022,5
10766,1992490493657620806,Border One,Belgium,All,REGIONAL,,,4,10,2022,2026,4
10767,3932812082750027080,De Niro,Italy,North,REGIONAL,,,4,4,2022,2023,1
10768,7331074991109429561,DJ Stingray 313,United States of America,Detroit,TOP1000,,,20,39,2021,2026,5
10769,1435892671992417300,Méni,Belgium,All,REGIONAL,,,6,11,2017,2026,9
10770,2463757326850193968,Rhyw,United Kingdom,London,REGIONAL,,,5,6,2022,2026,4
10771,8760688109364921736,Kr!z,Belgium,All,TOP1000,,,4,7,2018,2025,7
10772,1183598031215463619,Zouzibabe,Belgium,Brussels,REGIONAL,,,8,19,2022,2026,4
10773,954047536624753396,Cinthie,Germany,Berlin,TOP1000,,,16,22,2018,2026,8
10774,3660085083495301964,Ben Klock,Germany,Berlin,TOP1000,,,24,96,2010,2026,16
10775,553470683172250191,Héctor Oaks,Spain,Madrid,TOP1000,,,19,34,2019,2026,7
10776,3368417094185546958,Mama Snake,Denmark,All,TOP1000,,,20,44,2018,2026,8
10777,1751255006030599164,Cleveland,Luxembourg,All,REGIONAL,,,5,8,2018,2024,6
10778,1710013312233502649,Daniel[i],Germany,North Rhine-Westphalia,REGIONAL,,,1,1,2025,2025,0
10779,1982137807826592251,Fenrick,Belgium,Brussels,REGIONAL,,,7,9,2024,2026,2
10780,8656308712700081525,Yogg,,,REGIONAL,,,2,2,2019,2025,6
10781,4092218692547574062,Kuba'97,Belgium,Brussels,REGIONAL,,,4,9,2023,2026,3
10782,5297158153623602239,Supergloss,Germany,Berlin,REGIONAL,,,4,7,2024,2026,2
10783,8707222156475034087,su:zy,Belgium,Brussels,REGIONAL,,,3,3,2026,2026,0
10784,4663856119613986696,Tikiman,Dominica,All,REGIONAL,,,12,20,2010,2026,16
10785,2077375424369828152,basic chanel,United Kingdom,London,REGIONAL,,,6,7,2025,2026,1
10786,7874707805570785656,deep creep,United States of America,Austin,REGIONAL,,,3,3,2024,2026,2
10787,3365042690225622876,Israfil,France,Marseille,REGIONAL,,,2,2,2022,2026,4
10788,6945367206185903065,Officium,France,Marseille,REGIONAL,,,2,2,2025,2026,1
10789,39815337527929582,Roulita,France,Paris,REGIONAL,,,3,3,2026,2026,0
10790,5386929447046005339,Bako.,Germany,Hannover,REGIONAL,,,1,2,2024,2025,1
10791,4286510909802214079,Cap,Romania,Bucharest,REGIONAL,,,6,8,2019,2026,7
10792,7771232382441635634,Carlos Willengton,Spain,Barcelona,REGIONAL,,,2,4,2023,2026,3
10793,8733980097546413189,David Hornung,Germany,Munich,REGIONAL,,,2,4,2025,2026,1
10794,6110203026038375590,DJ Rino,Belgium,Brussels,REGIONAL,,,8,14,2022,2026,4
10795,2192018053079636820,Irene Kimova,Russia,Saint Petersburg,REGIONAL,,,1,2,2025,2026,1
10796,7527067785034082226,Jonn,Greece,All,REGIONAL,,,1,2,2025,2026,1
10797,7896857488769455982,MAN WITH THE SPEAKER,Greece,Athens,REGIONAL,,,1,2,2025,2026,1
10798,4972596696440753318,Oshana,United States of America,Ohio,TOP1000,,,4,5,2019,2026,7
10799,1128648392894609272,Vass,United Kingdom,London,REGIONAL,,,4,5,2024,2025,1
10800,2186866902095684694,DJ Tjizza,Germany,Berlin,REGIONAL,,,5,8,2023,2026,3
10801,8048111881940215388,Random B,France,South West,REGIONAL,,,1,1,2025,2025,0
10802,7060167521691515111,Bambi-S,Germany,Berlin,REGIONAL,,,2,2,2026,2026,0
10803,7685371255005343034,Clovis,Germany,Berlin,REGIONAL,,,3,3,2023,2026,3
10804,5404655472431520569,Dana Ruh,Germany,Berlin,TOP1000,,,7,8,2013,2026,13
10805,7479884246542868497,Dr Banana,United Kingdom,London,REGIONAL,,,28,88,2021,2026,5
10806,8770455480254774422,Filipa Lazary,Spain,Ibiza,REGIONAL,,,2,2,2022,2026,4
10807,3284492559057668908,SALIMATA,Germany,Berlin,REGIONAL,,,1,1,2026,2026,0
10808,3784866836707815814,Sibil (1),France,North,REGIONAL,,,7,11,2023,2026,3
10809,127270672610199619,DJ Butterhands,Spain,Barcelona,REGIONAL,,,1,1,2026,2026,0
10810,6733502175838922399,Xarbi,Germany,Leipzig,REGIONAL,,,1,1,2026,2026,0
10811,7892694666533403815,Secretsundaze,United Kingdom,London,REGIONAL,,,9,26,2016,2026,10
10812,2914121369336602749,Spacerenzo,Italy,North,REGIONAL,,,1,1,2017,2017,0
10813,6922002934267653924,Social Kids,Italy,Central,REGIONAL,,,1,2,2017,2017,0
10814,3978021480563857662,Dan Shake,United Kingdom,London,REGIONAL,,,27,67,2014,2026,12
10815,6230423284773383207,The Camels,Italy,Central,REGIONAL,,,1,2,2019,2022,3
10816,8689677299599040505,Myd,France,North,REGIONAL,,,8,14,2021,2026,5
10817,8827707951449708296,ATRIP,Germany,Bavaria,REGIONAL,,,6,7,2023,2026,3
10818,3418224527042004539,Mr Scruff,United Kingdom,North,REGIONAL,,,19,42,2011,2026,15
10819,590898084940540948,Storm Mollison,United Kingdom,London,REGIONAL,,,5,8,2022,2026,4
10820,887249831858206260,Ivory,Italy,Milan,REGIONAL,,,2,2,2023,2026,3
10821,1012213361842600841,LÜNA,France,French Riviera,REGIONAL,,,1,4,2023,2026,3
10822,5606183064492508369,RAMMÖ,Netherlands,Amsterdam,REGIONAL,,,1,1,2026,2026,0
10823,8624277154460927431,Liquid Ross,United Kingdom,London,REGIONAL,,,1,2,2015,2016,1
10824,4836624751909432402,Banco De Gaia,United Kingdom,South + East,REGIONAL,,,1,1,2016,2016,0
10825,2012103129351198901,Dataline,Sweden,All,REGIONAL,,,1,1,2016,2016,0
10826,2654061291306837138,Pavel Ambiont,Belarus,All,REGIONAL,,,1,1,2016,2016,0
10827,4767355056720524026,Andro,United Kingdom,North,REGIONAL,,,1,1,2016,2016,0
10828,3267904976003081256,Mondowski,United Kingdom,London,REGIONAL,,,1,1,2017,2017,0
10829,8330904946626008654,Junto Club,United Kingdom,Glasgow,REGIONAL,,,1,1,2017,2017,0
10830,537212714577604035,Patricia Kokett,Lithuania,All,REGIONAL,,,1,4,2018,2022,4
10831,5943796724763171827,Vainqueur,Germany,Berlin,REGIONAL,,,1,1,2018,2018,0
10832,1373910558164479286,zvh,Germany,Berlin,REGIONAL,,,1,3,2018,2019,1
10833,2936991440411589409,Cabaret Nocturne,Belgium,All,REGIONAL,,,1,1,2018,2018,0
10834,8682164346423490629,HAPE,Estonia,All,REGIONAL,,,1,1,2018,2018,0
10835,6565317249245974328,Peter Broderick,United States of America,Portland,REGIONAL,,,1,1,2019,2019,0
10836,5776634709098161787,Vladas Dieninis,Lithuania,All,REGIONAL,,,1,1,2019,2019,0
10837,2396139783513383481,Nikita von Tiraspol,Germany,Saxony,REGIONAL,,,1,2,2022,2022,0
10838,1132061316555421853,Scope,United Kingdom,London,REGIONAL,,,1,1,2022,2022,0
10839,2471840893750088989,Clicklounge,Lithuania,All,REGIONAL,,,1,1,2022,2022,0
10840,6852197265756952882,SKD (2),Latvia,All,REGIONAL,,,1,1,2022,2022,0
10841,4182016824964696203,Sirena,Netherlands,Amsterdam,REGIONAL,,,1,1,2022,2022,0
10842,2262322340255216400,Extrawelt,Germany,Hamburg,TOP1000,,,10,25,2012,2026,14
10843,98840486589715383,Rival Consoles,United Kingdom,London,REGIONAL,,,5,5,2018,2024,6
10844,822419772210793860,Slikback,Kenya,All,REGIONAL,,,5,6,2019,2026,7
10845,6244518504629808268,ZSÁGER BALÁZS,Hungary,Budapest,REGIONAL,,,1,1,2023,2023,0
10846,5780963440907865645,Route 8,Hungary,All,TOP1000,,,2,2,2017,2023,6
10847,6115497217763930450,Subotage,Hungary,Budapest,REGIONAL,,,1,4,2023,2026,3
10848,6368267797301051548,Switch Nollie,Hungary,All,REGIONAL,,,1,2,2023,2024,1
10849,6853894578651573085,Frequency Shifter,Georgia,Tbilisi,REGIONAL,,,1,1,2024,2024,0
10850,3488321387742309181,Katamii,Hungary,Budapest,REGIONAL,,,1,1,2024,2024,0
10851,8797556921614012150,AKA HEX,Switzerland,All,REGIONAL,,,1,1,2025,2025,0
10852,177399100673105397,u.r.trax,France,Paris,REGIONAL,,,8,9,2022,2025,3
10853,8358805436941286749,ÜBERKIKZ,Russia,Rest of Russia,REGIONAL,,,8,8,2025,2026,1
10854,8894607486795162015,Feral,Italy,Rome,REGIONAL,,,5,8,2023,2026,3
10855,6651657979019037176,Woody92,Netherlands,The Hague,REGIONAL,,,8,24,2020,2026,6
10856,4549510957875196952,Kiuz,Iran,All,REGIONAL,,,1,1,2026,2026,0
10857,681991340867741902,Chrissy,United States of America,Chicago,REGIONAL,,,2,3,2017,2023,6
10858,6293965726436603896,Jimmy Rouge,Ireland,Dublin,REGIONAL,,,1,1,2018,2018,0
10859,5290084836008802810,Georgeous,Spain,Madrid,REGIONAL,,,1,1,2018,2018,0
10860,7104179765648089166,Favsto,Spain,East,REGIONAL,,,1,1,2018,2018,0
10861,7538258090043983901,Edu Imbernon,Spain,East,TOP1000,,,3,12,2016,2025,9
10862,2939173137158523627,Five Points,Spain,East,REGIONAL,,,1,2,2019,2020,1
10863,6674220686309112943,Dorian Paic,Germany,Berlin,TOP1000,,,4,8,2012,2026,14
10864,6377970086889965392,Manchon,Spain,East,REGIONAL,,,1,3,2023,2025,2
10865,3460350158667825820,Malika,Morocco,All,REGIONAL,,,13,21,2022,2026,4
10866,6523288863091363151,Bruno Schmidt,United Kingdom,North,REGIONAL,,,7,11,2011,2026,15
10867,1551317259255406424,Tomas Station,Colombia,Bogotá,REGIONAL,,,8,22,2019,2026,7
10868,7020054266193138967,Momo Trosman,Argentina,All,REGIONAL,,,1,1,2025,2025,0
10869,8742335583565072160,Rasho,,,REGIONAL,,,2,5,2023,2025,2
10870,6122241659739924696,DJ Gamba,Spain,Barcelona,REGIONAL,,,1,1,2025,2025,0
10871,2376510350715602278,JJ Beteta,Peru,All,REGIONAL,,,1,1,2025,2025,0
10872,2691113056077441147,Hazr,United Kingdom,London,REGIONAL,,,4,8,2023,2025,2
10873,3275305352204937920,Alexander Skancke,Norway,All,REGIONAL,,,4,4,2024,2026,2
10874,537798634527924460,Cinema Paradisco,Mexico,Mexico City,REGIONAL,,,1,1,2026,2026,0
10875,8361855447937465943,Eli Kapowski,Spain,Barcelona,REGIONAL,,,2,2,2025,2026,1
10876,4804259361047032438,Jamaimoi,France,Paris,REGIONAL,,,1,1,2026,2026,0
10877,3110193714654689635,Maxime dB,,,REGIONAL,,,2,2,2025,2026,1
10878,2160411824670377812,Jaume Serena,Spain,Barcelona,REGIONAL,,,1,1,2026,2026,0
10879,89145060404781830,Hervé,Netherlands,Amsterdam,REGIONAL,,,3,4,2025,2026,1
10880,5256080528542238587,Laurent Garnier,France,South West,TOP1000,,,14,61,2007,2026,19
10881,1957267265934903213,Calvin Harris,United Kingdom,Scotland,REGIONAL,,,1,1,2007,2007,0
10882,4034391123231604008,Jake the Rapper,Germany,Berlin,REGIONAL,,,1,1,2007,2007,0
10883,6968625583045026914,Mark Ronson,United Kingdom,London,REGIONAL,,,1,1,2007,2007,0
10884,1816817905947590613,Benga,United Kingdom,London,REGIONAL,,,7,10,2008,2026,18
10885,444615356376464732,Deadmau5,Canada,Toronto,REGIONAL,,,2,3,2008,2025,17
10886,4852244648686080913,autoKratz,United Kingdom,London,REGIONAL,,,1,1,2008,2008,0
10887,944657918411707246,Bloc Party,United Kingdom,London,REGIONAL,,,1,2,2009,2012,3
10888,4818531536656476459,DJ Koze,Germany,Hamburg,TOP1000,,,16,38,2009,2026,17
10889,6406383766325731383,Drums Of Death,United Kingdom,Scotland,REGIONAL,,,2,2,2009,2013,4
10890,6181821363010976111,Speedy J,Netherlands,Amsterdam,TOP1000,,,13,35,2009,2026,17
10891,2154945119039049933,Vitalic,France,Paris,TOP1000,,,6,14,2009,2025,16
10892,831584108306302814,Crookers,Italy,Central,REGIONAL,,,2,3,2009,2011,2
10893,8555100252233875767,Dorian Concept,Austria,All,REGIONAL,,,4,4,2010,2017,7
10894,6511469972017728583,Breakage,United Kingdom,London,REGIONAL,,,5,15,2009,2026,17
10895,7446947136531471736,Bad Lieutenant,United States of America,Boston,REGIONAL,,,1,1,2010,2010,0
10896,7075355059737065212,Walls,United Kingdom,London,REGIONAL,,,2,2,2010,2011,1
10897,1490770950581416648,Schlachthofbronx,Germany,Munich,REGIONAL,,,2,3,2010,2011,1
10898,5262231383434836795,Ed Rush,United Kingdom,London,TOP1000,,,1,1,2010,2010,0
10899,8574495893658024755,The DJ Producer,United Kingdom,West + Wales,REGIONAL,,,3,5,2010,2025,15
10900,7450923258845009714,Stripes,United Kingdom,London,REGIONAL,,,1,1,2010,2010,0
10901,2799168859267989815,Aphex Twin,United Kingdom,South + East,TOP1000,,,1,1,2011,2011,0
10902,4415833239359577415,Drop The Lime,United States of America,New York City,REGIONAL,,,1,1,2011,2011,0
10903,3115536665007878151,Ghostpoet,United Kingdom,London,REGIONAL,,,3,4,2011,2015,4
10904,7288629988346139342,Lady Aida,Netherlands,Eindhoven,REGIONAL,,,2,2,2011,2012,1
10905,5948167353041730823,DJ+,Netherlands,Amsterdam,REGIONAL,,,1,1,2012,2012,0
10906,2961083701814396071,Bonobo,United States of America,California,TOP1000,,,11,27,2012,2025,13
10907,6586926878198532787,Bat for Lashes,United Kingdom,London,REGIONAL,,,1,1,2013,2013,0
10908,810348956472262816,Araabmuzik,United States of America,Rhode Island,REGIONAL,,,2,2,2013,2015,2
10909,2133532481706978439,AlunaGeorge,United Kingdom,London,REGIONAL,,,3,4,2013,2013,0
10910,906377384801935104,Andy C,United Kingdom,London,TOP1000,,,5,9,2013,2025,12
10911,7800684392237814902,Weval,Netherlands,Amsterdam,REGIONAL,,,7,20,2014,2026,12
10912,8453655950081811600,Future Islands,United States of America,Alabama,REGIONAL,,,1,1,2017,2017,0
10913,1496795996428817327,Sampha,United Kingdom,London,REGIONAL,,,3,3,2017,2018,1
10914,3598130452265557465,Tash,Greece,All,REGIONAL,,,1,2,2017,2020,3
10915,1864784790338436642,Cubicolor,Netherlands,Amsterdam,REGIONAL,,,4,4,2017,2019,2
10916,8536822876383113063,Amenra,Netherlands,Amsterdam,REGIONAL,,,1,1,2018,2018,0
10917,4105631163300448916,Cinnamint,Bulgaria,All,REGIONAL,,,1,1,2022,2022,0
10918,6302261863192877707,ERIS,Germany,Berlin,REGIONAL,,,6,6,2022,2025,3
10919,1100192703871882266,Errorbeauty,Bulgaria,All,REGIONAL,,,1,1,2022,2022,0
10920,9065494399853519256,Mario Milev,Bulgaria,All,REGIONAL,,,1,3,2022,2025,3
10921,723841370927244646,Clipper,Bulgaria,All,REGIONAL,,,1,1,2023,2023,0
10922,9029224019316358674,Radioactive Man,United Kingdom,London,REGIONAL,,,13,28,2015,2026,11
10923,7476190394883501464,The Hacker,France,Paris,TOP1000,,,11,24,2006,2026,20
10924,6012054240005321466,Gilles Peterson,United Kingdom,London,TOP1000,,,11,34,2008,2026,18
10925,7841149012667504086,Foreign Beggars,United Kingdom,London,REGIONAL,,,3,5,2008,2012,4
10926,3967595556133852233,Digital Mystikz,United Kingdom,London,REGIONAL,,,8,21,2007,2024,17
10927,6291603700360819968,Youngsta,United Kingdom,London,TOP1000,,,1,21,2008,2026,18
10928,523386056188703647,Headhunter,United Kingdom,West + Wales,REGIONAL,,,1,7,2008,2019,11
10929,7509358708929630286,Kidkanevil,United Kingdom,London,REGIONAL,,,1,3,2008,2012,4
10930,2837738940385259507,P45,United Kingdom,London,REGIONAL,,,1,1,2009,2009,0
10931,2847201031932855909,DJ Zinc,United Kingdom,London,TOP1000,,,3,7,2010,2019,9
10932,3600919254163994544,Sukh Knight,United Kingdom,London,REGIONAL,,,1,11,2010,2024,14
10933,7677648340461568215,RacknRuin,United Kingdom,London,REGIONAL,,,1,4,2010,2010,0
10934,398737581858199711,Rustie,United Kingdom,Scotland,REGIONAL,,,2,2,2011,2014,3
10935,3564349372991312903,MistaJam,United Kingdom,London,REGIONAL,,,1,1,2011,2011,0
10936,5971461567299655620,Ant TC1,United Kingdom,North,REGIONAL,,,3,26,2011,2026,15
10937,4099428359952518974,Doc Daneeka,France,Paris,REGIONAL,,,4,4,2011,2018,7
10938,2696706311583841788,Juakali,United States of America,New York City,REGIONAL,,,1,1,2011,2011,0
10939,1104322688942903614,Huxley,United Kingdom,London,TOP1000,,,5,9,2012,2016,4
10940,4092493629333068823,Loxy,United Kingdom,London,REGIONAL,,,2,9,2012,2026,14
10941,6698095398906805525,Nick Cobby,United Kingdom,London,REGIONAL,,,3,7,2012,2019,7
10942,5703051461846599383,Fatima,United Kingdom,London,TOP1000,,,5,16,2012,2022,10
10943,3569661696945584440,David Martin,United Kingdom,London,REGIONAL,,,2,11,2012,2025,13
10944,1362483645446720113,Phaeleh,United Kingdom,South + East,REGIONAL,,,2,4,2012,2025,13
10945,4376468290391930095,Tunnidge,United Kingdom,London,REGIONAL,,,1,2,2012,2016,4
10946,6796490449960921106,Mensah,United Kingdom,West + Wales,REGIONAL,,,1,1,2012,2012,0
10947,2886096694474109081,Jubei,United Kingdom,London,REGIONAL,,,3,6,2012,2025,13
10948,7179820429035457796,Jacky Murda,United Kingdom,London,REGIONAL,,,1,2,2012,2015,3
10949,7584350040820423788,Rich Reason,United Kingdom,Manchester,REGIONAL,,,3,16,2012,2026,14
10950,276325696163894805,LTJ Bukem,United Kingdom,London,TOP1000,,,9,19,2013,2026,13
10951,1876402982566419372,DJ Die,United Kingdom,London,REGIONAL,,,5,11,2013,2025,12
10952,2786751071094367828,Fracture,United Kingdom,London,REGIONAL,,,5,7,2013,2025,12
10953,9151819363337749434,Wilfred,United Kingdom,Manchester,REGIONAL,,,1,1,2014,2014,0
10954,2959252652447524539,Gantz,Turkey,All,REGIONAL,,,1,4,2014,2018,4
10955,7849603240364892212,Bondax,United Kingdom,North,REGIONAL,,,4,7,2012,2024,12
10956,3043749141334249389,Distro,United Kingdom,Midlands,REGIONAL,,,1,1,2014,2014,0
10957,8060089038639077513,Seven Davis Jr,United States of America,California,REGIONAL,,,4,7,2014,2016,2
10958,7949640201393076880,Om Unit,United Kingdom,Bristol,TOP1000,,,15,27,2013,2026,13
10959,8404194527969902666,Foreign Concept,United Kingdom,South + East,REGIONAL,,,1,2,2015,2019,4
10960,46031410500895787,Catching Flies,United Kingdom,London,REGIONAL,,,4,4,2015,2025,10
10961,131069418871948511,Kahn,United Kingdom,West + Wales,REGIONAL,,,4,12,2016,2026,10
10962,9120375677712512926,Anna Morgan,United States of America,New York City,REGIONAL,,,2,4,2016,2019,3
10963,3924026926983168020,Visionobi,United Kingdom,London,REGIONAL,,,2,8,2015,2019,4
10964,2547452392622879635,Dave Stuart,Australia,Sydney,REGIONAL,,,1,1,2016,2016,0
10965,8897590876520941848,Sir Spyro,United Kingdom,London,REGIONAL,,,2,7,2017,2026,9
10966,7519369195711336637,GQ,United States of America,Ohio,REGIONAL,,,3,5,2017,2018,1
10967,822410475259733296,Taiko,United Kingdom,North,REGIONAL,,,1,2,2018,2021,3
10968,1652533697842380452,Spooky,United Kingdom,London,REGIONAL,,,1,4,2018,2024,6
10969,7846137911205001127,Grandmixxer,United Kingdom,London,REGIONAL,,,1,4,2018,2024,6
10970,4429712698939409981,E3,United States of America,Colorado,REGIONAL,,,1,2,2018,2018,0
10971,6714170204660735861,Silas,,,,,,2,2,2014,2018,4
10972,5252293456196405331,Jumping Jack Frost,United Kingdom,London,REGIONAL,,,2,5,2018,2023,5
10973,5120236098731746738,DLR,United Kingdom,West + Wales,REGIONAL,,,1,9,2018,2023,5
10974,3457831076640243741,Artificial Intelligence,United Kingdom,London,REGIONAL,,,1,4,2018,2021,3
10975,4286533931887693269,Filip Motovunski,Croatia,All,REGIONAL,,,1,3,2018,2022,4
10976,3707183419869815325,Trends,United Kingdom,Midlands,REGIONAL,,,1,3,2018,2023,5
10977,4934392481541287352,Holy Goof,United Kingdom,London,REGIONAL,,,3,5,2016,2019,3
10978,7717746901166511394,Amoss,United Kingdom,West + Wales,REGIONAL,,,3,4,2017,2024,7
10979,6962352561073963684,Mungo's Hi Fi,United Kingdom,Scotland,REGIONAL,,,2,6,2014,2025,11
10980,3665481696285660710,Coco Bryce,Netherlands,All,REGIONAL,,,8,12,2019,2024,5
10981,3645429461557915912,Jossy Mitsu,United Kingdom,Midlands,REGIONAL,,,15,23,2019,2026,7
10982,8331932006787904126,Horsepower Productions,United Kingdom,London,REGIONAL,,,2,3,2020,2026,6
10983,8074031434440419819,Mind Of A Dragon,United Kingdom,London,REGIONAL,,,2,2,2019,2020,1
10984,7630933460361441251,Jamz Supernova,United Kingdom,London,REGIONAL,,,12,27,2018,2026,8
10985,1756041989758712529,DIGITAL,Russia,Moscow,REGIONAL,,,1,1,2021,2021,0
10986,8038768431259196548,Sharda,United Kingdom,London,REGIONAL,,,2,3,2021,2022,1
10987,4276997755485170619,Igno,Paraguay,All,REGIONAL,,,1,1,2021,2021,0
10988,2188786911508311826,Ynez,Croatia,All,REGIONAL,,,1,3,2021,2023,2
10989,2031693271125757858,makh,Ukraine,All,REGIONAL,,,1,1,2022,2022,0
10990,1110218115816830124,DUKU,United Kingdom,London,REGIONAL,,,1,4,2022,2025,3
10991,538926231663236394,Von D,France,Paris,REGIONAL,,,1,1,2022,2022,0
10992,6506178711340675340,Yung Singh,United Kingdom,London,REGIONAL,,,17,32,2021,2026,5
10993,5658358282985395272,Hollie-May,United Kingdom,West + Wales,REGIONAL,,,2,2,2019,2022,3
10994,4266101469838725673,4am Kru,United Kingdom,London,REGIONAL,,,8,11,2023,2026,3
10995,8239733592915213733,Interplanetary Criminal,United Kingdom,Manchester,REGIONAL,,,24,31,2022,2026,4
10996,4687215592068983740,MC Gusto,United Kingdom,London,REGIONAL,,,1,1,2023,2023,0
10997,360822073536475987,Nala Brown,Netherlands,Rotterdam,REGIONAL,,,9,15,2022,2026,4
10998,8259185762949869108,Nikki Nair,United States of America,Tennessee,REGIONAL,,,7,10,2023,2026,3
10999,3939462016581207410,Philth,United Kingdom,London,REGIONAL,,,1,1,2023,2023,0
11000,6428075384708625471,Kornel,Hungary,All,REGIONAL,,,1,1,2023,2023,0
11001,5778342243849076772,DJ Perception,United Kingdom,London,REGIONAL,,,8,17,2021,2026,5
11002,8757530133033588970,DJ Stolen,United Kingdom,London,REGIONAL,,,2,2,2017,2024,7
11003,2697287383029564443,Ollie Rant,United Kingdom,London,REGIONAL,,,1,1,2024,2024,0
11004,3253889531719195014,yungfya,United Kingdom,London,REGIONAL,,,1,5,2024,2026,2
11005,2775933093081216305,Hermeneia,Poland,Warsaw,REGIONAL,,,2,2,2024,2025,1
11006,5493144951965942424,anke schön,Poland,All,REGIONAL,,,1,1,2024,2024,0
11007,1787846674835708579,Donna Leake,United Kingdom,London,TOP1000,,,18,38,2017,2026,9
11008,2882375736319473554,Dual Monitor,United Kingdom,London,REGIONAL,,,3,3,2024,2025,1
11009,4089105030026538717,VXRGO,United Kingdom,London,REGIONAL,,,1,2,2025,2026,1
11010,3520220955852723340,Miley Serious,France,Paris,TOP1000,,,8,9,2019,2026,7
11011,8876029918305685405,Prozak (IRL),Ireland,Dublin,REGIONAL,,,4,4,2024,2026,2
11012,2137971589468029521,Sorrow,United Kingdom,West + Wales,REGIONAL,,,1,1,2025,2025,0
11013,738109571919163132,Chrms,India,Mumbai,REGIONAL,,,1,1,2025,2025,0
11014,4058019522392914328,Flakes,Vietnam,All,REGIONAL,,,1,1,2025,2025,0
11015,6113901550080659475,Yami,Germany,Berlin,REGIONAL,,,1,2,2025,2026,1
11016,299710508302431790,Skillis,United Kingdom,Scotland,REGIONAL,,,1,1,2025,2025,0
11017,4056171040307440729,Rasa (IN),India,Other regions,REGIONAL,,,1,1,2025,2025,0
11018,7626962949203741469,Alfie Rrari,Malaysia,Kuala Lumpur,REGIONAL,,,1,1,2025,2025,0
11019,726689584373423782,MIA (MY),Malaysia,Kuala Lumpur,REGIONAL,,,1,1,2025,2025,0
11020,2322752126975714260,TASHASAN,Singapore,All,REGIONAL,,,1,1,2025,2025,0
11021,3913685974629421665,aya,United Kingdom,North,REGIONAL,,,6,6,2022,2026,4
11022,8531792351488770915,Betsy Mae,United Kingdom,London,REGIONAL,,,1,1,2026,2026,0
11023,4638548631886870207,Bugs Groove,United Kingdom,Manchester,REGIONAL,,,2,8,2021,2026,5
11024,1114464276082752992,JAZ IMSKY,United Kingdom,London,REGIONAL,,,2,2,2026,2026,0
11025,8149649481677991971,SKALA (UK),United Kingdom,London,REGIONAL,,,4,4,2025,2026,1
11026,3257942488406774613,Stones Taro,Japan,Kansai,REGIONAL,,,1,1,2026,2026,0
11027,6509021695633804994,Takuya Nakamura,Japan,Tokyo,REGIONAL,,,6,6,2025,2026,1
11028,4548865866531897641,Josi Devil,United Kingdom,Bristol,REGIONAL,,,1,1,2026,2026,0
11029,2318939862659347774,Bobby Finn,United Kingdom,London,REGIONAL,,,1,13,2017,2021,4
11030,8845344463424563309,Just Jam,United Kingdom,London,REGIONAL,,,4,12,2021,2026,5
11031,9098392521541361249,Vithz,Italy,Milan,REGIONAL,,,1,7,2021,2024,3
11032,7130434943871635617,Alessandro Miranda,United Kingdom,London,REGIONAL,,,1,1,2021,2021,0
11033,8161024661632944092,Inland Knights,United Kingdom,Midlands,REGIONAL,,,1,1,2023,2023,0
11034,8092770549761403488,Marlon Lopez,United Kingdom,London,REGIONAL,,,1,1,2023,2023,0
11035,473489701537924732,Mike Starr,United Kingdom,London,REGIONAL,,,2,2,2023,2026,3
11036,8235873909190142814,Jean Pierre,United States of America,New York City,REGIONAL,,,1,1,2023,2023,0
11037,2707962607515143054,Archie Hamilton,United Kingdom,London,TOP1000,,,10,35,2010,2025,15
11038,8486567611949425741,Noudle,United Kingdom,London,REGIONAL,,,1,1,2023,2023,0
11039,2019175467344265012,Automatic Writing,France,Paris,REGIONAL,,,1,1,2023,2023,0
11040,7406791207041890506,Brawther,France,Central,REGIONAL,,,6,8,2014,2025,11
11041,7301366788428387716,Bibi Seck,Belgium,Antwerp,REGIONAL,,,12,24,2021,2026,5
11042,2506514009698783610,James Lavelle,United Kingdom,London,REGIONAL,,,3,5,2020,2026,6
11043,3848715822867841391,Max Sinàl,United Kingdom,London,REGIONAL,,,1,3,2024,2026,2
11044,4537920048748417676,Jaden Thompson,United Kingdom,London,REGIONAL,,,3,8,2022,2026,4
11045,3439074082370176145,Jordan Peak,United Kingdom,South + East,REGIONAL,,,2,2,2025,2025,0
11046,6563142187585798903,Phill de Janeiro,Brazil,Rio de Janeiro,REGIONAL,,,7,13,2023,2026,3
11047,1712290016950461336,Trent Voyage,Ireland,All,REGIONAL,,,1,1,2025,2025,0
11048,9105557195519658210,Francesco Maddalena,Italy,North,REGIONAL,,,5,6,2021,2025,4
11049,4281848995827726097,Ryan Resso,United Kingdom,Midlands,REGIONAL,,,4,9,2024,2026,2
11050,1976836225506452559,Soul Divide,United Kingdom,South + East,REGIONAL,,,2,2,2025,2025,0
11051,2162698269069406553,Brian Smith,United Kingdom,London,REGIONAL,,,2,2,2025,2025,0
11052,1662253435417898650,Reece Batch,United Kingdom,London,REGIONAL,,,2,2,2025,2025,0
11053,6765919591163630287,Tommy Phillips,United Kingdom,Midlands,REGIONAL,,,4,5,2026,2026,0
11054,8286312554279832777,Alexandria,United Kingdom,Birmingham,REGIONAL,,,3,3,2025,2026,1
11055,1472290382995187228,Dennis Quin,Netherlands,Amsterdam,REGIONAL,,,4,18,2023,2026,3
11056,7386013124109500817,G CHASE,United Kingdom,London,REGIONAL,,,2,2,2026,2026,0
11057,1721538947858393381,jWave,United Kingdom,London,REGIONAL,,,3,3,2025,2026,1
11058,1111733368407418958,RSquared,United Kingdom,London,REGIONAL,,,3,3,2026,2026,0
11059,8336447788924182307,FaCIL,France,Paris,REGIONAL,,,2,8,2017,2018,1
11060,5853693280660421097,Palynka,France,Paris,REGIONAL,,,1,9,2018,2021,3
11061,5452765352410998408,Larzac,France,South West,REGIONAL,,,1,1,2018,2018,0
11062,6575755563035248707,LeonxLeon,France,Paris,REGIONAL,,,1,1,2019,2019,0
11063,5785869083660488161,El Hey,France,Paris,REGIONAL,,,1,1,2019,2019,0
11064,3588377427285990876,DJ Benedetta,Italy,Central,REGIONAL,,,1,2,2019,2021,2
11065,133791336920012762,Benedetta,Argentina,All,REGIONAL,,,1,1,2019,2019,0
11066,8282236900821635216,Sascha Funke,Germany,Berlin,REGIONAL,,,3,4,2012,2025,13
11067,6977020231017337953,Flegon,France,Paris,REGIONAL,,,1,2,2020,2020,0
11068,5075852595694962190,Daniel Weil,Switzerland,Geneva,REGIONAL,,,1,1,2020,2020,0
11069,7004518514781817175,Adam Pits,United Kingdom,Leeds,REGIONAL,,,8,13,2021,2024,3
11070,2428347460680544526,Occibel,France,North,REGIONAL,,,3,5,2021,2026,5
11071,6124231829574112860,abs8lute,France,Paris,REGIONAL,,,3,5,2022,2026,4
11072,2181951489398129512,Germain CLS,France,Paris,REGIONAL,,,1,8,2023,2026,3
11073,879693465611743850,Pitaya Soundsystem,France,Paris,REGIONAL,,,1,1,2023,2023,0
11074,1314513781411324293,Margaux,France,Central,REGIONAL,,,3,5,2018,2023,5
11075,7827074101320764176,Luigi Tozzi,Italy,Central,REGIONAL,,,8,10,2017,2026,9
11076,4510143938772868707,Olga (1),Greece,All,REGIONAL,,,2,2,2024,2026,2
11077,1409670264449874313,Tamara Wirth,Germany,Stuttgart,REGIONAL,,,1,1,2024,2024,0
11078,4884020085511915917,Marabou (2),France,Paris,REGIONAL,,,1,1,2025,2025,0
11079,5235504730450032004,Stakhan,France,Lyon,REGIONAL,,,3,12,2017,2026,9
11080,3552538937877053807,Vardae,France,Lyon,REGIONAL,,,4,5,2023,2026,3
11081,815771060667336884,Atomic moog,France,Paris,REGIONAL,,,2,2,2025,2026,1
11082,4841308449170191282,RADIO SOFA (DJ),France,Paris,REGIONAL,,,1,1,2025,2025,0
11083,3927517234775184314,Salomée,France,South West,REGIONAL,,,1,4,2025,2026,1
11084,4892642480576357697,Lefblom,France,Paris,REGIONAL,,,1,1,2025,2025,0
11085,6429477297204157492,Ekkel,Norway,Oslo,REGIONAL,,,1,4,2025,2026,1
11086,9058255150773094076,KEUT,France,Paris,REGIONAL,,,2,4,2026,2026,0
11087,525423450033333914,Tau Car,France,Paris,REGIONAL,,,8,9,2024,2026,2
11088,1635716621421330627,Harri Bård,Germany,Berlin,REGIONAL,,,1,1,2015,2015,0
11089,1280847534394918768,Milan Kobar,France,Central,REGIONAL,,,1,5,2015,2026,11
11090,5684176442586534466,Rafaele Castiglione,Germany,Nürnberg,REGIONAL,,,1,1,2016,2016,0
11091,3554823628944027949,Jaysper,France,South West,REGIONAL,,,2,3,2015,2017,2
11092,132411535230648669,Puzupuzu,France,East,REGIONAL,,,1,1,2017,2017,0
11093,3005921533343984794,Rolandson,Germany,Berlin,REGIONAL,,,1,1,2017,2017,0
11094,7306350448783962406,Sense of Sun,Thailand,All,REGIONAL,,,1,1,2017,2017,0
11095,1511059934054105777,Gumbo,France,Paris,REGIONAL,,,1,1,2017,2017,0
11096,9058321331706335705,DJ Pete,Germany,Berlin,REGIONAL,,,9,9,2015,2026,11
11097,6013135739327433702,Behzad,,,,,,1,2,2017,2026,9
11098,4669025645726671392,Red Pig Flower,Germany,Berlin,REGIONAL,,,2,2,2016,2022,6
11099,5564920630447726956,SEIUN,France,North,REGIONAL,,,2,2,2025,2025,0
11100,527854167831654184,Benales,France,Paris,REGIONAL,,,1,1,2025,2025,0
11101,2289913683499115119,Dima Roas,France,Strasbourg,REGIONAL,,,1,1,2025,2025,0
11102,8258573005059211746,Arlanoa,France,East,REGIONAL,,,2,2,2025,2025,0
11103,7795101425717276605,Romain Play,France,Paris,REGIONAL,,,2,3,2018,2025,7
11104,4250353385989240565,Ferqli,France,Paris,REGIONAL,,,1,1,2025,2025,0
11105,1943614559466900701,Viénce,Netherlands,Amsterdam,REGIONAL,,,1,1,2026,2026,0
11106,3762587895705379871,SelecTal,France,Paris,REGIONAL,,,1,1,2026,2026,0
11107,6720635394910864516,Nunzio Borino,Italy,South,REGIONAL,,,3,5,2025,2026,1
11108,3294617797387522872,HANNAH (NL),Sweden,Stockholm,REGIONAL,,,2,2,2024,2026,2
11109,4126974098556293715,Franco Mordehai,France,West,REGIONAL,,,1,1,2026,2026,0
11110,7388152755253571353,aquemini,France,Marseille,REGIONAL,,,1,1,2026,2026,0
11111,5225610916356325202,Yant,United Kingdom,Manchester,REGIONAL,,,2,2,2025,2026,1
11112,4657784799358449730,ADHDJ (2),France,Central,REGIONAL,,,1,1,2026,2026,0
11113,6869610010522176844,carin kelly,France,Paris,REGIONAL,,,2,2,2025,2026,1
11114,8578643316478449252,Super Venus,,,REGIONAL,,,5,6,2025,2026,1
11115,8366033496245295040,STL-P,France,Paris,REGIONAL,,,1,1,2026,2026,0
11116,7303429600656245403,Ubik,Poland,All,REGIONAL,,,1,1,2026,2026,0
11117,8753235905328078155,Less-O,France,Paris,REGIONAL,,,1,1,2026,2026,0
11118,5973907322646646850,JOIA,France,Paris,REGIONAL,,,1,1,2026,2026,0
11119,8146726253592859941,Djé Djé from the block,France,Paris,REGIONAL,,,1,1,2026,2026,0
11120,6675952722927478959,AMAYO,France,Paris,REGIONAL,,,1,1,2026,2026,0
11121,883429737561016324,Secunda,Netherlands,The Hague,REGIONAL,,,1,2,2016,2017,1
11122,7906985495233228155,Octave One,United States of America,Detroit,TOP1000,,,15,19,2009,2026,17
11123,7536067340361192714,Steve Rachmad,Netherlands,Amsterdam,TOP1000,,,6,18,2005,2026,21
11124,248284560615958992,James Ruskin,United Kingdom,London,TOP1000,,,4,7,2011,2017,6
11125,2682029707821194038,Legs on Fire,Netherlands,Rotterdam,REGIONAL,,,1,2,2018,2018,0
11126,5851735550915157920,cultuurschok,Netherlands,The Hague,REGIONAL,,,1,2,2018,2019,1
11127,8050430016385285509,LEWIE,Netherlands,Amsterdam,REGIONAL,,,2,2,2018,2019,1
11128,3431114011808783707,Lulu (NL),Netherlands,Amsterdam,REGIONAL,,,3,3,2017,2019,2
11129,887104050406684951,Pasiphae,Greece,All,REGIONAL,,,3,3,2019,2019,0
11130,151852316411658664,RAW SILK,United Kingdom,London,REGIONAL,,,10,29,2018,2026,8
11131,5520810811175004091,Estella Boersma,Germany,Berlin,REGIONAL,,,5,8,2022,2026,4
11132,2833009121488220295,Mia Cecille,Netherlands,Amsterdam,REGIONAL,,,4,4,2023,2026,3
11133,5370708788552286191,Anetha,France,Paris,TOP1000,,,18,34,2018,2026,8
11134,7614254274032151499,Regal,Spain,Madrid,REGIONAL,,,4,5,2017,2025,8
11135,8974270288956359811,Lobster (NL),Netherlands,Amsterdam,REGIONAL,,,4,6,2024,2026,2
11136,689773880458894331,Mary Lake,Netherlands,Amsterdam,REGIONAL,,,11,33,2019,2026,7
11137,6898353859168918751,Julia Maria,Netherlands,Amsterdam,REGIONAL,,,3,3,2025,2026,1
11138,3716516590242908509,Viikatory,,,REGIONAL,,,1,1,2025,2025,0
11139,6806120307397276510,Mini,Italy,North,REGIONAL,,,1,1,2025,2025,0
11140,554159196584004771,Miller,United Kingdom,North,REGIONAL,,,1,1,2025,2025,0
11141,4879310557511015989,Olita (UK),United Kingdom,London,REGIONAL,,,5,7,2023,2025,2
11142,2258532718129406218,Connor Male,United Kingdom,London,REGIONAL,,,1,2,2025,2026,1
11143,6246904985434229505,Nina Patrice,United Kingdom,London,REGIONAL,,,1,2,2025,2026,1
11144,4712743338577195632,Haydn,United Kingdom,West + Wales,REGIONAL,,,3,9,2012,2025,13
11145,4333933239905276811,Jhumka,United Kingdom,London,REGIONAL,,,5,8,2024,2026,2
11146,51699911903793823,Jordan Diston,United Kingdom,Midlands,REGIONAL,,,1,2,2025,2026,1
11147,8318763436633373000,Mooch,United Kingdom,London,REGIONAL,,,1,2,2025,2026,1
11148,6909273632029073926,Samuel Connor,United Kingdom,London,REGIONAL,,,1,1,2025,2025,0
11149,7266323408573559248,Jorg Kuning,United Kingdom,North,REGIONAL,,,10,14,2024,2026,2
11150,3298746791838597997,Aerofunk,United Kingdom,Liverpool,REGIONAL,,,2,2,2023,2026,3
11151,51166519878628432,Drumcomplex,Germany,Düsseldorf,REGIONAL,,,2,3,2014,2018,4
11152,1728422158146643000,Joey Beltram,United States of America,New York City,REGIONAL,,,2,3,2006,2014,8
11153,8974964206548599922,Sutter Cane,Austria,All,REGIONAL,,,1,1,2014,2014,0
11154,2296196620672579822,Anja Schneider,Germany,Berlin,TOP1000,,,5,6,2006,2022,16
11155,7150222297006180830,Butch,Germany,Frankfurt,TOP1000,,,8,16,2011,2025,14
11156,2537646693909057021,Luna City Express,Germany,Berlin,REGIONAL,,,1,1,2014,2014,0
11157,4914438006171524995,Hobo,Canada,Windsor,REGIONAL,,,2,4,2012,2014,2
11158,6785159208947365341,Matt Sassari,France,South East,REGIONAL,,,1,1,2014,2014,0
11159,8833154165247894265,Nakadia,Thailand,All,REGIONAL,,,2,5,2014,2018,4
11160,5383114923313955379,Ciesen,Netherlands,Amsterdam,REGIONAL,,,1,1,2014,2014,0
11161,8501645742678068046,Dispar Vulgo,Netherlands,Amsterdam,REGIONAL,,,2,4,2014,2018,4
11162,9171611274932158307,David Leese,Netherlands,Amsterdam,REGIONAL,,,1,1,2014,2014,0
11163,4810197908706962945,Don Vokoun,Netherlands,Amsterdam,REGIONAL,,,1,1,2014,2014,0
11164,1534399143281340777,Tom Ruijg,Netherlands,Amsterdam,REGIONAL,,,3,5,2009,2014,5
11165,9064030276439641050,Fer BR,Spain,Barcelona,REGIONAL,,,2,5,2015,2019,4
11166,254933059885745422,Truss,United Kingdom,London,TOP1000,,,7,13,2013,2019,6
11167,5484040364337184714,Luis Flores,Mexico,Monterrey,REGIONAL,,,1,1,2015,2015,0
11168,4800194558539019137,Eats Everything,United Kingdom,West + Wales,TOP1000,,,9,29,2012,2026,14
11169,8609860366651259957,Johannes Volk,Germany,Frankfurt,REGIONAL,,,1,1,2018,2018,0
11170,1238393666392532077,Gaiser,United States of America,Michigan,TOP1000,,,3,9,2011,2018,7
11171,6584309105234802977,Lövestad,Netherlands,Amsterdam,REGIONAL,,,3,6,2017,2024,7
11172,5383764899890614446,Reinier Zonneveld,Netherlands,Amsterdam,TOP1000,,,6,10,2016,2026,10
11173,8407472522967710593,Comrade Winston,Netherlands,All,REGIONAL,,,3,6,2017,2022,5
11174,7520640742406889698,Kirilik,Bulgaria,All,REGIONAL,,,1,1,2019,2019,0
11175,5433901866354040021,Relativ,Netherlands,Amsterdam,REGIONAL,,,1,1,2019,2019,0
11176,2900077810325766725,VNTM,Netherlands,Amsterdam,REGIONAL,,,2,4,2019,2025,6
11177,7152369518083399356,Hunter/Game,Italy,North,TOP1000,,,5,10,2015,2023,8
11178,8480761757805597575,Mees Salomé,Netherlands,Eindhoven,REGIONAL,,,3,8,2023,2026,3
11179,7676198858643326398,ONYVAA,United States of America,California,TOP1000,,,3,5,2022,2023,1
11180,7913579435734208912,Rebekah,United Kingdom,Midlands,TOP1000,,,8,12,2015,2024,9
11181,9110830914036962049,Chris Avantgarde,United Kingdom,London,REGIONAL,,,3,9,2023,2026,3
11182,1916769269454340040,Elisa Elisa,France,Lyon,REGIONAL,,,1,2,2024,2024,0
11183,7243009100999998054,Tijana T,Serbia,All,TOP1000,,,21,30,2017,2026,9
11184,6350866921132157908,DIØN,Netherlands,Amsterdam,REGIONAL,,,4,6,2024,2026,2
11185,1910002785310892451,Vall Du Son,Netherlands,Eindhoven,REGIONAL,,,2,3,2024,2025,1
11186,4108036051246003257,HUJUS,Netherlands,Amsterdam,REGIONAL,,,1,3,2025,2025,0
11187,5045258131017894571,Brent Honey,Australia,Melbourne,REGIONAL,,,1,1,2025,2025,0
11188,2384647446780876198,Rezident,Germany,Karlsruhe,REGIONAL,,,2,2,2022,2025,3
11189,4310265868645084776,CRUSH3d,Australia,Melbourne,REGIONAL,,,1,1,2025,2025,0
11190,7458300062907254682,Pan-Pot,Germany,Berlin,TOP1000,,,7,27,2012,2026,14
11191,150547274373158513,Redleg On A Roll,Netherlands,Amsterdam,REGIONAL,,,1,1,2025,2025,0
11192,428801738063996626,Vera Grace,Netherlands,Amsterdam,REGIONAL,,,4,4,2024,2025,1
11193,124355727589824177,Eva Vrijdag,Netherlands,Amsterdam,REGIONAL,,,2,2,2024,2026,2
11194,2429772831323634699,Hashashin,Netherlands,Amsterdam,REGIONAL,,,2,3,2024,2026,2
11195,5508342599023302445,DJ Harvey,United States of America,California,TOP1000,,,10,28,2013,2022,9
11196,4881846060011703841,LSDXOXO,United States of America,New York City,TOP1000,,,15,26,2020,2026,6
11197,1230496209916665925,Nicola Cruz,Ecuador,All,TOP1000,,,9,14,2016,2025,9
11198,8799451046483805113,Bad Boombox,Bulgaria,Sofia,REGIONAL,,,7,9,2023,2026,3
11199,448852487741260252,Manuka Honey,,,REGIONAL,,,4,8,2023,2026,3
11200,5694428214262570757,Baby Cocada,Venezuela,All,REGIONAL,,,2,3,2023,2024,1
11201,2150367699539283891,ALCATRAZ,Germany,Berlin,REGIONAL,,,4,4,2023,2026,3
11202,3281613428252506970,Tokischa,Dominican Republic,All,REGIONAL,,,1,1,2026,2026,0
11203,5197887696176164305,TYGAPAW,United States of America,New York City,REGIONAL,,,4,4,2023,2026,3
11204,3382525989204302886,Foreverness,Argentina,All,REGIONAL,,,1,2,2018,2019,1
11205,3967785638054507406,Isolee,Germany,Berlin,TOP1000,,,3,3,2020,2025,5
11206,7044080960079485870,Frankey,,,,,,5,6,2016,2025,9
11207,5701224186160628190,Indigo Æra,Netherlands,Amsterdam,REGIONAL,,,2,2,2019,2019,0
11208,1623559853825885094,Captain Cosmotic,Germany,Münster,REGIONAL,,,1,1,2019,2019,0
11209,8629910148200064098,Property,Netherlands,All,REGIONAL,,,1,1,2019,2019,0
11210,8697224671599996464,Ambu Bambu,Netherlands,All,REGIONAL,,,2,3,2023,2024,1
11211,471634475387156581,Litmus,Australia,Sydney,REGIONAL,,,2,2,2023,2024,1
11212,5224217347199323549,Aline Umber,France,Paris,REGIONAL,,,2,2,2025,2026,1
11213,6167274275229132723,Point G,France,Paris,REGIONAL,,,4,4,2015,2016,1
11214,3843442530319588247,Mattheis,Netherlands,Rotterdam,REGIONAL,,,7,14,2016,2025,9
11215,1294003626046115366,HVOB,,,TOP1000,,,6,11,2016,2026,10
11216,4009218826632570629,Trance Wax,United Kingdom,London,REGIONAL,,,2,2,2018,2018,0
11217,1965247088884760646,Thang,Belgium,Ghent,REGIONAL,,,3,7,2018,2025,7
11218,4293528648344866166,Cellini,Belgium,All,REGIONAL,,,3,6,2019,2023,4
11219,1111150488495719399,Frank Wiedemann,Germany,Berlin,REGIONAL,,,1,1,2020,2020,0
11220,7499233262033268963,Beauhause,Belgium,All,REGIONAL,,,1,1,2021,2021,0
11221,3600168023993358367,ECHT!,France,Paris,REGIONAL,,,3,3,2021,2026,5
11222,1350059129817379750,Front De Cadeaux,Belgium,All,REGIONAL,,,4,4,2019,2026,7
11223,4466586209394709010,Aso Asin,Belgium,Antwerp,REGIONAL,,,3,3,2022,2022,0
11224,6047475052559912490,ORION (IT),Italy,North,REGIONAL,,,2,3,2022,2024,2
11225,8813136222976333024,Soela,,,REGIONAL,,,2,2,2022,2022,0
11226,5860504384616602549,vince,Germany,Munich,REGIONAL,,,5,13,2022,2026,4
11227,1408374107679936461,Alexandra Marr,Serbia,All,REGIONAL,,,1,1,2022,2022,0
11228,8567153996016157165,Andy Catana,Austria,All,REGIONAL,,,2,3,2022,2025,3
11229,6258536390430265906,Kappen,Belgium,All,REGIONAL,,,2,2,2022,2023,1
11230,8910199144671758623,Sixsixsixties,Belgium,All,REGIONAL,,,3,11,2016,2026,10
11231,1017231102311643749,John Noseda,Belgium,Antwerp,REGIONAL,,,4,6,2023,2026,3
11232,4869853278396260352,Tatze,,,,,,1,1,2023,2023,0
11233,6083106406947173200,fluff,Austria,Vienna,REGIONAL,,,1,1,2023,2023,0
11234,2121325704542713712,Flavien Berger,France,Paris,REGIONAL,,,4,4,2019,2023,4
11235,6920458525191123224,TUKAN,Belgium,Brussels,REGIONAL,,,1,2,2023,2025,2
11236,3988634498560689768,Yulia Niko,Germany,Berlin,REGIONAL,,,3,8,2022,2025,3
11237,2596087288381492866,Another Taste,Netherlands,Rotterdam,REGIONAL,,,5,6,2024,2025,1
11238,653239853367488239,boaksi,Switzerland,Zurich,REGIONAL,,,2,2,2024,2026,2
11239,477653848826348766,Cami Layé Okún,Cuba,All,REGIONAL,,,6,7,2023,2026,3
11240,3352040015764660633,Coline Cornélis,Belgium,Brussels,REGIONAL,,,2,2,2022,2024,2
11241,3571264190190008314,Deetron,Switzerland,All,REGIONAL,,,8,11,2012,2026,14
11242,4541678414935962182,Larson,Belgium,All,REGIONAL,,,2,2,2024,2024,0
11243,916533662946303264,Mambele,Belgium,Brussels,REGIONAL,,,2,3,2021,2024,3
11244,1730358844416712294,séa (BE),Belgium,All,REGIONAL,,,2,3,2023,2026,3
11245,4064761692268187929,System Olympia,United Kingdom,London,REGIONAL,,,9,13,2022,2026,4
11246,8171833200543818368,DJ Fuckoff,Germany,Berlin,REGIONAL,,,15,23,2022,2026,4
11247,6016467768686116967,Neil Frances,United States of America,Los Angeles,REGIONAL,,,2,2,2024,2025,1
11248,6975493141063667957,NTO,France,South East,REGIONAL,,,5,5,2023,2025,2
11249,9139935386111024002,okgiorgio,Italy,Milan,REGIONAL,,,1,1,2025,2025,0
11250,2358035178431601665,PARISI,Italy,South,REGIONAL,,,1,1,2025,2025,0
11251,389757593748716840,Orbital,United Kingdom,London,REGIONAL,,,7,8,2006,2026,20
11252,4903314114516624504,Aayna,India,Mumbai,REGIONAL,,,2,3,2025,2026,1
11253,3505756035314679103,Enzo Siragusa,United Kingdom,London,TOP1000,,,14,33,2013,2026,13
11254,7807982861581639160,LOV (1),Italy,Milan,REGIONAL,,,1,1,2026,2026,0
11255,9112063919887997941,Rosie from the Block,Belgium,Brussels,REGIONAL,,,1,1,2026,2026,0
11256,8221247114583024482,Tatyana Jane,France,Paris,REGIONAL,,,2,2,2024,2026,2
11257,544036830460389121,Robert Owens,United States of America,Chicago,TOP1000,,,2,2,2016,2026,10
11258,6002128231482507207,Chaos (UK),United Kingdom,London,REGIONAL,,,1,1,2024,2024,0
11259,5295596196966649228,RI (UK),Nepal,All,REGIONAL,,,1,1,2024,2024,0
11260,2866887231207528778,Coeus,Serbia,All,REGIONAL,,,1,1,2019,2019,0
11261,3189509138500430800,Eliaz,Slovenia,All,REGIONAL,,,1,6,2019,2025,6
11262,3463746157605771791,Jogarde,Croatia,All,REGIONAL,,,2,3,2018,2023,5
11263,6689241878134313727,Terence Fixmer,France,Central,REGIONAL,,,3,3,2008,2021,13
11264,6659675533329040662,Roger Gerressen,Netherlands,All,REGIONAL,,,4,10,2007,2024,17
11265,5072176800795492081,DJ Masda,Japan,Tokyo,TOP1000,,,12,27,2018,2026,8
11266,7079502761238826451,Lara (1),Slovenia,All,REGIONAL,,,2,3,2024,2025,1
11267,1105655674878369257,Paul Twin,Netherlands,Rotterdam,REGIONAL,,,1,1,2018,2018,0
11268,6230918759928884760,Nick Verstand,Netherlands,Amsterdam,REGIONAL,,,2,4,2018,2025,7
11269,5304624692245479687,Soft Break,Netherlands,Rotterdam,REGIONAL,,,5,7,2022,2025,3
11270,4944869629132050191,Megan Leber,Netherlands,Rotterdam,REGIONAL,,,1,1,2025,2025,0
11271,6041521855660642305,PBR Streetgang,United Kingdom,North,REGIONAL,,,7,31,2014,2026,12
11272,4569639948175363537,Guy Williams,United Kingdom,London,REGIONAL,,,1,7,2020,2024,4
11273,6413928760042322222,Chez de Milo,United Kingdom,West + Wales,REGIONAL,,,6,26,2022,2026,4
11274,713418853751071401,SlothBoogie,United Kingdom,London,REGIONAL,,,3,4,2023,2023,0
11275,2435095237502238653,Ruf Dug,United Kingdom,North,REGIONAL,,,7,22,2015,2025,10
11276,143026602191392773,Bears In Space,United States of America,Los Angeles,REGIONAL,,,2,6,2022,2025,3
11277,3181248584663264,Neil Diablo,United Kingdom,North,REGIONAL,,,4,13,2015,2025,10
11278,7999770685881399130,Dan Beaumont,United Kingdom,London,REGIONAL,,,8,33,2011,2026,15
11279,4299836120836791286,Hannah Holland,United Kingdom,London,REGIONAL,,,12,30,2016,2026,10
11280,8853986720894820700,SKIN,United Kingdom,London,REGIONAL,,,1,2,2021,2021,0
11281,1603442744101124373,Anna Gram,United Kingdom,Scotland,REGIONAL,,,1,3,2021,2022,1
11282,3804595765296254626,ELLES,United Kingdom,London,REGIONAL,,,2,3,2021,2022,1
11283,2584120672569740029,Jay Jay Revlon,United Kingdom,London,REGIONAL,,,2,9,2021,2026,5
11284,5315707456477580905,Seb Odyssey,United Kingdom,London,REGIONAL,,,5,7,2021,2026,5
11285,678876872070527870,Joshua James,United Kingdom,London,REGIONAL,,,2,6,2022,2026,4
11286,7318668734450051570,olesia,Russia,Rest of Russia,REGIONAL,,,1,6,2022,2025,3
11287,3443253621165379654,Boys' Shorts,Greece,All,REGIONAL,,,2,3,2023,2023,0
11288,553397499787279036,Akiko Haruna,United Kingdom,South + East,REGIONAL,,,1,1,2023,2023,0
11289,7675902188548455888,Dahc Dermur VIII,United Kingdom,London,REGIONAL,,,1,2,2023,2024,1
11290,250576153064457872,Someone Sunny,United Kingdom,London,REGIONAL,,,2,3,2024,2025,1
11291,5299782933454402047,DJ XZAN,United Kingdom,South + East,REGIONAL,,,1,1,2024,2024,0
11292,6985961921682241773,Eight Spring Rolls,United Kingdom,London,REGIONAL,,,1,1,2024,2024,0
11293,6928333088829866297,KLUELESS,United Kingdom,London,REGIONAL,,,1,1,2024,2024,0
11294,4818431166245999571,Nick Clev,United Kingdom,London,REGIONAL,,,1,1,2024,2024,0
11295,2686571944526422282,Ting Run Run,United Kingdom,London,REGIONAL,,,1,1,2024,2024,0
11296,7264345070486256374,Adonis,United States of America,Chicago,REGIONAL,,,1,1,2024,2024,0
11297,8381145548588474726,Luigi Di Venere,Germany,Berlin,REGIONAL,,,2,2,2024,2025,1
11298,1584890543173915969,Makadsi,Lebanon,Beirut,REGIONAL,,,2,2,2025,2025,0
11299,878333188882683866,Sita Shah,United Kingdom,London,REGIONAL,,,3,3,2022,2026,4
11300,8534688710773933578,Eddy Ramich,Netherlands,Rotterdam,REGIONAL,,,2,3,2014,2018,4
11301,3650345794192689428,SIS,Germany,Berlin,REGIONAL,,,1,1,2016,2016,0
11302,7354192998636505693,Kali.G,Morocco,All,REGIONAL,,,1,1,2016,2016,0
11303,1792753640164200011,Mr ID,Morocco,All,REGIONAL,,,1,4,2016,2021,5
11304,862668729380606166,Guy Gerber,Israel,All,TOP1000,,,5,5,2007,2018,11
11305,2676100186327190798,Rechulski,United States of America,New York City,REGIONAL,,,1,1,2018,2018,0
11306,6062292636616245829,Dhaze,,,REGIONAL,,,1,1,2016,2016,0
11307,7888163776116620448,Lowriders,Italy,Central,REGIONAL,,,1,1,2016,2016,0
11308,7510982809562807083,LCN,United Kingdom,London,REGIONAL,,,8,9,2021,2024,3
11309,4740464256146068473,Otik,United Kingdom,London,REGIONAL,,,4,12,2021,2024,3
11310,385171272193906810,Charisse C,United Kingdom,London,REGIONAL,,,6,7,2023,2026,3
11311,5418051029908026659,Coast 2 Coast,United Kingdom,London,REGIONAL,,,8,11,2024,2026,2
11312,3334056991854357156,MC Creed,United Kingdom,London,REGIONAL,,,2,2,2026,2026,0
11313,2316073907086142324,Magazino,Portugal,Lisbon,REGIONAL,,,1,1,2019,2019,0
11314,2316221815185185247,Catarina Silva,Portugal,Porto,REGIONAL,,,1,1,2022,2022,0
11315,2997105805708303299,GPU Panic,Portugal,Lisbon,REGIONAL,,,1,2,2023,2024,1
11316,3478973394157224654,Solid-Funk,Portugal,Lisbon,REGIONAL,,,2,2,2024,2025,1
11317,3418198419713328996,Parra for Cuva,Germany,Berlin,REGIONAL,,,5,8,2024,2026,2
11318,6292445892568251928,Sinfol,Netherlands,Amsterdam,REGIONAL,,,2,3,2018,2018,0
11319,459501637080796734,WWWater,Belgium,All,REGIONAL,,,3,3,2017,2019,2
11320,5396404516749219180,Arjuna Schiks,Netherlands,Amsterdam,REGIONAL,,,3,5,2014,2026,12
11321,909084084246369396,Boris Acket,Netherlands,Amsterdam,REGIONAL,,,2,3,2019,2024,5
11322,8688905803589069334,unders,Netherlands,Amsterdam,REGIONAL,,,5,5,2014,2025,11
11323,8003670413653535642,Applescal,Netherlands,Amsterdam,REGIONAL,,,3,6,2016,2023,7
11324,4950026382404309394,Dany E,Mexico,Monterrey,REGIONAL,,,1,1,2024,2024,0
11325,2711585131758826990,Doppelgang,Netherlands,Amsterdam,REGIONAL,,,4,6,2024,2026,2
11326,6440337628268577401,Fabrizio Mammarella,Italy,Milan,REGIONAL,,,3,3,2019,2024,5
11327,7043970979144039403,KC The Funkaholic,Netherlands,Amsterdam,REGIONAL,,,4,8,2010,2025,15
11328,1422802386485726076,Lucas Benjamin,Netherlands,Amsterdam,REGIONAL,,,1,2,2024,2025,1
11329,1457711156311854023,Luna Ludmila,Netherlands,Utrecht,REGIONAL,,,6,7,2021,2026,5
11330,485918093989822943,Razzmic,Netherlands,Utrecht,REGIONAL,,,2,2,2024,2024,0
11331,3509205370030470098,Richelle Soigni,Netherlands,Rotterdam,REGIONAL,,,1,1,2024,2024,0
11332,2208812683349356021,Kollektiv Turmstrasse,Germany,Hamburg,TOP1000,,,6,9,2012,2026,14
11333,8251231539312733203,COMA,Germany,Cologne,REGIONAL,,,2,4,2013,2015,2
11334,9067268867631265874,Danton Eeprom,United Kingdom,London,REGIONAL,,,3,5,2008,2014,6
11335,6139487311457737606,Maurice Aymard,Spain,Barcelona,REGIONAL,,,1,1,2015,2015,0
11336,6882094184381654130,La Mverte,France,Paris,REGIONAL,,,1,1,2016,2016,0
11337,6976017828547030311,Shelby Grey,Spain,Barcelona,REGIONAL,,,1,1,2016,2016,0
11338,1619937936697983141,DJ T.,Germany,Berlin,TOP1000,,,1,1,2016,2016,0
11339,5080442757503171577,Francesca Lombardo,United Kingdom,London,TOP1000,,,1,1,2016,2016,0
11340,106029870414970094,Undo,Spain,Barcelona,REGIONAL,,,3,3,2015,2017,2
11341,139580784055934947,Dino Lenny,United Kingdom,London,REGIONAL,,,2,2,2017,2022,5
11342,5639088952986651070,uroz,Spain,Barcelona,REGIONAL,,,1,1,2018,2018,0
11343,2441524044575736448,Nathan Burns,Canada,Halifax,REGIONAL,,,1,1,2018,2018,0
11344,1966939354318707749,Andy Butler,United States of America,New York City,REGIONAL,,,1,1,2018,2018,0
11345,6354995067189492039,Farres,Spain,Barcelona,REGIONAL,,,1,1,2018,2018,0
11346,6000785252397798386,Marvin,,,,,,5,8,2014,2020,6
11347,8709200962441071240,Guy,,,,,,5,8,2014,2020,6
11348,4789018494872086655,Carl Cox,United Kingdom,London,TOP1000,,,8,20,2012,2026,14
11349,24686828828035825,Shadow Traxx,Spain,Barcelona,REGIONAL,,,1,1,2018,2018,0
11350,2220996714678456862,oddzero,Italy,Sicily,REGIONAL,,,1,2,2018,2024,6
11351,1781202169597744441,Costa,Ukraine,Kyiv,REGIONAL,,,1,1,2018,2018,0
11352,2182581879979595036,Marc Gimeno,Spain,Barcelona,REGIONAL,,,1,1,2018,2018,0
11353,4519153821075996102,Prins Thomas,Norway,All,TOP1000,,,9,22,2010,2024,14
11354,7664529413372733776,Isa Rojas,Chile,Santiago,REGIONAL,,,1,8,2019,2025,6
11355,6328153853170533304,Hitch,Spain,Barcelona,REGIONAL,,,2,3,2018,2019,1
11356,1909294711978213858,Ann Clue,Germany,Mannheim,TOP1000,,,1,7,2019,2023,4
11357,4501726493769519997,Lorenzo Raganzini,Italy,North,REGIONAL,,,1,1,2019,2019,0
11358,1069224120851204595,Mahony,Romania,All,REGIONAL,,,1,1,2019,2019,0
11359,7086979321548924028,Jen Cruz,Spain,Barcelona,REGIONAL,,,1,6,2019,2023,4
11360,5434915409494553497,Golden Bug,France,Paris,REGIONAL,,,1,1,2019,2019,0
11361,2302253230302298662,Gatasanta,Spain,Barcelona,REGIONAL,,,1,1,2019,2019,0
11362,8396718691475852461,Isa·bel,Chile,All,REGIONAL,,,2,2,2019,2024,5
11363,4965797967984492225,Squaric,,,REGIONAL,,,1,1,2020,2020,0
11364,4338806920270344394,Sumluv,Spain,Barcelona,REGIONAL,,,1,1,2021,2021,0
11365,8265396512063770279,Vidaloca,Spain,Barcelona,REGIONAL,,,1,1,2022,2022,0
11366,7854252047828168551,Bonny Soul,United Kingdom,Manchester,REGIONAL,,,1,2,2022,2022,0
11367,7793147250096584516,Anstascia,Canada,Vancouver,REGIONAL,,,1,2,2022,2022,0
11368,5835318709557980020,Nadja,Greece,All,REGIONAL,,,1,3,2022,2024,2
11369,7242056442234505150,Sara de Araújo,Spain,Ibiza,REGIONAL,,,1,4,2022,2023,1
11370,4857983541712230126,Yung Prado,Spain,Barcelona,REGIONAL,,,1,4,2022,2022,0
11371,3739787169792712218,Squire,Spain,Barcelona,REGIONAL,,,1,3,2022,2023,1
11372,9170032785810424155,Karcelen,Spain,Barcelona,REGIONAL,,,1,3,2022,2022,0
11373,6499652269882640687,S3A,France,Paris,REGIONAL,,,6,11,2014,2024,10
11374,6638816376759401262,Debora Kessler,Spain,Barcelona,REGIONAL,,,1,1,2022,2022,0
11375,6455450721030377390,Alputo,Spain,Madrid,REGIONAL,,,1,1,2022,2022,0
11376,6690738909837773770,Pole Position,Spain,Barcelona,REGIONAL,,,1,14,2023,2025,2
11377,1931153233748677460,Klara Missyle,Italy,South,REGIONAL,,,1,3,2023,2026,3
11378,3420321243368454536,Alexandre Laeddis,Spain,Barcelona,REGIONAL,,,2,4,2023,2023,0
11379,3712652844670325155,Pau Guilera,Spain,Barcelona,REGIONAL,,,2,8,2023,2025,2
11380,8571720132178871945,Cassian,Australia,Sydney,REGIONAL,,,1,1,2023,2023,0
11381,7785958552374072137,VONDA7,Poland,All,REGIONAL,,,1,1,2023,2023,0
11382,8954029414265511574,LIZA.,Spain,Barcelona,REGIONAL,,,1,4,2023,2026,3
11383,6969520420306577228,Julia Pé,Spain,North,REGIONAL,,,1,1,2023,2023,0
11384,4988900436577480308,Samsön,United Kingdom,London,REGIONAL,,,1,1,2023,2023,0
11385,8338910252376355470,Ida Daugaard,Denmark,Aarhus,REGIONAL,,,2,2,2018,2023,5
11386,7038935794331457310,Dexphase,Spain,Madrid,REGIONAL,,,2,3,2024,2025,1
11387,2693065364628869071,KØZLØV,France,Paris,REGIONAL,,,1,1,2024,2024,0
11388,5548174195813211135,CANVI,Spain,Barcelona,REGIONAL,,,1,1,2024,2024,0
11389,3674375704985869903,Samer Soltan,Belgium,All,REGIONAL,,,1,1,2024,2024,0
11390,1650263571857879027,Royksopp,Norway,All,REGIONAL,,,3,3,2023,2025,2
11391,7758718111337230752,K:ROL,Spain,Barcelona,REGIONAL,,,1,2,2024,2025,1
11392,3869635380740283929,NHYMPH,Spain,Barcelona,REGIONAL,,,1,2,2025,2026,1
11393,5643317791767708552,Kenya Arakama,Spain,Barcelona,REGIONAL,,,1,1,2025,2025,0
11394,6584985992585798281,SANTANA,Spain,Barcelona,REGIONAL,,,1,1,2025,2025,0
11395,3845831100609136936,KlangKuenstler,Germany,Berlin,REGIONAL,,,4,5,2023,2025,2
11396,6820213064897615186,Ana Alves,Spain,Madrid,REGIONAL,,,2,2,2025,2025,0
11397,7454932117653917847,Hayden F,France,South West,REGIONAL,,,1,1,2025,2025,0
11398,7651654896582729818,Rendher,Spain,Barcelona,REGIONAL,,,1,1,2025,2025,0
11399,6051947101960767388,Alex Wann,France,Paris,REGIONAL,,,4,4,2024,2026,2
11400,7579308523352585944,GHEIST,Germany,Berlin,REGIONAL,,,1,1,2026,2026,0
11401,3417942726440670560,Remotif,,,REGIONAL,,,3,3,2019,2024,5
11402,640799997364902557,Gabriola,United Kingdom,London,REGIONAL,,,3,3,2021,2024,3
11403,4990920683639104290,RBI (Aus),Australia,Melbourne,REGIONAL,,,1,5,2024,2025,1
11404,3000671531413596209,Truglut,Spain,Madrid,REGIONAL,,,1,1,2024,2024,0
11405,4102451232359249987,Discostouf,France,West,REGIONAL,,,1,1,2024,2024,0
11406,1831493725635427069,Ntogn,Sweden,All,REGIONAL,,,1,1,2025,2025,0
11407,4753033800850565621,Sofus Forsberg,Denmark,All,REGIONAL,,,2,2,2018,2025,7
11408,246361609235871637,Solma,France,Paris,REGIONAL,,,1,5,2025,2026,1
11409,6800396473258239925,TOMO (2),Italy,Florence,REGIONAL,,,1,1,2025,2025,0
11410,7716577072615797183,Aaron J,United States of America,New York City,REGIONAL,,,1,1,2026,2026,0
11411,3836107344311849318,Avsluta,,,REGIONAL,,,5,11,2022,2026,4
11412,6940236727749727704,Herbalistek,Japan,Tokyo,REGIONAL,,,1,1,2026,2026,0
11413,3308156097966274642,Matriark,Norway,All,REGIONAL,,,2,3,2025,2026,1
11414,4974097543726133456,Traxx,United States of America,Chicago,TOP1000,,,3,9,2007,2022,15
11415,4689442945299015335,Mike Huckaby,United States of America,Detroit,TOP1000,,,5,8,2007,2019,12
11416,8878243945702800211,Jordash,,,,,,5,46,2007,2019,12
11417,8655662873499238635,DECADANCE,Ireland,All,REGIONAL,,,1,1,2007,2007,0
11418,3026135835002787435,Derrick May,United States of America,Detroit,TOP1000,,,9,20,2008,2020,12
11419,6762511057987482840,Pitto,Netherlands,All,REGIONAL,,,4,9,2006,2018,12
11420,1301766303635531974,Olff,Netherlands,Amsterdam,REGIONAL,,,1,4,2009,2011,2
11421,8262732986871076892,Maarten Bloem,Netherlands,Amsterdam,REGIONAL,,,2,7,2010,2013,3
11422,1310364217200726314,Style Beats Liberation Front,Netherlands,Eindhoven,REGIONAL,,,1,1,2010,2010,0
11423,1542994621681240282,Baggi Begovic,Netherlands,Amsterdam,REGIONAL,,,1,1,2010,2010,0
11424,5793337064518672875,Hardwell,Netherlands,All,REGIONAL,,,1,1,2010,2010,0
11425,3500052113056625654,Fudge Fingas,United Kingdom,North,REGIONAL,,,1,1,2010,2010,0
11426,1540932166971915141,Sven Prinsen,Netherlands,Amsterdam,REGIONAL,,,3,3,2011,2025,14
11427,1706657904455947683,Tom Liem,Netherlands,Amsterdam,REGIONAL,,,3,5,2011,2025,14
11428,6709067361649434096,Mark van de Maat,Netherlands,Amsterdam,REGIONAL,,,2,3,2011,2016,5
11429,7140169531092428967,Beesmunt,,,,,,2,3,2012,2024,12
11430,67119082307974189,The Flexican,Netherlands,Amsterdam,REGIONAL,,,2,2,2012,2026,14
11431,6221355611044405801,Lustige Lola,,,,,,1,1,2012,2012,0
11432,5230074440730354132,Terry Toner,Netherlands,Amsterdam,REGIONAL,,,1,1,2012,2012,0
11433,7925369671635334697,Danny Krivit,United States of America,New York City,TOP1000,,,4,7,2008,2019,11
11434,5188892352200888866,Anthony Naples,United States of America,New York City,TOP1000,,,7,17,2013,2026,13
11435,2118352415606596216,Moritz von Oswald,Germany,Berlin,TOP1000,,,9,20,2013,2026,13
11436,7013975326657770198,Dopplereffekt,United States of America,Detroit,REGIONAL,,,5,11,2013,2026,13
11437,2353346473313764759,Siriusmodeselektor,Germany,Berlin,REGIONAL,,,2,3,2015,2015,0
11438,7537989443160807947,Model 500,United States of America,Detroit,REGIONAL,,,4,8,2013,2019,6
11439,7503831952958171656,Manuel Göttsching,Germany,Berlin,REGIONAL,,,1,1,2015,2015,0
11440,5467871311693171909,IR-Hythm,Spain,Barcelona,REGIONAL,,,1,1,2015,2015,0
11441,155439465870671486,Baffa,,,,,,1,1,2015,2015,0
11442,9198712497788699151,DJ Emerald,Japan,Tokyo,REGIONAL,,,1,1,2016,2016,0
11443,8432906768258209839,Will Bankhead,United Kingdom,London,REGIONAL,,,2,2,2016,2016,0
11444,8069754826549459493,Erika,,,TOP1000,,,4,6,2016,2024,8
11445,3123603376065017330,Lee 'Scratch' Perry,United Kingdom,London,REGIONAL,,,1,1,2016,2016,0
11446,5655288267378719551,The Orb,United Kingdom,London,REGIONAL,,,5,8,2014,2026,12
11447,2908399229650353946,Cabaret Voltaire,United Kingdom,North,REGIONAL,,,1,1,2016,2016,0
11448,6864433768519834955,Byetone,Germany,Chemnitz,TOP1000,,,1,1,2016,2016,0
11449,6962525465583634781,Galen,United States of America,San Francisco/Oakland,REGIONAL,,,2,13,2016,2025,9
11450,5534979162287909744,Clay Wilson,United States of America,New York City,REGIONAL,,,1,1,2016,2016,0
11451,3428432527687713295,Sauce81,Japan,Tokyo,REGIONAL,,,1,1,2016,2016,0
11452,2799176612572376311,Vatican Shadow,United States of America,Los Angeles,TOP1000,,,2,3,2014,2019,5
11453,220305579577808281,Marcos Valle,Brazil,Rio de Janeiro,REGIONAL,,,3,5,2017,2024,7
11454,746819904847316161,Occult,United Kingdom,London,REGIONAL,,,1,1,2017,2017,0
11455,8236044910408693067,Unforeseen Alliance,France,Central,REGIONAL,,,3,3,2016,2017,1
11456,1668065974565972115,Kornél Kovács,Sweden,All,TOP1000,,,11,14,2011,2023,12
11457,1259338217909809138,Ney Faustini,Brazil,Sao Paulo,REGIONAL,,,2,2,2017,2017,0
11458,2472938683062134644,Lee Collins,United States of America,Chicago,REGIONAL,,,2,2,2018,2018,0
11459,2539733497273553967,Errorsmith,Germany,Berlin,REGIONAL,,,2,2,2017,2018,1
11460,1031937041748618907,Patrick Russell,United States of America,New York City,TOP1000,,,3,3,2017,2023,6
11461,7568454538156502735,Thundercat,United States of America,Los Angeles,REGIONAL,,,1,1,2018,2018,0
11462,5473832999995563495,Os Mulheres Negras,Brazil,Sao Paulo,REGIONAL,,,1,1,2018,2018,0
11463,8410391158358253222,Davis (BR),Brazil,Sao Paulo,REGIONAL,,,2,4,2017,2018,1
11464,8215785521732022730,Nascii,Brazil,All,REGIONAL,,,1,2,2018,2018,0
11465,560659754953308793,Lust Attraction,Colombia,Medellin,REGIONAL,,,1,1,2018,2018,0
11466,7404653125104090585,Michel Amato,France,South East,REGIONAL,,,1,1,2019,2019,0
11467,8634951328917249746,Jah Wobble,United Kingdom,Manchester,REGIONAL,,,2,2,2019,2022,3
11468,4107013857800699839,Jex Opolis,Canada,Edmonton,REGIONAL,,,3,4,2016,2024,8
11469,235434934861006663,The Comet Is Coming,United Kingdom,London,REGIONAL,,,4,5,2019,2022,3
11470,7695377741105344289,Simo Cell,France,Paris,REGIONAL,,,12,21,2017,2026,9
11471,4736629699634266587,Errortica,Russia,Saint Petersburg,REGIONAL,,,1,1,2020,2020,0
11472,3485039551584538735,Julianna,Colombia,All,REGIONAL,,,3,3,2019,2025,6
11473,9172049530146769953,Kokoroko,United Kingdom,London,REGIONAL,,,6,9,2019,2025,6
11474,1590868130436799381,Relmer,Netherlands,Amsterdam,REGIONAL,,,3,6,2019,2023,4
11475,1852725146608805461,Sofie Birch,Denmark,Copenhagen,REGIONAL,,,2,2,2020,2024,4
11476,8274143046721776532,CORRIDOR,United States of America,Chicago,REGIONAL,,,2,2,2021,2021,0
11477,4182740255306529586,Merel Rhizoom,Netherlands,Amsterdam,REGIONAL,,,4,7,2022,2024,2
11478,333959210595831031,Lucas Croon,Germany,Düsseldorf,REGIONAL,,,1,1,2022,2022,0
11479,4719783708241715037,Cauana,Brazil,Sao Paulo,REGIONAL,,,1,2,2023,2024,1
11480,6167398997297406794,Kovvalsky,Poland,All,REGIONAL,,,1,1,2023,2023,0
11481,165660693319074049,Bogdan Raczynski,Poland,All,REGIONAL,,,2,3,2023,2026,3
11482,5188594839141787582,Charmaine,Netherlands,Rotterdam,REGIONAL,,,5,7,2022,2024,2
11483,4055576459691815140,Salamanda,South Korea,All,REGIONAL,,,3,3,2023,2024,1
11484,8603655523631839194,baby ganoush,Sweden,All,REGIONAL,,,1,1,2023,2023,0
11485,7012071822902803324,Fulu Mizik,Democratic Republic of the Congo,All,REGIONAL,,,2,2,2023,2023,0
11486,3279741345401966472,Pebblle,Netherlands,Amsterdam,REGIONAL,,,1,1,2023,2023,0
11487,483087832582533106,69DB,France,South West,REGIONAL,,,1,1,2024,2024,0
11488,8549271236079279803,Nera (NL),Netherlands,Amsterdam,REGIONAL,,,1,1,2024,2024,0
11489,7151681517200026051,ARAKAZA,Netherlands,Amsterdam,REGIONAL,,,2,4,2021,2025,4
11490,110143362441010838,Timnah,Switzerland,Basel,REGIONAL,,,1,2,2025,2025,0
11491,5867457752976902703,Sega Bodega,United Kingdom,London,REGIONAL,,,1,2,2025,2025,0
11492,5215527278408632105,Alex Wilcox,United States of America,Dallas/Fort Worth,REGIONAL,,,3,3,2025,2026,1
11493,7208684566098290294,Kuniyuki,Japan,Hokkaido,REGIONAL,,,2,2,2018,2026,8
11494,6457509924064210687,Nazar,United Kingdom,Manchester,REGIONAL,,,4,4,2023,2026,3
11495,4584542921246608695,LYDO,United States of America,New York City,REGIONAL,,,2,2,2024,2026,2
11496,2450273452065916672,Wrong Sal,Netherlands,Rotterdam,REGIONAL,,,3,3,2019,2024,5
11497,4775825781020400907,Wes Lee,Netherlands,Amsterdam,REGIONAL,,,3,3,2024,2024,0
11498,3707094495166674180,Soundstream,Germany,Berlin,REGIONAL,,,6,8,2011,2026,15
11499,9086503376954324390,DJ Nomad,Switzerland,All,REGIONAL,,,2,2,2018,2019,1
11500,6088554014288643073,Alison Swing,United States of America,Los Angeles,TOP1000,,,6,10,2018,2024,6
11501,8563984527333510071,La Dame,Belgium,Brussels,REGIONAL,,,2,2,2022,2023,1
11502,4701483530638996638,Maito,Belgium,Brussels,REGIONAL,,,1,3,2023,2025,2
11503,8846927471025287788,Bennet (DE),Germany,Hannover,REGIONAL,,,3,4,2024,2025,1
11504,7247299863919996673,Ridoe,Belgium,All,REGIONAL,,,1,1,2024,2024,0
11505,8897919978926487961,Paulo Sea,Belgium,Brussels,REGIONAL,,,1,4,2024,2026,2
11506,1037923965334262439,98dots,Georgia,Tbilisi,REGIONAL,,,1,1,2024,2024,0
11507,2962816002056682020,Basile3,France,Central,REGIONAL,,,1,1,2025,2025,0
11508,4447960700575134816,Mouataz,Morocco,All,REGIONAL,,,2,2,2025,2025,0
11509,6255428945619650022,Farah (2),Morocco,All,REGIONAL,,,2,2,2025,2025,0
11510,8804827994436041113,PALA10,Belgium,Brussels,REGIONAL,,,1,2,2025,2026,1
11511,7290061286226446868,Renoiterrible,Belgium,Brussels,REGIONAL,,,1,1,2025,2025,0
11512,5109851009312162215,Elissa Suckdog,United States of America,San Francisco/Oakland,REGIONAL,,,2,2,2022,2025,3
11513,1028963931585729547,Tobha,Belgium,All,REGIONAL,,,1,1,2025,2025,0
11514,3676651117026821922,essi,Belgium,Brussels,REGIONAL,,,1,1,2026,2026,0
11515,7608072559989428899,Helen Island,France,Paris,REGIONAL,,,1,1,2026,2026,0
11516,6924877944985025484,Polar Inertia,France,Paris,TOP1000,,,4,5,2017,2026,9
11517,6446220030312956809,Stella K,France,Rennes,REGIONAL,,,1,1,2026,2026,0
11518,8270206603968258267,Davy,Belgium,All,REGIONAL,,,1,1,2026,2026,0
11519,223957439516322815,Desert Sound Colony,United Kingdom,London,REGIONAL,,,7,8,2016,2022,6
11520,7584109202388104766,Future Disco,United Kingdom,London,REGIONAL,,,1,1,2017,2017,0
11521,6092873265127929794,Z Lovecraft,United Kingdom,London,REGIONAL,,,1,6,2018,2022,4
11522,1000434495676808879,Digby,United Kingdom,London,TOP1000,,,4,8,2013,2023,10
11523,8787380098258239514,Pinty,United Kingdom,London,REGIONAL,,,1,2,2021,2021,0
11524,5981948226773176451,Oscar Jerome,United Kingdom,London,REGIONAL,,,2,4,2021,2025,4
11525,7279426868281664,Huna,United Kingdom,London,REGIONAL,,,1,1,2022,2022,0
11526,6077730354298833309,Lucinda Chua,United Kingdom,London,REGIONAL,,,2,2,2023,2023,0
11527,1464815204058350877,George Riley,United Kingdom,London,REGIONAL,,,2,3,2021,2023,2
11528,3157510344727148028,Rosie Ama,United Kingdom,Midlands,REGIONAL,,,10,18,2018,2026,8
11529,8335543160860252838,Debby Friday,Canada,Montreal,REGIONAL,,,2,2,2024,2024,0
11530,8976771857203876461,Nathanael Colours,United Kingdom,London,REGIONAL,,,1,1,2024,2024,0
11531,4009935933211586095,Armând,United Kingdom,London,REGIONAL,,,2,5,2023,2026,3
11532,96116513782128939,Astrid Sonne,Denmark,Copenhagen,REGIONAL,,,5,5,2019,2025,6
11533,405816998133836976,Kassie Krut,United States of America,Philadelphia,REGIONAL,,,2,2,2025,2025,0
11534,7181713126051941600,Theo Terev,France,Paris,REGIONAL,,,2,2,2024,2025,1
11535,4208797444637917293,DJ Caring,Portugal,Lisbon,REGIONAL,,,2,2,2025,2026,1
11536,4589973840537654491,Oscillation,Chile,All,REGIONAL,,,1,1,2026,2026,0
11537,5905784379180012990,Night Titan,United Kingdom,London,REGIONAL,,,1,1,2010,2010,0
11538,2382763509562195627,John Marshall,United Kingdom,London,REGIONAL,,,1,3,2010,2012,2
11539,7465931974633719511,Timothy Alexander,Germany,Berlin,REGIONAL,,,1,1,2011,2011,0
11540,7088216011665202532,Stone,,,,,,1,1,2011,2011,0
11541,3387456051611406198,Round Table Knights,Switzerland,All,REGIONAL,,,1,1,2011,2011,0
11542,13482806995907342,Count Chocula,United Kingdom,London,REGIONAL,,,2,2,2011,2013,2
11543,6189879291319910722,Alec Function,United Kingdom,London,REGIONAL,,,1,5,2011,2015,4
11544,5486672371147166428,Ben Gomori,United Kingdom,London,REGIONAL,,,4,11,2011,2025,14
11545,8647791783212391271,Charlie Banks,United Kingdom,London,REGIONAL,,,2,10,2012,2024,12
11546,222761265468013935,Idiosync,Russia,Saint Petersburg,REGIONAL,,,1,1,2012,2012,0
11547,2754757104353110868,Antagonist,United Kingdom,Manchester,REGIONAL,,,1,1,2012,2012,0
11548,2704381818951467288,Leadbelly,United Kingdom,North,REGIONAL,,,1,1,2012,2012,0
11549,7921503280511514662,Arthur Jnr,United Kingdom,Midlands,REGIONAL,,,1,1,2012,2012,0
11550,5995706613620510665,Guy Richards,United Kingdom,North,REGIONAL,,,1,2,2012,2013,1
11551,8139643096287320930,Aartekt,United Kingdom,North,REGIONAL,,,2,2,2012,2012,0
11552,3301176559917046533,Steve Westover,United Kingdom,London,REGIONAL,,,1,1,2012,2012,0
11553,6613691106796600205,Ryan Davis,Germany,Berlin,REGIONAL,,,1,1,2013,2013,0
11554,6324366976343637909,BareSkin,United Kingdom,London,REGIONAL,,,1,2,2013,2014,1
11555,3370401204789119402,Richard Rowell,United Kingdom,London,REGIONAL,,,1,2,2013,2014,1
11556,162609250876416463,Jay Shepheard,Germany,Berlin,REGIONAL,,,1,1,2014,2014,0
11557,2301619803637703080,Zero 7,United Kingdom,London,REGIONAL,,,3,3,2014,2025,11
11558,2374688420723729088,Avatism,Italy,Central,REGIONAL,,,2,2,2014,2015,1
11559,7480573317474979120,Medlar,United Kingdom,London,REGIONAL,,,6,8,2014,2019,5
11560,1363911717377085767,TCTS,United Kingdom,London,REGIONAL,,,2,2,2014,2015,1
11561,681797199611295364,Spam,United States of America,California,REGIONAL,,,1,1,2014,2014,0
11562,7941535814777838243,Jackson Blumenthal,United Kingdom,London,REGIONAL,,,1,2,2014,2015,1
11563,2954441816124812991,Cottam,United Kingdom,North,REGIONAL,,,1,1,2015,2015,0
11564,5849727647595626858,Last Waltz,United Kingdom,North,REGIONAL,,,2,4,2015,2017,2
11565,3939274079584067270,Walker,,,,,,2,2,2015,2016,1
11566,9197380805556255909,Cherrie Flava,United Kingdom,London,REGIONAL,,,1,1,2015,2015,0
11567,3531861706714394528,Em Williams,United Kingdom,West + Wales,REGIONAL,,,5,14,2014,2024,10
11568,2644535631085687235,FYI Chris,United Kingdom,London,REGIONAL,,,3,4,2015,2024,9
11569,222677576535541992,Waifs,,,,,,4,11,2012,2019,7
11570,8710248395534828200,Alan Cross,United Kingdom,London,REGIONAL,,,1,3,2016,2018,2
11571,1231803551416067752,Moomin,Germany,Berlin,REGIONAL,,,2,2,2016,2017,1
11572,8990068416863273650,Skymark,Spain,Barcelona,REGIONAL,,,1,1,2017,2017,0
11573,5397201000360071763,Sven Atterton,United Kingdom,South + East,REGIONAL,,,3,8,2017,2025,8
11574,1578977665797977209,Metaphi,United Kingdom,Midlands,REGIONAL,,,1,1,2017,2017,0
11575,6118085108841520890,Il Bosco,United Kingdom,North,REGIONAL,,,4,9,2017,2025,8
11576,5051127837669983444,Ariwo,United Kingdom,London,REGIONAL,,,4,4,2018,2022,4
11577,863975453572817430,Happy Meals,United Kingdom,Glasgow,REGIONAL,,,1,1,2018,2018,0
11578,966073598845302963,Jack Priest,United Kingdom,West + Wales,REGIONAL,,,1,1,2018,2018,0
11579,5196344055304340263,Anton Fitz,United Kingdom,North,REGIONAL,,,1,2,2018,2019,1
11580,7227574302826982605,Adam Curtain,United Kingdom,London,REGIONAL,,,3,11,2019,2026,7
11581,3700172233889775494,Dimas,Canada,Vancouver,REGIONAL,,,2,2,2022,2022,0
11582,137902236543953112,Jim Bane,United Kingdom,North,REGIONAL,,,1,1,2022,2022,0
11583,4497610116795614823,DJ YAMi,United Kingdom,Manchester,REGIONAL,,,1,3,2022,2024,2
11584,5397199451009345719,Lateral,Australia,Melbourne,REGIONAL,,,1,1,2022,2022,0
11585,6176251089576869923,Sarah Bates,United Kingdom,Manchester,REGIONAL,,,1,1,2022,2022,0
11586,9103049430375189317,Acid James,United Kingdom,London,REGIONAL,,,2,4,2022,2024,2
11587,4444194900567630757,Doogi,United Kingdom,Glasgow,REGIONAL,,,1,3,2023,2025,2
11588,6994988358627631928,Miggs,United Kingdom,North,REGIONAL,,,3,4,2023,2026,3
11589,2895781056946173610,Saturn Sisters,United Kingdom,London,REGIONAL,,,2,6,2023,2026,3
11590,1242947340705517168,ZeroFG,United Kingdom,London,REGIONAL,,,1,1,2024,2024,0
11591,3915223700984712805,BVNQUET,United Kingdom,London,REGIONAL,,,1,1,2024,2024,0
11592,8748307148116707574,Ethan.,United Kingdom,Manchester,REGIONAL,,,1,1,2024,2024,0
11593,1213855127208105178,Kojay,United Kingdom,London,REGIONAL,,,3,3,2023,2025,2
11594,6610229687970778438,Tolu,United Kingdom,London,REGIONAL,,,2,3,2025,2026,1
11595,1853604768894825197,Jack Love,Australia,Melbourne,REGIONAL,,,1,1,2025,2025,0
11596,4790196494970644823,Seneca,United States of America,Chicago,REGIONAL,,,1,1,2025,2025,0
11597,5368922431728579760,Cam Harrop,United Kingdom,Leeds,REGIONAL,,,1,1,2025,2025,0
11598,2293554422642343278,Torin Grady,United Kingdom,Leeds,REGIONAL,,,1,1,2025,2025,0
11599,8164603534578267632,Grant Dell,United Kingdom,London,REGIONAL,,,3,3,2026,2026,0
11600,6799445850762885011,The Micronauts,France,Paris,REGIONAL,,,1,1,2008,2008,0
11601,2638063000233104587,DJ Pone,France,Paris,REGIONAL,,,1,2,2008,2013,5
11602,8690117854838408800,Miss Trouble,United Kingdom,London,REGIONAL,,,1,4,2010,2014,4
11603,5520747304205753127,Supermayer,Germany,Cologne,REGIONAL,,,1,1,2011,2011,0
11604,2650844855297228099,Epistaxis,United States of America,New York City,REGIONAL,,,1,1,2011,2011,0
11605,1618925883753336473,Green Velvet,United States of America,Chicago,TOP1000,,,4,6,2007,2019,12
11606,6495404626203368352,Remain,France,Paris,REGIONAL,,,1,1,2012,2012,0
11607,7814390245954702696,Rone,France,Paris,REGIONAL,,,3,17,2009,2020,11
11608,6581044133473349295,The Noisy Freaks,France,Paris,REGIONAL,,,1,2,2014,2014,0
11609,655219655572014652,Cleonce,France,West,REGIONAL,,,2,5,2014,2016,2
11610,8932928269366759628,Eekkoo,Canada,Quebec City,REGIONAL,,,1,1,2015,2015,0
11611,2754755216600673833,Bassilus C,Canada,Montreal,REGIONAL,,,1,1,2015,2015,0
11612,940607420143197392,TORB,France,Paris,REGIONAL,,,1,1,2015,2015,0
11613,1749906004045027321,Casual Gabberz,France,Paris,REGIONAL,,,1,2,2017,2019,2
11614,369098254956800062,Strip Steve,France,South West,REGIONAL,,,1,1,2018,2018,0
11615,2461718909242568980,Not Waving,United Kingdom,London,REGIONAL,,,2,2,2018,2018,0
11616,3366769018470119239,satronica,United States of America,Washington DC,REGIONAL,,,1,1,2018,2018,0
11617,7483520067006871108,Animal Holocaust,France,West,REGIONAL,,,1,1,2018,2018,0
11618,465502483154106670,Somoine,France,Paris,REGIONAL,,,1,1,2019,2019,0
11619,1326642272955425533,Dr.ELFA,France,West,REGIONAL,,,1,1,2019,2019,0
11620,4508131026335004226,Regina Demina,France,Paris,REGIONAL,,,1,1,2019,2019,0
11621,6986503563691096456,Sharplines,Italy,South,REGIONAL,,,1,1,2019,2019,0
11622,1568711893745528794,Côme,France,West,REGIONAL,,,1,1,2019,2019,0
11623,5422081785056787734,Cuften,France,North,REGIONAL,,,1,13,2020,2025,5
11624,378837873968559845,Nexus,Italy,Rome,REGIONAL,,,1,1,2022,2022,0
11625,6573253882393100215,INFRAVISION,France,South West,REGIONAL,,,4,4,2022,2024,2
11626,4892298564646537344,Sylvere,France,Paris,REGIONAL,,,1,1,2023,2023,0
11627,9065346246168774766,Princ3kx,France,Nantes,REGIONAL,,,2,2,2024,2025,1
11628,3791596457676992065,LEY MAR (2),France,Paris,REGIONAL,,,1,2,2024,2024,0
11629,7738886339368879445,VALISE,United States of America,New York City,REGIONAL,,,1,1,2024,2024,0
11630,6718740663472570092,Zaatar,Morocco,All,REGIONAL,,,1,1,2024,2024,0
11631,6822364492796890689,Antilogic,France,Rennes,REGIONAL,,,1,3,2025,2025,0
11632,9054842106855010975,WAASS,,,REGIONAL,,,1,1,2025,2025,0
11633,1436664536413657252,Nawme,France,South West,REGIONAL,,,1,1,2025,2025,0
11634,2318656333174016618,A Sagittariun,United Kingdom,London,REGIONAL,,,2,3,2014,2018,4
11635,8524709518445303845,Mudd,United Kingdom,London,REGIONAL,,,2,4,2016,2022,6
11636,1987405444606978947,Lord Of The Isles,United Kingdom,Scotland,REGIONAL,,,4,6,2016,2017,1
11637,6673350608347173914,Discodromo,Germany,Berlin,REGIONAL,,,3,3,2016,2018,2
11638,7752305008649765951,Eric Duncan,United States of America,New York City,TOP1000,,,3,11,2014,2025,11
11639,6214652123948104616,NVWLS,United Kingdom,London,REGIONAL,,,1,2,2016,2018,2
11640,1971209493325735051,Paddy Freeform,United Kingdom,London,REGIONAL,,,3,6,2009,2016,7
11641,2983423630647345135,Wild Sirenda,United Kingdom,London,REGIONAL,,,1,2,2016,2017,1
11642,3948454810900495973,Tim Sweeney,United States of America,New York City,TOP1000,,,4,8,2011,2025,14
11643,6566176188175590589,Justin Van Der Volgen,United States of America,New York City,REGIONAL,,,1,2,2017,2022,5
11644,3645449711992927444,Kelvin Andrews,United Kingdom,London,REGIONAL,,,1,5,2017,2019,2
11645,2104985435716954864,Brian Ring,Germany,Berlin,REGIONAL,,,1,1,2017,2017,0
11646,2408920890282494627,Joe Morris,United Kingdom,North,REGIONAL,,,1,1,2017,2017,0
11647,3284977493260270847,Christophe,United Kingdom,West + Wales,REGIONAL,,,1,7,2018,2024,6
11648,1194517203882341813,Colin Perkins,Ireland,All,REGIONAL,,,1,2,2018,2018,0
11649,886391598861792744,V musique,Belgium,All,REGIONAL,,,1,2,2019,2019,0
11650,8019374193792334694,Chris Bowen,United States of America,Los Angeles,REGIONAL,,,1,3,2019,2022,3
11651,1388215603086966897,Derek Carr,Ireland,All,REGIONAL,,,1,1,2019,2019,0
11652,7963250672867417640,James Dyer,United Kingdom,West + Wales,REGIONAL,,,1,2,2019,2020,1
11653,1812690643419449916,Lawrence Klein,Croatia,All,REGIONAL,,,2,3,2019,2023,4
11654,4861804454348145967,Steve Rice,United Kingdom,London,REGIONAL,,,2,4,2013,2024,11
11655,2015124344929297742,TamTam,United Kingdom,North,REGIONAL,,,2,2,2022,2022,0
11656,717372404373172245,Running Hot,United Kingdom,West + Wales,REGIONAL,,,4,7,2022,2026,4
11657,8105111048117097653,Laseech,Croatia,All,REGIONAL,,,1,1,2023,2023,0
11658,8316484817143135315,Chris Cruse,United States of America,Los Angeles,REGIONAL,,,2,2,2022,2024,2
11659,7709653529128621692,ddwy,United Kingdom,London,REGIONAL,,,4,5,2023,2026,3
11660,8112756709785783221,Alfie Aukett,United Kingdom,London,REGIONAL,,,2,2,2025,2025,0
11661,9016161817045905540,Junior,Turkey,Istanbul,REGIONAL,,,2,3,2023,2025,2
11662,1223250448261560229,Iñigo Vontier,Mexico,Monterrey,REGIONAL,,,1,1,2026,2026,0
11663,3208809856463769588,Reecha,United Kingdom,London,REGIONAL,,,1,1,2013,2013,0
11664,2256313534616386583,Huntleys,,,,,,1,3,2013,2014,1
11665,6071707126231616808,Palmers,,,,,,1,3,2013,2014,1
11666,4783327051221229158,DrumTalk,United Kingdom,London,REGIONAL,,,1,3,2013,2014,1
11667,1232294758471712075,Joel Kane,United Kingdom,London,REGIONAL,,,1,7,2014,2019,5
11668,5573194854221570086,Moniker,United States of America,Los Angeles,REGIONAL,,,1,3,2014,2015,1
11669,7231975364073113048,Neil Quinn,United Kingdom,Midlands,REGIONAL,,,1,2,2014,2014,0
11670,7251968220056876091,Mark E,United Kingdom,London,REGIONAL,,,2,6,2013,2018,5
11671,4788221104791475491,Miro SundayMusiq,United Kingdom,London,REGIONAL,,,1,6,2016,2024,8
11672,7585447440816075466,Scott Garcia,United Kingdom,London,REGIONAL,,,1,1,2018,2018,0
11673,3390789049565764749,BOBBIE*,Germany,Hamburg,REGIONAL,,,2,2,2018,2018,0
11674,3287050459551128767,Andy Green,United Kingdom,London,REGIONAL,,,2,3,2018,2026,8
11675,3440460071133864570,SOUVENIR,United Kingdom,London,REGIONAL,,,1,1,2019,2019,0
11676,4576763515699253204,Lewis Lowe,United Kingdom,Scotland,REGIONAL,,,1,5,2022,2026,4
11677,8077073836375570003,roop,United Kingdom,Manchester,REGIONAL,,,1,1,2022,2022,0
11678,7510146934008680743,Big Leg,Germany,Berlin,REGIONAL,,,1,1,2023,2023,0
11679,739207751998071290,Cerpintxt,Egypt,All,REGIONAL,,,1,3,2023,2025,2
11680,432203584457326955,Marijn S,Netherlands,Amsterdam,REGIONAL,,,1,1,2023,2023,0
11681,137687750241820172,Babajide,United Kingdom,London,REGIONAL,,,1,1,2024,2024,0
11682,3087722408201667436,Compliments,United Kingdom,North,REGIONAL,,,1,2,2024,2025,1
11683,8982499572289582885,Gaucho (UK),United Kingdom,London,REGIONAL,,,3,3,2024,2026,2
11684,4538580569602828915,Alfred Czital,Czech Republic,All,REGIONAL,,,1,1,2026,2026,0
11685,4596167606173068926,luvandula,United Kingdom,London,REGIONAL,,,1,1,2026,2026,0
11686,7337403207987802353,Telexketch,Spain,Barcelona,REGIONAL,,,1,1,2018,2018,0
11687,2675625524099375212,Ewan Pearson,United Kingdom,London,REGIONAL,,,1,1,2018,2018,0
11688,8349534390814397262,Mistakes Are Ok,Spain,Barcelona,REGIONAL,,,1,1,2019,2019,0
11689,5472512998371759747,Alan Braxe,France,Paris,REGIONAL,,,2,2,2019,2023,4
11690,3286271645378108496,DjSport,Mauritius,All,REGIONAL,,,1,1,2024,2024,0
11691,1015113524698040065,Family Matters,Spain,Barcelona,REGIONAL,,,1,1,2024,2024,0
11692,5765178624788439273,You_el,Spain,North,REGIONAL,,,1,1,2024,2024,0
11693,7020355100456478702,Fancy Nancy,Colombia,Medellin,REGIONAL,,,1,1,2025,2025,0
11694,6888205646790728959,Mena G,Spain,Madrid,REGIONAL,,,1,1,2025,2025,0
11695,4537292422720440674,Carolina (3),,,,,,1,1,2025,2025,0
11696,8552823233076776178,Lechuga Zafiro,Uruguay,All,REGIONAL,,,2,2,2026,2026,0
11697,3451162654135219596,XD Erica,Brazil,Sao Paulo,REGIONAL,,,1,1,2026,2026,0
11698,6705055252497272124,Clair Gill,United Kingdom,London,REGIONAL,,,1,1,2026,2026,0
11699,7580559129761931949,Elijah,United Kingdom,London,REGIONAL,,,2,3,2022,2026,4
11700,641003641181913496,William Köster,Netherlands,Amsterdam,REGIONAL,,,1,1,2013,2013,0
11701,5898929535755751710,Luke Hess,United States of America,Detroit,REGIONAL,,,4,4,2013,2019,6
11702,235796825888554290,Freak Strano,Netherlands,All,REGIONAL,,,1,2,2013,2014,1
11703,5713271263174657622,David Hülsken,Netherlands,Utrecht,REGIONAL,,,1,2,2015,2021,6
11704,2491589757856787968,Thugfucker,United States of America,New York City,REGIONAL,,,2,2,2015,2016,1
11705,6757393388662061533,Maxi Mill,Netherlands,Amsterdam,REGIONAL,,,2,2,2015,2015,0
11706,2530059002785912493,Rocko Garoni,Germany,Berlin,REGIONAL,,,1,1,2016,2016,0
11707,1725507151593138926,Warren Fellow,Netherlands,All,REGIONAL,,,3,4,2007,2016,9
11708,6873929426906013006,Olaf Stuut,Netherlands,Amsterdam,REGIONAL,,,2,2,2016,2016,0
11709,6002366812689877082,Vadim Svoboda,France,Paris,REGIONAL,,,1,1,2017,2017,0
11710,4125803785530385558,Julian Alexander,Netherlands,Utrecht,REGIONAL,,,2,2,2017,2018,1
11711,1473398943365113039,Mickey Munday,Netherlands,All,REGIONAL,,,1,1,2017,2017,0
11712,498363496443964243,Klankveld,Germany,Mannheim,REGIONAL,,,1,1,2018,2018,0
11713,6545253299933749241,Human Resource,Netherlands,All,REGIONAL,,,1,1,2019,2019,0
11714,733673122329698789,Mino Abadier,Netherlands,Amsterdam,REGIONAL,,,1,1,2019,2019,0
11715,5507086993962064282,Enrico Mantini,Italy,Central,REGIONAL,,,1,1,2019,2019,0
11716,7910619057661084026,Ivan Iacobucci,Germany,Berlin,REGIONAL,,,1,2,2021,2022,1
11717,4138491779262291705,Kracht,Netherlands,All,REGIONAL,,,1,1,2021,2021,0
11718,5345964489625210862,E-Talking,France,Paris,REGIONAL,,,2,2,2024,2024,0
11719,3191894425029432071,Match Box,Netherlands,Amsterdam,REGIONAL,,,2,2,2018,2024,6
11720,3440409077362455846,Tommy Chikara,Netherlands,Amsterdam,REGIONAL,,,1,1,2025,2025,0
11721,288207802880225231,Snu,Germany,Munich,REGIONAL,,,1,1,2025,2025,0
11722,5731461792446912663,Selene,United States of America,New Mexico,REGIONAL,,,1,1,2026,2026,0
11723,3270263331442602022,D'Jamency,France,South East,REGIONAL,,,1,3,2006,2011,5
11724,2292022364193418020,Ada,Germany,Hamburg,TOP1000,,,1,2,2007,2012,5
11725,8967634105294482676,DJ Krush,Japan,Tokyo,TOP1000,,,1,1,2008,2008,0
11726,6409177382779078111,The bPm,United Kingdom,London,REGIONAL,,,1,1,2009,2009,0
11727,8619769674468825733,Masomenos,France,Paris,REGIONAL,,,1,1,2009,2009,0
11728,6381849274881257520,BONBONS,Germany,Leipzig,REGIONAL,,,1,1,2009,2009,0
11729,356542912670961825,Everydayz,France,Central,REGIONAL,,,1,1,2011,2011,0
11730,4414701475346206483,Atix,France,Lyon,REGIONAL,,,1,3,2011,2014,3
11731,7521783064809311998,Renart,France,Paris,REGIONAL,,,1,3,2011,2012,1
11732,4303690154940732234,Bobmo,France,Paris,REGIONAL,,,1,1,2011,2011,0
11733,5287941113460451688,Klement Bonelli,France,West,REGIONAL,,,2,3,2012,2016,4
11734,6889442725771485835,Roman Rai,Czech Republic,All,REGIONAL,,,1,1,2012,2012,0
11735,2675548644789526957,Villanova,France,Paris,REGIONAL,,,1,2,2013,2013,0
11736,7666305117118173999,Shigeto,United States of America,New York City,REGIONAL,,,1,2,2013,2013,0
11737,3369935148215437834,Qoso,France,South East,REGIONAL,,,1,2,2013,2013,0
11738,20142995373792611,Abschaum,France,Paris,REGIONAL,,,1,5,2013,2019,6
11739,3003830602793198030,Saison,United Kingdom,London,REGIONAL,,,1,1,2013,2013,0
11740,6623134444709104919,Ten Walls,Lithuania,All,REGIONAL,,,2,3,2014,2015,1
11741,123252591457883710,Rule,France,Paris,REGIONAL,,,1,1,2014,2014,0
11742,9165952291947792732,DJ Alban,Sweden,Stockholm,REGIONAL,,,1,1,2015,2015,0
11743,8984039352447796577,Real Lies,United Kingdom,London,REGIONAL,,,2,2,2015,2024,9
11744,6344539735040085508,Hardrock Striker,France,Paris,REGIONAL,,,1,1,2015,2015,0
11745,4001136915436152905,Marcus L,South Korea,Seoul,REGIONAL,,,1,1,2016,2016,0
11746,3504209941499846499,Triad,Germany,Hannover,REGIONAL,,,1,1,2016,2016,0
11747,9171769587460717867,Les Fils de Jacob,France,Lyon,REGIONAL,,,3,4,2018,2021,3
11748,4112539906732014747,Femanyst,Germany,Berlin,REGIONAL,,,2,2,2018,2018,0
11749,5056744402834098559,Nari Fshr,France,Paris,REGIONAL,,,1,1,2018,2018,0
11750,6632761618843505415,Tropic Of Cancer,United States of America,Los Angeles,REGIONAL,,,1,1,2018,2018,0
11751,7930668189335810326,De Dupe,Netherlands,The Hague,REGIONAL,,,1,1,2019,2019,0
11752,1007992264187588341,Mystic Jungle,Italy,Naples,REGIONAL,,,1,1,2019,2019,0
11753,7854505619126533783,Zarkoff,Croatia,All,REGIONAL,,,2,3,2015,2021,6
11754,5167208472035820655,Mykki Blanco,United States of America,New York City,REGIONAL,,,3,3,2017,2022,5
11755,7553449170097771836,Minimal Violence,Canada,Vancouver,REGIONAL,,,1,1,2020,2020,0
11756,7365868599988773994,Poté,United Kingdom,London,REGIONAL,,,2,3,2020,2024,4
11757,4504373605011476423,P errine,France,Lyon,REGIONAL,,,2,3,2021,2026,5
11758,7938523936687854698,Shlømo,France,Paris,TOP1000,,,3,4,2017,2025,8
11759,384308024162702678,Jacques Satre,France,Central,REGIONAL,,,1,1,2021,2021,0
11760,8073371896836331807,Jean Mi,,,,,,2,2,2020,2021,1
11761,8933691167071944018,Danny L Harle,United Kingdom,London,REGIONAL,,,1,1,2022,2022,0
11762,3391810236948880358,River Yarra,Australia,Melbourne,REGIONAL,,,1,1,2022,2022,0
11763,2247530166140193776,Glitter,Brazil,All,REGIONAL,,,1,1,2022,2022,0
11764,4599887200448698499,Abul Mogard,Italy,Rome,REGIONAL,,,3,3,2023,2026,3
11765,2843791918120745515,amne,France,Paris,REGIONAL,,,1,2,2023,2026,3
11766,8425045178644083579,Katarina Gryvul,Ukraine,Kyiv,REGIONAL,,,1,1,2023,2023,0
11767,3137655753610896473,Furie,Poland,All,REGIONAL,,,1,1,2023,2023,0
11768,2784828398468595941,Dasha Atom,Ukraine,All,REGIONAL,,,1,1,2024,2024,0
11769,671985863207720501,NZIRIA,Italy,Naples,REGIONAL,,,2,2,2022,2024,2
11770,1347409683862347973,Toupaz,Austria,All,REGIONAL,,,1,1,2024,2024,0
11771,7089131873070447797,oror,France,Lyon,REGIONAL,,,1,1,2024,2024,0
11772,8425431530075249302,Rama (2),Egypt,All,REGIONAL,,,1,1,2024,2024,0
11773,1627649167715755488,Korea Town Acid,South Korea,Seoul,REGIONAL,,,1,1,2025,2025,0
11774,2469811394445560612,Minna-no-Kimochi,United Kingdom,London,REGIONAL,,,2,2,2025,2025,0
11775,2311154930644358886,Mogwaa,South Korea,All,REGIONAL,,,3,3,2025,2025,0
11776,5784472785306890148,Istigkeit,France,Lyon,REGIONAL,,,1,1,2025,2025,0
11777,2250067645657993473,BRUM (2),France,Lyon,REGIONAL,,,1,1,2025,2025,0
11778,5214446397771133349,Naajet (2),France,Paris,REGIONAL,,,1,1,2025,2025,0
11779,6574671938837117817,Kirara (2),France,French Riviera,REGIONAL,,,2,2,2025,2026,1
11780,4817147426544216861,AGF,Finland,All,REGIONAL,,,1,1,2026,2026,0
11781,7362457949512022048,Linapary,Colombia,All,REGIONAL,,,1,1,2026,2026,0
11782,6081816159469049971,PLEUR,France,Paris,REGIONAL,,,1,1,2026,2026,0
11783,3563490135335292301,Isablu,Colombia,Bogotá,REGIONAL,,,1,1,2026,2026,0
11784,3946068012517025386,2AT,Colombia,Bogotá,REGIONAL,,,1,1,2026,2026,0
11785,5038755736393099244,Hiver,Italy,North,REGIONAL,,,2,24,2017,2026,9
11786,375362810823229549,Codeless,Italy,South,REGIONAL,,,1,1,2017,2017,0
11787,2542645838536825539,The Barking Dogs,Italy,North,REGIONAL,,,1,1,2018,2018,0
11788,16592473107010879,Federico (2),Italy,Milan,REGIONAL,,,1,1,2018,2018,0
11789,7839662619723933273,Caravaca,Spain,Madrid,REGIONAL,,,1,1,2018,2018,0
11790,6488573720719422917,The Analogue Cops,Germany,Berlin,REGIONAL,,,1,1,2019,2019,0
11791,4055945139922412898,Erica Menei,Italy,Central,REGIONAL,,,1,2,2020,2020,0
11792,6663229087337210527,Napoli Segreta,Italy,Naples,REGIONAL,,,1,2,2020,2021,1
11793,3814231694811358950,Blinky,Italy,Milan,REGIONAL,,,1,1,2020,2020,0
11794,4441701790109357813,Adi Shabat,Israel,Tel Aviv,REGIONAL,,,1,1,2020,2020,0
11795,6450395342139647140,Lumière (IT),Italy,Central,REGIONAL,,,1,1,2022,2022,0
11796,2038854172621334691,Bulma Brief,Italy,Central,REGIONAL,,,1,3,2024,2024,0
11797,7100408020247440093,GNMR,Italy,Central,REGIONAL,,,3,7,2024,2026,2
11798,8211108952306268533,Boca Roxa,Portugal,Lisbon,REGIONAL,,,1,1,2024,2024,0
11799,3508558634496859951,MACE,United Kingdom,Liverpool,REGIONAL,,,1,1,2026,2026,0
11800,8174760336312345806,David Triana,Colombia,All,REGIONAL,,,3,4,2024,2026,2
11801,8704111938209307268,Miura,Ukraine,Kyiv,REGIONAL,,,1,1,2025,2025,0
11802,20723020813502937,Rafael Cerato,United Kingdom,London,REGIONAL,,,1,1,2025,2025,0
11803,4854825475438788672,Barry Price,,,REGIONAL,,,1,2,2013,2014,1
11804,1949493570610488984,Skudge,Sweden,All,TOP1000,,,3,3,2013,2019,6
11805,946671198445478918,Young Male,United States of America,New York City,REGIONAL,,,1,1,2014,2014,0
11806,3299691196402499790,Night Owl,United Kingdom,London,REGIONAL,,,1,1,2014,2014,0
11807,8953700760060776038,Marc Roberts,United Kingdom,London,REGIONAL,,,1,1,2014,2014,0
11808,4464001108630806686,Feelaz,Poland,All,REGIONAL,,,1,1,2015,2015,0
11809,787374100570257129,Franck Roger,France,Paris,REGIONAL,,,1,1,2015,2015,0
11810,247187395527998614,Koehler,United Kingdom,London,REGIONAL,,,1,1,2015,2015,0
11811,2127323568080328967,Naise,New Zealand,South Island,REGIONAL,,,1,1,2015,2015,0
11812,7877638914457107945,Alex Phountzi,United Kingdom,London,REGIONAL,,,2,2,2016,2019,3
11813,4507870429053521624,Galaxians,United Kingdom,North,REGIONAL,,,1,1,2016,2016,0
11814,7930520545721994239,Zomby,United Kingdom,London,TOP1000,,,1,1,2016,2016,0
11815,1980827814267330759,Scott Grooves,United States of America,Detroit,REGIONAL,,,1,1,2017,2017,0
11816,676400635977648812,Black Amiga,United Kingdom,West + Wales,REGIONAL,,,1,2,2017,2019,2
11817,3387261233334617205,Ben Hunter,United Kingdom,West + Wales,REGIONAL,,,1,1,2017,2017,0
11818,5822636469828602171,Darkhouse Family,United Kingdom,West + Wales,REGIONAL,,,1,2,2018,2018,0
11819,2144573877655700487,Julio Victoria,Colombia,Bogotá,REGIONAL,,,1,1,2018,2018,0
11820,2222474685084509583,Christian Jay,United Kingdom,West + Wales,REGIONAL,,,1,1,2019,2019,0
11821,6840595956527610517,ABOP,Croatia,All,REGIONAL,,,1,1,2019,2019,0
11822,503710030405536420,Champagne Funk,United Kingdom,London,REGIONAL,,,1,1,2019,2019,0
11823,7995775740300875511,Maedbh O'Connor,Ireland,All,REGIONAL,,,1,1,2019,2019,0
11824,1119155306778808236,Marina Karamarko,Croatia,All,REGIONAL,,,1,1,2019,2019,0
11825,951264841616760401,Niamh,Ireland,Dublin,REGIONAL,,,1,1,2019,2019,0
11826,6433752292832373563,RNXRX,Spain,Barcelona,REGIONAL,,,1,1,2019,2019,0
11827,6962042679701285735,Lisene,United Kingdom,Leeds,REGIONAL,,,1,2,2023,2023,0
11828,1010753796364317499,Space Cadets,United Kingdom,North,REGIONAL,,,2,3,2023,2025,2
11829,5265054949688073929,d.phylleia,United Kingdom,London,REGIONAL,,,1,2,2023,2023,0
11830,8734772218856088161,Albin,France,Paris,REGIONAL,,,1,1,2023,2023,0
11831,7289128027064228045,Resolute,United Kingdom,London,REGIONAL,,,1,1,2024,2024,0
11832,7691415968376803921,Etari,United States of America,Los Angeles,REGIONAL,,,1,1,2024,2024,0
11833,5086991100164505294,Kian OK,United Kingdom,Manchester,REGIONAL,,,2,4,2023,2026,3
11834,1464496260355650166,Sohrab (2),Germany,Hannover,REGIONAL,,,1,1,2025,2025,0
11835,1536606385711996564,Hanna,United States of America,Ohio,REGIONAL,,,1,1,2025,2025,0
11836,7057495283171548662,Oscar Faivre,France,Paris,REGIONAL,,,1,1,2026,2026,0
11837,5082650215816276455,Sueuga,United States of America,,REGIONAL,,,1,1,2026,2026,0
11838,4472775663530239468,Chris Tietjen,Germany,Frankfurt,REGIONAL,,,1,1,2008,2008,0
11839,2326953437940402752,Tobi Neumann,Germany,Berlin,REGIONAL,,,1,7,2011,2023,12
11840,5939782505488874610,Santé,Germany,Berlin,REGIONAL,,,2,3,2011,2017,6
11841,4185290492797353344,AKA AKA,Germany,Berlin,REGIONAL,,,2,3,2012,2014,2
11842,8272423657284782046,Rafael Da Cruz,Portugal,All,REGIONAL,,,1,1,2013,2013,0
11843,1517702288870770042,Ulf Alexander,Germany,Düsseldorf,REGIONAL,,,1,2,2014,2014,0
11844,4143640125276048346,Lexer,Germany,Leipzig,REGIONAL,,,1,1,2015,2015,0
11845,3573016889650210934,PAJI,Germany,Berlin,REGIONAL,,,1,3,2015,2017,2
11846,1928261556684586236,Marco Franica,Germany,Cologne,REGIONAL,,,1,1,2018,2018,0
11847,4473251887546234890,Pfeiffer,Germany,Cologne,REGIONAL,,,1,2,2018,2019,1
11848,2904985692367750043,Leon Hagen,Germany,Cologne,REGIONAL,,,1,3,2020,2023,3
11849,8399150947629503187,DCHM,Germany,Cologne,REGIONAL,,,1,5,2022,2025,3
11850,8507165041595740824,Anna Z.,Germany,Berlin,REGIONAL,,,1,2,2023,2023,0
11851,6168908712751201145,Aino DJ,Germany,Cologne,REGIONAL,,,1,1,2023,2023,0
11852,1697075639607369603,Dornen,Germany,Cologne,REGIONAL,,,1,1,2023,2023,0
11853,7521899073140214493,Claush,Italy,North,REGIONAL,,,1,1,2023,2023,0
11854,8206359493196672480,SENU,Germany,Berlin,REGIONAL,,,1,1,2024,2024,0
11855,3007353713443813208,Slimgirl fat,Germany,Berlin,REGIONAL,,,1,1,2024,2024,0
11856,2918279915006280076,yung_womb,,,REGIONAL,,,1,3,2024,2026,2
11857,6738757207002190117,Schwesta P,Germany,Münster,REGIONAL,,,1,4,2025,2026,1
11858,8672966578959441451,Nikity,Germany,Cologne,REGIONAL,,,1,3,2025,2026,1
11859,1636070075634676623,Dso,France,Paris,REGIONAL,,,1,1,2019,2019,0
11860,27586032884683438,Sammy Dee,Germany,Berlin,REGIONAL,,,4,4,2005,2019,14
11861,5711090690992789135,Jake Flory,United Kingdom,London,REGIONAL,,,1,1,2021,2021,0
11862,3738322934205361715,Ethan McNamara,United Kingdom,North,REGIONAL,,,2,2,2022,2025,3
11863,2997645512524363733,Luke Daniels,United Kingdom,Manchester,REGIONAL,,,1,1,2022,2022,0
11864,7546746234061948150,Mike Skinner,United Kingdom,London,REGIONAL,,,5,7,2012,2023,11
11865,2366425070920662263,Focus,United States of America,Minnesota,REGIONAL,,,1,1,2023,2023,0
11866,2594491311328858364,Love Machine,United Kingdom,Liverpool,REGIONAL,,,1,1,2026,2026,0
11867,6774415087571267955,Jenifa Mayanja,United States of America,New York City,TOP1000,,,2,7,2014,2022,8
11868,2536827488219270554,A Man Called Adam,United Kingdom,North,REGIONAL,,,2,2,2019,2019,0
11869,1885559671262170841,Max NRG Supply,Germany,Munich,REGIONAL,,,1,1,2023,2023,0
11870,8160037912456904751,Santa Leticia,Spain,South,REGIONAL,,,2,3,2024,2026,2
11871,5389351526838382775,Borge,United Kingdom,London,REGIONAL,,,3,5,2022,2025,3
11872,2214944665534523325,Last Nubian,United Kingdom,London,REGIONAL,,,2,3,2023,2026,3
11873,2888851946142831155,Arabesque,United Kingdom,London,REGIONAL,,,1,1,2026,2026,0
11874,149641725185413448,Denu,Turkey,Istanbul,REGIONAL,,,1,1,2024,2024,0
11875,7185012460055238450,Liam (Handclap),United Kingdom,London,REGIONAL,,,1,1,2024,2024,0
11876,3516368258213033526,Malissa,United Kingdom,Liverpool,REGIONAL,,,1,1,2024,2024,0
11877,8621258719051490879,BAY-BUSH-KA,United Kingdom,London,REGIONAL,,,2,3,2023,2026,3
11878,3965189880419704732,fTronic,United Kingdom,London,REGIONAL,,,1,1,2025,2025,0
11879,6379861389671220843,Perdiem,United Kingdom,London,REGIONAL,,,1,1,2025,2025,0
11880,7123477906995757501,Deejay Nye,United Kingdom,London,REGIONAL,,,1,1,2026,2026,0
11881,4984735278110168834,SG Lewis,United Kingdom,London,REGIONAL,,,2,3,2016,2024,8
11882,4537782402734327885,slowthai,United Kingdom,Midlands,REGIONAL,,,4,4,2019,2019,0
11883,4537565723738189809,ABSOLUTE.,United Kingdom,London,REGIONAL,,,2,2,2022,2023,1
11884,6366687854894622975,Ash Rah,Netherlands,Amsterdam,REGIONAL,,,1,1,2023,2023,0
11885,7205929836061671392,gd cmpny,United Kingdom,London,REGIONAL,,,1,1,2024,2024,0
11886,4790386007500299760,Rosa Red,Germany,Berlin,REGIONAL,,,1,1,2024,2024,0
11887,5886430800173632616,Jonny Cade,United Kingdom,London,REGIONAL,,,1,1,2012,2012,0
11888,5284485299193535642,Felix Leiter,United Kingdom,North,REGIONAL,,,1,2,2012,2013,1
11889,4362632153279833382,Alcatraz Harry,United Kingdom,North,REGIONAL,,,1,2,2012,2014,2
11890,8432199895884295571,Patrick Topping,United Kingdom,North,TOP1000,,,5,15,2014,2024,10
11891,4848841785478828596,Secondcity,United Kingdom,London,REGIONAL,,,1,1,2014,2014,0
11892,7994785263453429916,Paul Van Dyk,Germany,Berlin,REGIONAL,,,1,1,2014,2014,0
11893,8479758482829860623,W&W,Netherlands,Amsterdam,REGIONAL,,,1,1,2015,2015,0
11894,976985209714118388,Firebeatz,Netherlands,Amsterdam,REGIONAL,,,1,1,2015,2015,0
11895,6149359212941623179,Paul Oakenfold,United Kingdom,London,REGIONAL,,,1,1,2015,2015,0
11896,6801177645384509559,De La Swing,Spain,Barcelona,REGIONAL,,,1,1,2015,2015,0
11897,8753646173808651434,Watky,,,,,,1,1,2017,2017,0
11898,7365727932793414621,Corey James,United Kingdom,Liverpool,REGIONAL,,,1,1,2017,2017,0
11899,8609657437006188708,Jamie Duggan,United Kingdom,Sheffield,REGIONAL,,,1,2,2018,2019,1
11900,8696092794686768963,Un.Co,United Kingdom,Leeds,REGIONAL,,,1,1,2019,2019,0
11901,8102650029869445810,Verde,,,,,,1,1,2021,2021,0
11902,2033488361008256829,Matt Guy,United Kingdom,Midlands,REGIONAL,,,1,1,2023,2023,0
11903,4078669149427051493,Emily Nash,United Kingdom,London,REGIONAL,,,1,1,2023,2023,0
11904,8900930337639869696,Hailu Mergia,,,REGIONAL,,,2,2,2019,2019,0
11905,2196469281983341612,Minor Science,Germany,Berlin,REGIONAL,,,2,2,2019,2021,2
11906,4221857221159337127,Colin Curtis,United Kingdom,Midlands,REGIONAL,,,1,6,2019,2024,5
11907,6536742057529988048,Hejira,Australia,Brisbane,REGIONAL,,,1,1,2019,2019,0
11908,6657595922135157305,Taz Modi,United Kingdom,London,REGIONAL,,,1,1,2019,2019,0
11909,5214992162484656172,Kuzich,Australia,Perth,REGIONAL,,,1,1,2019,2019,0
11910,5810491772199612638,Mike Dunn,United States of America,Chicago,REGIONAL,,,2,5,2019,2022,3
11911,8128471201814524054,4 Hero,United Kingdom,London,REGIONAL,,,1,1,2019,2019,0
11912,3880207241723627639,The Hearts of Gold,,,,,,1,1,2019,2019,0
11913,7766524081034850395,Joe Muggs,United Kingdom,London,REGIONAL,,,1,1,2019,2019,0
11914,1662945893935268253,Sally Rodgers,United Kingdom,North,REGIONAL,,,1,2,2019,2022,3
11915,8334054304109450653,Tim Garcia,United Kingdom,London,REGIONAL,,,2,4,2019,2024,5
11916,5261845319854565749,Nashe xx,United Kingdom,North,REGIONAL,,,1,1,2019,2019,0
11917,4573871385908927446,DJ Lycox,Portugal,Lisbon,REGIONAL,,,1,1,2020,2020,0
11918,4104573162316718559,Ratomagoson,United Kingdom,London,REGIONAL,,,1,1,2020,2020,0
11919,5337870735307227184,Setwun,Australia,Sydney,REGIONAL,,,1,2,2020,2022,2
11920,6022791840317536047,Middle Name Dance Band,Australia,Brisbane,REGIONAL,,,1,1,2022,2022,0
11921,3816628399992303041,Sampology,Australia,Brisbane,REGIONAL,,,1,1,2022,2022,0
11922,8120414101521154741,Andrea Trout,United Kingdom,Manchester,REGIONAL,,,1,2,2022,2024,2
11923,7604138662271868446,Ellen Beth Abdi,United Kingdom,Manchester,REGIONAL,,,1,1,2022,2022,0
11924,6051096822931089564,Kacper Pieta,United Kingdom,Edinburgh,REGIONAL,,,1,1,2023,2023,0
11925,5435556996002743150,Ngaio,United Kingdom,West + Wales,REGIONAL,,,2,3,2018,2023,5
11926,2567696425623491103,Louie Vega,United States of America,New York City,TOP1000,,,2,2,2020,2024,4
11927,1835088056208139978,LSB (UK),United Kingdom,London,REGIONAL,,,2,2,2024,2025,1
11928,5570783456679652056,Bob Povey,United Kingdom,South + East,REGIONAL,,,1,1,2024,2024,0
11929,8308719153278880567,Natasha Diggs,United States of America,New York City,REGIONAL,,,2,2,2023,2025,2
11930,3674829255721305389,R.E.D,United Kingdom,London,REGIONAL,,,3,4,2023,2026,3
11931,115392368475102450,Sonem,United Kingdom,London,REGIONAL,,,1,2,2023,2025,2
11932,4553929622781148055,Charlie²,United Kingdom,London,REGIONAL,,,1,1,2024,2024,0
11933,9112768952973453586,tip top,United Kingdom,South + East,REGIONAL,,,1,2,2025,2026,1
11934,7948392787089819605,Miguel Campbell,United Kingdom,North,REGIONAL,,,3,3,2012,2026,14
11935,2812809305924945279,Marco Bernardi,United Kingdom,Scotland,REGIONAL,,,1,1,2013,2013,0
11936,626093768229477343,Monki,United Kingdom,London,REGIONAL,,,3,7,2013,2021,8
11937,8139801969251241542,Jessie Ware,,,,,,1,1,2015,2015,0
11938,6433954322649477541,Disciples,United Kingdom,London,REGIONAL,,,1,1,2015,2015,0
11939,1076555757457100552,Sherry S,United Kingdom,Midlands,REGIONAL,,,1,1,2016,2016,0
11940,5449410323625291867,DJ Luck,,,,,,1,1,2016,2016,0
11941,5706558440785400610,D*Minds,United Kingdom,West + Wales,REGIONAL,,,1,5,2017,2019,2
11942,99030504064821098,Dutchie,United Kingdom,Bristol,REGIONAL,,,1,2,2018,2019,1
11943,6672007306355685408,La Fleur,Sweden,All,TOP1000,,,2,2,2018,2018,0
11944,200006671395825913,Elderbrook,United Kingdom,London,REGIONAL,,,1,1,2018,2018,0
11945,8580982907514343903,Think Tonk,United Kingdom,Manchester,REGIONAL,,,1,1,2019,2019,0
11946,7929837722447235203,LF SYSTEM,United Kingdom,Glasgow,REGIONAL,,,2,2,2023,2025,2
11947,3638104959893185933,Fern (5),United Kingdom,Bristol,REGIONAL,,,1,1,2026,2026,0
11948,8835496375515337613,Manthrax,Malta,All,REGIONAL,,,1,7,2016,2026,10
11949,7240466059662677306,Matleb,Malta,All,REGIONAL,,,1,3,2018,2022,4
11950,3708207422180297311,Smokey,Denmark,Copenhagen,REGIONAL,,,1,1,2019,2019,0
11951,8434361031055595308,Matte (MT),Malta,All,REGIONAL,,,1,3,2022,2024,2
11952,4393171359407013186,Acidulant,Malta,All,REGIONAL,,,1,3,2023,2025,2
11953,9176674275123385240,Damz,Malta,All,REGIONAL,,,1,4,2023,2026,3
11954,4148877897063050102,Frederic.,Germany,Berlin,REGIONAL,,,1,6,2024,2026,2
11955,3945736853335931056,Indira Paganotto,Spain,Barcelona,REGIONAL,,,3,4,2023,2026,3
11956,2998400616083987880,2Aurora,Malta,All,REGIONAL,,,1,1,2024,2024,0
11957,906578265021390251,Reactant,Malta,All,REGIONAL,,,1,4,2024,2026,2
11958,6128817021669722913,CAIVA,Germany,Munich,REGIONAL,,,1,1,2024,2024,0
11959,7733547831452542932,Janis Zielinski,Germany,Hannover,REGIONAL,,,2,3,2024,2025,1
11960,7631886463301512947,Upper90,Australia,New South Wales,REGIONAL,,,2,5,2024,2026,2
11961,3799434935244718544,T-RAIL,Ireland,Dublin,REGIONAL,,,1,1,2025,2025,0
11962,8478916078007367846,WOLTERS,Australia,Melbourne,REGIONAL,,,1,1,2026,2026,0
11963,8116140255123427950,Funclab Collective,Italy,Milan,REGIONAL,,,1,1,2022,2022,0
11964,5457124238534335487,Venetta,Canada,Vancouver,REGIONAL,,,1,1,2023,2023,0
11965,3736882595637923420,ESHU,Netherlands,All,REGIONAL,,,2,5,2011,2025,14
11966,4027334460225382727,Zena-Rae,United States of America,Florida,REGIONAL,,,1,1,2025,2025,0
11967,5534751375999980577,Troy Gunner,United Kingdom,West + Wales,REGIONAL,,,1,1,2020,2020,0
11968,2635390105772152124,FUMU,United Kingdom,Manchester,REGIONAL,,,1,1,2022,2022,0
11969,4048391361069907912,JP (1),,,,,,1,1,2022,2022,0
11970,5035979272757151659,Lioness,Sweden,Stockholm,REGIONAL,,,1,1,2022,2022,0
11971,8438080436339940074,Pasta Kebab,United Kingdom,London,REGIONAL,,,1,1,2022,2022,0
11972,2049370153165197938,Saskia,Japan,Kanto,REGIONAL,,,1,1,2026,2026,0
11973,8635835517271884130,Stephen O'Malley,France,Paris,REGIONAL,,,1,1,2016,2016,0
11974,7550802028328331236,Electric Indigo,Austria,Vienna,TOP1000,,,1,1,2017,2017,0
11975,6794730595551758779,Moon Wheel,Sweden,All,REGIONAL,,,1,1,2017,2017,0
11976,2426922119764138804,Fennesz,Austria,All,REGIONAL,,,2,3,2017,2025,8
11977,2864641258307178108,Zesknel,Georgia,Tbilisi,REGIONAL,,,1,1,2022,2022,0
11978,5738572961902221180,MORT-MOI,France,South West,REGIONAL,,,2,3,2023,2026,3
11979,7577160549385010287,Assyouti,Egypt,All,REGIONAL,,,1,1,2025,2025,0
11980,6472168942982012242,Moesha 13,France,Marseille,REGIONAL,,,1,2,2026,2026,0
11981,6323183442209889334,Tanner Ross,United States of America,Massachusetts,REGIONAL,,,1,1,2014,2014,0
11982,7906516831374827621,Breach,United Kingdom,London,REGIONAL,,,2,3,2014,2015,1
11983,3997902090299937839,Abrão,Israel,All,REGIONAL,,,1,1,2018,2018,0
11984,4814613105942782699,Willaris. K,Australia,Melbourne,REGIONAL,,,1,1,2019,2019,0
11985,1004402160616707995,Praveen Achary,India,Bangalore,REGIONAL,,,1,3,2020,2024,4
11986,2541485316410109015,SEQU3L,India,Other regions,REGIONAL,,,1,3,2020,2025,5
11987,6667977852588384137,Nariki,India,Mumbai,REGIONAL,,,1,1,2023,2023,0
11988,1303192336002356631,Rico Casazza,United Kingdom,London,REGIONAL,,,1,1,2023,2023,0
11989,584580511423842268,Tinlicker,Netherlands,Utrecht,REGIONAL,,,1,2,2023,2023,0
11990,1230731273217806328,Souldynamic,Italy,Central,REGIONAL,,,1,1,2024,2024,0
11991,3372981827130114102,Master Shifu,India,Bangalore,REGIONAL,,,1,1,2024,2024,0
11992,9207904758594923635,Weird Sounding Dude,India,Bangalore,REGIONAL,,,1,1,2024,2024,0
11993,3219558643052506531,Mila Black,Netherlands,Amsterdam,REGIONAL,,,1,3,2024,2026,2
11994,2644149862347069160,Raven (CA),Canada,Toronto,REGIONAL,,,1,1,2024,2024,0
11995,1009568308679985834,Faustin (NL),Netherlands,Rotterdam,REGIONAL,,,1,2,2024,2025,1
11996,1651663828744069448,Les Premes,Chile,Santiago,REGIONAL,,,1,1,2024,2024,0
11997,8425264870147199373,Major League Djz,South Africa,All,REGIONAL,,,1,1,2024,2024,0
11998,4170739124594877201,VICTORIA (IT),Italy,Rome,REGIONAL,,,1,1,2025,2025,0
11999,262587673496015808,Dosem,Spain,Barcelona,TOP1000,,,3,4,2009,2025,16
12000,5106172795961548863,Niiomi,Netherlands,Amsterdam,REGIONAL,,,2,2,2025,2026,1
12001,7637226334330131856,Jasper Tygner,United Kingdom,London,REGIONAL,,,2,2,2023,2025,2
12002,566078040454601098,Benja,Switzerland,All,REGIONAL,,,1,1,2026,2026,0
12003,8478735502396007039,J.Rocc,United States of America,California,REGIONAL,,,1,1,2010,2010,0
12004,7318664085390041453,Gus Gus,Iceland,All,TOP1000,,,1,1,2010,2010,0
12005,8108822595054838679,Northern Structures,Denmark,All,REGIONAL,,,1,4,2011,2016,5
12006,2294669643266086254,Shield,Italy,North,REGIONAL,,,1,1,2011,2011,0
12007,6317535459170289517,Blagger,Denmark,All,REGIONAL,,,1,1,2011,2011,0
12008,3168604157088361750,Example,,,,,,1,1,2012,2012,0
12009,1402750056151701789,Riton,United Kingdom,London,REGIONAL,,,1,1,2013,2013,0
12010,1246547763953661517,Anek,Denmark,All,REGIONAL,,,1,2,2014,2019,5
12011,1070633893968844282,Crizzy,Denmark,All,REGIONAL,,,1,1,2015,2015,0
12012,8270631021263932894,SKAI,Germany,Frankfurt,REGIONAL,,,1,1,2016,2016,0
12013,6385426552530185062,Code Walk,Denmark,Copenhagen,REGIONAL,,,1,1,2017,2017,0
12014,4740634159269595198,Pusk,,,,,,1,6,2017,2026,9
12015,5533327476279425407,Nandu,Denmark,All,REGIONAL,,,1,2,2017,2025,8
12016,6591648587719938805,Ricq,Denmark,All,REGIONAL,,,1,2,2017,2022,5
12017,4881403217727096157,Kristian Andersen,Denmark,Copenhagen,REGIONAL,,,1,1,2018,2018,0
12018,8560892873000754395,Vincent Kirk,Denmark,All,REGIONAL,,,1,1,2018,2018,0
12019,6908084897562800331,Elias Gozal,Denmark,Copenhagen,REGIONAL,,,1,2,2018,2024,6
12020,5851075871951023099,Channel Tres,United States of America,California,REGIONAL,,,1,1,2019,2019,0
12021,5949488202749365489,Dgeral,Venezuela,All,REGIONAL,,,2,21,2021,2026,5
12022,3232230584238405872,James Lotion,Netherlands,The Hague,REGIONAL,,,2,21,2021,2026,5
12023,7418610500171733462,Lucy Headburn,Denmark,Copenhagen,REGIONAL,,,1,2,2022,2025,3
12024,8049520498238879879,Sivas,Germany,Cologne,REGIONAL,,,1,1,2022,2022,0
12025,6243566032935227786,Sparkly Pony,,,REGIONAL,,,2,21,2021,2026,5
12026,788140510654608706,Djuma Soundsystem,Norway,All,REGIONAL,,,1,1,2023,2023,0
12027,6461472495585292246,Haensen&Gretel,Germany,Berlin,REGIONAL,,,1,1,2023,2023,0
12028,8683057939278582630,Schwofdrossel,Germany,Hamburg,REGIONAL,,,1,1,2023,2023,0
12029,7660236179036778177,Baime,Denmark,Copenhagen,REGIONAL,,,1,1,2023,2023,0
12030,5258390124973212246,Jokke Ilsoe,Denmark,All,REGIONAL,,,1,1,2023,2023,0
12031,4484484705136461566,Katzengold,Germany,Berlin,REGIONAL,,,1,1,2023,2023,0
12032,3483746089036586946,Naturalize,Denmark,All,REGIONAL,,,1,1,2023,2023,0
12033,474760768245015693,Ditte Alexandra,Denmark,Copenhagen,REGIONAL,,,1,1,2024,2024,0
12034,9216764496498491664,Ida Aya,Denmark,Copenhagen,REGIONAL,,,1,1,2024,2024,0
12035,1275514475188845992,Grammar of Movement,Denmark,Aarhus,REGIONAL,,,1,1,2024,2024,0
12036,2720487174305493512,Ankjær,Denmark,Copenhagen,REGIONAL,,,1,1,2025,2025,0
12037,355426800239055804,svan solo,Denmark,Copenhagen,REGIONAL,,,1,1,2025,2025,0
12038,8486604308630991312,tadoh,Denmark,Copenhagen,REGIONAL,,,1,2,2025,2026,1
12039,3579937308720182700,Freya Rose,Denmark,All,REGIONAL,,,1,2,2025,2026,1
12040,3497019009359124351,Gavnlig,Denmark,Copenhagen,REGIONAL,,,1,1,2025,2025,0
12041,4402083578887412484,Just Emma,Germany,Schleswig-Holstein,REGIONAL,,,1,1,2026,2026,0
12042,3127918784212774908,Baltza,Poland,Warsaw,REGIONAL,,,1,1,2026,2026,0
12043,5649224422548949634,Danjo,Germany,Mannheim,REGIONAL,,,1,1,2026,2026,0
12044,6782068012748142603,¡Harty!,Denmark,Copenhagen,REGIONAL,,,1,1,2026,2026,0
12045,9133036726234072696,KOLO,United Kingdom,South + East,REGIONAL,,,1,1,2017,2017,0
12046,3103005973347522846,Stephanie Sykes,United Kingdom,Manchester,TOP1000,,,1,1,2022,2022,0
12047,2867449464902081717,Malaika,United Kingdom,London,REGIONAL,,,1,1,2022,2022,0
12048,961511492163009703,Palo Santo Discos,Netherlands,Amsterdam,REGIONAL,,,1,1,2023,2023,0
12049,5074381875197251054,Pandaudio,Kosovo,All,REGIONAL,,,1,1,2023,2023,0
12050,6692487400284852862,Asch Pintura,United States of America,New York City,REGIONAL,,,1,1,2023,2023,0
12051,1049669478614905245,Signal Ride,Albania,All,REGIONAL,,,1,1,2024,2024,0
12052,4096175623866480579,robek (UK),United Kingdom,London,REGIONAL,,,1,1,2024,2024,0
12053,3000044630593609148,Jacob Husley,United Kingdom,London,REGIONAL,,,1,1,2024,2024,0
12054,579970060128551904,Roni Amitai,,,REGIONAL,,,1,1,2024,2024,0
12055,356500678183724068,Eran Aviner,Belgium,All,REGIONAL,,,1,1,2015,2015,0
12056,8191865010100410836,Rone Akassri,Belgium,All,REGIONAL,,,1,1,2018,2018,0
12057,2684743111898243729,Kurashi Soundsystem,Curacao,All,REGIONAL,,,1,1,2024,2024,0
12058,5198959489330309917,Naima,Netherlands,Utrecht,REGIONAL,,,1,2,2025,2026,1
12059,8887097293986846998,Mama Yha Yha,Germany,Berlin,REGIONAL,,,2,3,2022,2023,1
12060,9113767628963087954,Tiño,France,Paris,REGIONAL,,,1,1,2023,2023,0
12061,1819222377059624843,Yuko Kakizawa,France,Paris,REGIONAL,,,1,1,2023,2023,0
12062,8347071140283351272,Life Recorder,France,South East,REGIONAL,,,1,1,2024,2024,0
12063,2937683179537145230,Hannah Laing,United Kingdom,Scotland,REGIONAL,,,2,2,2024,2024,0
12064,3098699237312228671,Alsi,Romania,All,REGIONAL,,,1,1,2017,2017,0
12065,4835588789098905312,Monkey Nenufar,Germany,Berlin,REGIONAL,,,1,1,2017,2017,0
12066,6605721042570795455,Mika Snickars,Sweden,All,REGIONAL,,,1,1,2019,2019,0
12067,2005590323689058917,Velv.93,Sweden,All,REGIONAL,,,2,2,2019,2023,4
12068,7763455004298624882,Salar Ansari,Iran,All,REGIONAL,,,1,1,2024,2024,0
12069,5997352843325990170,Jemmy,United Kingdom,North,REGIONAL,,,1,2,2010,2012,2
12070,5370402044926260691,Liam Webb,United Kingdom,London,REGIONAL,,,1,1,2010,2010,0
12071,6717080203334132282,Matt Rich,United Kingdom,London,REGIONAL,,,1,1,2011,2011,0
12072,61563044003650409,Pete James,United Kingdom,London,REGIONAL,,,1,6,2014,2024,10
12073,5432020099652759078,Trol2000,Portugal,Lisbon,REGIONAL,,,1,1,2017,2017,0
12074,4133190268104601013,Mâhfoud,Netherlands,Amsterdam,REGIONAL,,,1,1,2025,2025,0
12075,1201763506018949567,Nicolas (US),United States of America,Florida,REGIONAL,,,1,1,2022,2022,0
12076,955419019491438393,Nick Castle,United Kingdom,London,REGIONAL,,,1,1,2023,2023,0
12077,7633065412767682972,Philou,France,Paris,REGIONAL,,,1,2,2024,2024,0
12078,8467056305437896570,HNNY,Sweden,All,REGIONAL,,,1,1,2014,2014,0
12079,170550552661775253,Halina Rice,United Kingdom,London,REGIONAL,,,1,1,2025,2025,0
12080,7388038174580653327,Ron Albrecht,Germany,Berlin,REGIONAL,,,1,1,2017,2017,0
12081,9041182280114378084,Dwell,Germany,Nürnberg,REGIONAL,,,1,1,2018,2018,0
12082,3034572437987537246,Rob Spoljaric,Germany,Nürnberg,REGIONAL,,,1,1,2019,2019,0
12083,8996394272115824423,PRISMIC,Germany,Rhineland-Palatinate,REGIONAL,,,1,1,2020,2020,0
12084,8916638810932870409,I$A,Germany,Leipzig,REGIONAL,,,1,13,2021,2024,3
12085,8378425108689958262,Clonith Smidt,United Kingdom,Aberdeen,REGIONAL,,,1,7,2022,2026,4
12086,9220668032776540473,Reduks,Germany,Munich,REGIONAL,,,2,2,2025,2026,1
12087,442281135783985717,Mondaiji,Germany,Nürnberg,REGIONAL,,,1,1,2025,2025,0
12088,2805157521906642155,ALBA (3),Germany,Munich,REGIONAL,,,1,1,2026,2026,0
12089,3407214513801242618,Sofiia Zoloto,Ukraine,All,REGIONAL,,,1,1,2026,2026,0
12090,1962301663742920082,Artmann,Netherlands,Amsterdam,REGIONAL,,,1,8,2023,2025,2
12091,1709528076155175040,RUZE,United Kingdom,Midlands,REGIONAL,,,1,15,2023,2025,2
12092,4434136849285763742,Max Haas,Argentina,Buenos Aires,REGIONAL,,,1,3,2023,2025,2
12093,3732371689292605584,Hint of Lavender,United States of America,Los Angeles,REGIONAL,,,1,1,2024,2024,0
12094,1876962622206279611,Stef Davidse,Netherlands,Rotterdam,REGIONAL,,,2,2,2025,2026,1
12095,4669497369811035960,Klaudie,Czech Republic,Prague,REGIONAL,,,1,5,2025,2026,1
12096,3818340632728615228,Retrouve,Hungary,Budapest,REGIONAL,,,1,2,2025,2025,0
12097,1120032592849714819,Wendel Sield,Netherlands,Amsterdam,REGIONAL,,,1,1,2025,2025,0
12098,2230709242686970523,Sentiment,Switzerland,Zurich,REGIONAL,,,1,1,2017,2017,0
12099,1871817878155805618,Freedom Fighters,Israel,All,REGIONAL,,,1,1,2018,2018,0
12100,361680981158056483,Le Son Du Placard,France,Paris,REGIONAL,,,1,1,2019,2019,0
12101,9215344462011968753,ALT8,Ireland,All,REGIONAL,,,1,1,2023,2023,0
12102,9027028798055012650,Constantinos,France,East,REGIONAL,,,1,1,2023,2023,0
12103,6122000498799447849,BitterCaress,France,Paris,REGIONAL,,,1,1,2023,2023,0
12104,5713179788390809725,RAUMM,France,Paris,REGIONAL,,,1,1,2023,2023,0
12105,3267734510305523563,Nofraje,France,Lyon,REGIONAL,,,1,2,2024,2025,1
12106,4946534399662696577,Salem Unsigned,France,Paris,REGIONAL,,,1,1,2024,2024,0
12107,4717204849237617598,Cristobal,France,Paris,REGIONAL,,,1,1,2024,2024,0
12108,4483742881194629350,Soraä,France,Lyon,REGIONAL,,,1,1,2025,2025,0
12109,1237942000461456295,FLKN,France,South East,REGIONAL,,,1,1,2026,2026,0
12110,6121626230766882430,KX CHR,France,Paris,REGIONAL,,,1,1,2026,2026,0
12111,5634978376555098697,MogaDisco,United Kingdom,London,REGIONAL,,,1,2,2017,2018,1
12112,6361398030829047132,Dixon Avenue Basement Jams,United Kingdom,Scotland,REGIONAL,,,1,2,2017,2021,4
12113,3380827177661313282,kEczuP,Poland,All,REGIONAL,,,1,1,2016,2016,0
12114,8212418760313487463,CIOZ,Italy,Milan,REGIONAL,,,1,1,2025,2025,0
12115,5735384678681951494,Fibon,Poland,All,REGIONAL,,,1,1,2025,2025,0
12116,9045584817603369602,Glassz,Poland,Wroclaw,REGIONAL,,,1,1,2025,2025,0
12117,2399064326288143285,Viktor Birgiss,Iceland,All,REGIONAL,,,1,1,2025,2025,0
12118,5974929275929001115,Smokin Jo,United Kingdom,London,REGIONAL,,,1,1,2019,2019,0
12119,1669064710892336181,Kristen Knight,United States of America,Florida,REGIONAL,,,1,1,2019,2019,0
12120,1442461685842975795,Lorenz Rhode,Germany,Cologne,REGIONAL,,,1,1,2019,2019,0
12121,7229888990639891973,Dom Townsend,United Kingdom,North,REGIONAL,,,1,1,2020,2020,0
12122,5897815848465027153,Ali Love,United Kingdom,London,REGIONAL,,,1,1,2026,2026,0
12123,7189321583019908189,Jack Wostear,United Kingdom,London,REGIONAL,,,1,1,2026,2026,0
12124,3538722732344166640,Hanaby,Germany,Berlin,REGIONAL,,,1,1,2023,2023,0
12125,5668955353848203222,The Moon Baby,United States of America,Pennsylvania,REGIONAL,,,1,1,2024,2024,0
12126,4607728662821379662,Friedlander Collective,United Kingdom,London,REGIONAL,,,1,1,2022,2022,0
12127,2636133141981434716,Raw Shellac,United Kingdom,London,REGIONAL,,,1,2,2022,2023,1
12128,3596184313043167892,Stinkbug,United Kingdom,London,REGIONAL,,,2,3,2022,2025,3
12129,8295615400171344194,Danny Vito,United Kingdom,Manchester,REGIONAL,,,1,1,2023,2023,0
12130,3882379154007826632,Dom Carlo,United Kingdom,Nottingham,REGIONAL,,,1,1,2023,2023,0
12131,2973113662756460497,Madeline (UK),United Kingdom,London,REGIONAL,,,2,3,2023,2023,0
12132,4576948212557334107,Marie Guyot,United Kingdom,London,REGIONAL,,,1,3,2023,2025,2
12133,4522612648364104550,naylor,United Kingdom,London,REGIONAL,,,1,1,2023,2023,0
12134,1914143069842746415,Steamy Bumplings,United Kingdom,London,REGIONAL,,,1,1,2023,2023,0
12135,2196298632351088782,TC,United Kingdom,West + Wales,REGIONAL,,,1,1,2023,2023,0
12136,6547585690086246115,The Allergies,United Kingdom,London,REGIONAL,,,1,2,2025,2026,1
12137,4399813716290311150,Maslow Unknown,United Kingdom,London,REGIONAL,,,1,1,2026,2026,0
12138,4259667690663354335,Cotumo,Germany,Berlin,REGIONAL,,,1,5,2007,2009,2
12139,7016510917300743704,Jakooky,United Kingdom,West + Wales,REGIONAL,,,1,12,2008,2017,9
12140,6638380195119689464,Jitterbug,United Kingdom,London,REGIONAL,,,1,6,2009,2011,2
12141,6586969209466078708,RNDM,Austria,All,REGIONAL,,,1,1,2010,2010,0
12142,4502799812533743133,Steven Tang,United States of America,Chicago,REGIONAL,,,1,3,2011,2011,0
12143,9007487551273932084,Keinzweiter,Germany,Frankfurt,REGIONAL,,,1,3,2011,2011,0
12144,6754542247014526408,Russ Denman,United Kingdom,London,REGIONAL,,,1,3,2011,2011,0
12145,724763744162250991,Pendle Coven,United Kingdom,North,REGIONAL,,,1,3,2011,2011,0
12146,2192622877703668298,Pacou,Germany,Berlin,REGIONAL,,,1,1,2012,2012,0
12147,1697687729904315801,TVO,United Kingdom,Scotland,REGIONAL,,,1,1,2012,2012,0
12148,3990488205219484246,Mark Hand,United Kingdom,North,REGIONAL,,,1,7,2014,2022,8
12149,5207358186047390668,Sunil Sharpe,Ireland,All,TOP1000,,,2,5,2015,2021,6
12150,1817447186879735079,Second Storey,United Kingdom,West + Wales,REGIONAL,,,1,1,2015,2015,0
12151,4778073150353220212,Lowtec,Germany,Berlin,REGIONAL,,,2,3,2015,2025,10
12152,580797087692091527,Bill Kouligas,Germany,Berlin,REGIONAL,,,1,1,2016,2016,0
12153,4911330278986437965,Reg Williams,United Kingdom,Midlands,REGIONAL,,,1,2,2016,2019,3
12154,4387645057786224176,mono-poly (NL),Netherlands,Rotterdam,REGIONAL,,,1,1,2017,2017,0
12155,1825311244343580186,Arturas,United Kingdom,London,REGIONAL,,,1,1,2018,2018,0
12156,230021080710624849,Bleepfunk,,,,,,1,1,2018,2018,0
12157,8750437613294585755,Keplrr,United Kingdom,London,REGIONAL,,,2,2,2023,2023,0
12158,1797442207215527585,The Land Speed Record Department,United Kingdom,West + Wales,REGIONAL,,,1,2,2024,2026,2
12159,757043256690097629,Kia (DE),Germany,Frankfurt,REGIONAL,,,1,1,2026,2026,0
12160,7165791522793718729,Mouloud,France,Paris,REGIONAL,,,1,1,2026,2026,0
12161,2791023949852970567,Konman,Austria,Vienna,REGIONAL,,,1,3,2023,2026,3
12162,5579381744440755746,Orlando Voorn,Netherlands,Amsterdam,REGIONAL,,,1,1,2023,2023,0
12163,5563514815677433618,sianza,Germany,Munich,REGIONAL,,,2,5,2023,2026,3
12164,5746670462623962481,Alice (AT),Austria,All,REGIONAL,,,1,4,2024,2026,2
12165,7375813425735899807,Yanther,,,REGIONAL,,,1,1,2025,2025,0
12166,6125655718253376875,VOE,Germany,Munich,REGIONAL,,,1,1,2025,2025,0
12167,4735275802177107467,Luis Tischer,Germany,Munich,REGIONAL,,,1,1,2026,2026,0
12168,8265577849216241028,Sol Ortega,Argentina,Buenos Aires,REGIONAL,,,1,1,2026,2026,0
12169,2572126877047209948,Barem,Argentina,All,REGIONAL,,,1,1,2017,2017,0
12170,332335005393624578,Zentex,Portugal,Lisbon,REGIONAL,,,1,1,2017,2017,0
12171,95603811737100176,Jmcee,Australia,Melbourne,REGIONAL,,,1,3,2018,2022,4
12172,5140988745047103511,Photay,United States of America,New York City,REGIONAL,,,1,1,2018,2018,0
12173,8642711501501104146,Serafin,,,REGIONAL,,,1,3,2019,2023,4
12174,5092695953670945797,Lukid,United Kingdom,London,REGIONAL,,,1,1,2020,2020,0
12175,4373788670999698151,Zoi (CA),Canada,Toronto,REGIONAL,,,1,1,2022,2022,0
12176,131182212594405076,Gin,,,,,,1,1,2023,2023,0
12177,3886325426687923388,Losoul,Germany,Frankfurt,REGIONAL,,,1,1,2023,2023,0
12178,4064263244939204504,Ana Pacheco,Portugal,Porto,REGIONAL,,,1,1,2023,2023,0
12179,1717351666907475042,G76,,,,,,1,1,2023,2023,0
12180,3417387132333227798,Zengxrl,Portugal,Lisbon,REGIONAL,,,1,1,2023,2023,0
12181,1863403030188297597,ALiNA,Germany,Frankfurt,REGIONAL,,,1,1,2024,2024,0
12182,8109226689309018119,Lou Drago,Germany,Berlin,REGIONAL,,,1,1,2024,2024,0
12183,6348321616261131162,Gizem Öz,Netherlands,Amsterdam,REGIONAL,,,1,2,2024,2025,1
12184,4065507049064552049,funcionário,Portugal,Lisbon,REGIONAL,,,1,1,2025,2025,0
12185,7929733421772680211,Rafael Toral,Portugal,All,REGIONAL,,,1,1,2025,2025,0
12186,6233442728377167125,Pedro Ricardo,Portugal,Porto,REGIONAL,,,1,1,2025,2025,0
12187,7206409758570608033,Hot Blood,,,,,,1,3,2018,2021,3
12188,7895121745184127868,Tayls,,,,,,1,2,2018,2021,3
12189,6531671013095525128,Tom Jay,,,,,,1,1,2018,2018,0
12190,7292691891800588592,Frankie Valentine,,,,,,1,1,2019,2019,0
12191,9170453886758108076,Yoru,,,,,,1,1,2019,2019,0
12192,2573922014528724371,Bear Winder,,,,,,1,1,2021,2021,0
12193,9201791573331231465,JOLY,,,,,,1,1,2022,2022,0
12194,5693358751127456976,Shuffle 'n' Swing,,,,,,1,2,2022,2023,1
12195,542619650884203623,Sonice,,,,,,1,1,2022,2022,0
12196,9200172820347441267,Wednesday,,,,,,1,3,2022,2026,4
12197,3187382662452749378,yourboykiran,,,,,,1,2,2022,2024,2
12198,7199941020043502245,Creole Cuts,,,,,,1,1,2023,2023,0
12199,5368753147636394345,Korzi,,,,,,1,1,2023,2023,0
12200,6682165701577778198,Nicola Mannini,,,,,,1,3,2023,2026,3
12201,2636333973445549880,Sachana,,,,,,1,1,2023,2023,0
12202,461707377952159982,GoodMostlyBad,,,,,,1,1,2023,2023,0
12203,4577769924991817364,Ling,,,,,,1,1,2024,2024,0
12204,858155344268188278,Niceup,,,,,,1,1,2024,2024,0
12205,843128041200354048,Gabriel Finch,,,,,,1,1,2025,2025,0
12206,3081464665125248990,Hot Cross Fun,,,,,,1,1,2025,2025,0
12207,2822121744108179730,Lotus Phaze,,,,,,1,1,2025,2025,0
12208,4405196768963112577,U-BEND,,,,,,1,1,2025,2025,0
12209,1014022000556846190,Osmaan,,,,,,1,1,2026,2026,0
12210,8646038640129263356,pH Project,Netherlands,Amsterdam,REGIONAL,,,1,1,2023,2023,0
12211,4886557935223228486,Shepherd,,,,,,1,1,2023,2023,0
12212,2424261428431057402,Astronaut,,,,,,1,1,2024,2024,0
12213,6180487798354626513,Bonne Reijn,,,,,,1,1,2024,2024,0
12214,3637877999100597720,CHALÉ,,,,,,1,1,2024,2024,0
12215,4849937309786067477,Lolo Batten,,,,,,1,1,2024,2024,0
12216,8481367065410796775,Roland Cristal,,,,,,1,1,2026,2026,0
12217,7312905642848746638,Unreal Vibes,,,,,,1,1,2026,2026,0
12218,3393209950642077225,sepypes,,,,,,1,1,2026,2026,0
12219,6193302537502318066,Bianca Intensa,,,,,,1,1,2026,2026,0
12220,4039883004146926664,Quinton Campbell,,,,,,1,3,2016,2018,2
12221,1006735944555190062,JC Williams,,,,,,1,1,2016,2016,0
12222,6772857630810024400,The Cyclist,,,,,,1,1,2017,2017,0
12223,8387498624887912222,Bekuz x InFlux,,,,,,1,1,2019,2019,0
12224,1330980062168362425,Kwame Daniels,,,,,,1,2,2021,2022,1
12225,4187752300959964047,TainT,,,,,,1,1,2021,2021,0
12226,109903711501955216,Saytek,,,,,,1,1,2023,2023,0
12227,7544612497633362097,CIAN__,,,,,,1,5,2024,2026,2
12228,6862811354326862661,Clouds,United Kingdom,Scotland,TOP1000,,,2,5,2014,2025,11
12229,150557802483843665,Chris Flannigan,,,,,,1,2,2025,2026,1
12230,5763149913046462460,FKA twigs,,,,,,2,2,2020,2025,5
12231,8735315797506054290,Masego,,,,,,1,1,2018,2018,0
12232,8804818942125751626,Hu-Sane,,,,,,1,1,2025,2025,0
12233,4660917897009951154,Gohan,,,,,,1,2,2007,2013,6
12234,5727459425903838162,Rogier Zeebregts,,,,,,1,1,2009,2009,0
12235,1412540326872512012,Camiel,,,,,,1,1,2011,2011,0
12236,8339918227023812928,Roel Zweers,,,,,,1,3,2017,2019,2
12237,9205492085067337910,Privacy,,,,,,1,1,2019,2019,0
12238,2705688697499963023,OZUM,,,,,,1,1,2022,2022,0
12239,8078832271114301866,Left Bank,,,,,,1,1,2023,2023,0
12240,3490892344128382672,Former Child,,,,,,1,1,2024,2024,0
12241,3021637410030302211,Dave Nunes,,,,,,1,1,2024,2024,0
12242,3844043528969343243,Esch,,,,,,1,4,2024,2026,2
12243,1107735458201553852,Mauro Moreno,,,,,,1,1,2024,2024,0
12244,6926318701469867836,mance,,,,,,1,1,2025,2025,0
12245,1789177757538185232,Dean (NL),,,,,,1,1,2026,2026,0
12246,5613503449436576738,Giancarlino,,,,,,1,1,2026,2026,0
12247,7485176809509379796,Celestial Trax,,,,,,1,1,2019,2019,0
12248,8526799991707093768,Skooge,,,,,,1,1,2019,2019,0
12249,8636794514433705277,DJ Lifegoals,,,,,,1,2,2020,2022,2
12250,461203515372968091,Juho Kusti,,,,,,1,1,2020,2020,0
12251,5870753383152104849,Helmz,,,,,,1,1,2023,2023,0
12252,1231150791863337348,Jori Hulkkonen,,,,,,1,3,2024,2026,2
12253,2002845833475074684,Kinzua,,,,,,1,1,2024,2024,0
12254,802860025766918721,Miss Jay (RO),,,,,,1,1,2026,2026,0
12255,2579135905228240250,Krause Duo,Germany,Jena,REGIONAL,,,1,1,2005,2005,0
12256,1240896536461495386,Oliver Kucera,Netherlands,Amsterdam,REGIONAL,,,1,1,2006,2006,0
12257,6699059243208469340,Dave Miller,Netherlands,All,REGIONAL,,,1,1,2007,2007,0
12258,3372676765772024654,Christian Fischer,Germany,Leipzig,REGIONAL,,,1,1,2007,2007,0
12259,5654380066527320649,John Selway,United States of America,New York City,REGIONAL,,,1,1,2008,2008,0
12260,8086071657694823262,Alex Kvitta,Germany,Frankfurt,REGIONAL,,,1,1,2009,2009,0
12261,359762701617702507,DAVE the Drummer,United Kingdom,South + East,REGIONAL,,,1,1,2010,2010,0
12262,1496820322069315226,DJ Murphy,Brazil,All,REGIONAL,,,1,1,2012,2012,0
12263,2652386170132917158,Mike Drama,Netherlands,Rotterdam,REGIONAL,,,1,1,2015,2015,0
12264,6169302296755855765,Julyukie,Brazil,All,REGIONAL,,,1,1,2015,2015,0
12265,5484717719323271294,Exos,Iceland,All,TOP1000,,,1,1,2016,2016,0
12266,2599525068806085402,DJ Madskillz,Netherlands,Amsterdam,REGIONAL,,,1,1,2016,2016,0
12267,6171021537375558682,Bram Fidder,Netherlands,Amsterdam,REGIONAL,,,1,1,2016,2016,0
12268,7162831833583239460,Darling,Netherlands,Amsterdam,REGIONAL,,,1,1,2017,2017,0
12269,8298650448900301050,Tomy DeClerque,Slovenia,All,REGIONAL,,,1,1,2018,2018,0
12270,8856089810076610170,Ares Carter,United States of America,New York City,REGIONAL,,,1,1,2026,2026,0
12271,5371699367470422433,SAMOH,Netherlands,Rotterdam,REGIONAL,,,1,1,2026,2026,0
12272,2802825566164404415,Cybersex,Netherlands,Amsterdam,REGIONAL,,,1,3,2024,2026,2
12273,9195564435253287695,Holden Federico,United States of America,New York City,REGIONAL,,,1,1,2025,2025,0
12274,7135705835173123814,Varuna Agosti,Netherlands,Amsterdam,REGIONAL,,,1,1,2026,2026,0
